id,ticker,timestamp,price_timestamp,price_up,multi_modal_prob,prediction,actual,signal
3597,AAPL,2023-01-01 02:45:00,2023-01-01 02:59:00,0,0.06388571,0,0,Sell
4513,AAPL,2023-01-02 07:02:00,2023-01-02 07:22:00,0,0.07230983,0,0,Sell
4547,AAPL,2023-01-02 10:34:00,2023-01-02 10:57:00,1,0.8905639,1,1,Buy
5246,AAPL,2023-01-03 05:20:00,2023-01-03 05:43:00,1,0.91383433,1,1,Buy
4253,AAPL,2023-01-03 13:04:00,2023-01-03 13:15:00,0,0.413041,0,0,Hold
674,AAPL,2023-01-03 14:09:00,2023-01-03 14:37:00,0,0.053466495,0,0,Sell
5816,AAPL,2023-01-03 19:09:00,2023-01-03 19:22:00,0,0.062456176,0,0,Sell
5655,AAPL,2023-01-03 19:27:00,2023-01-03 19:47:00,0,0.5012655,1,0,Hold
4291,AAPL,2023-01-03 21:02:00,2023-01-03 21:30:00,0,0.04833857,0,0,Sell
9197,AAPL,2023-01-04 02:35:00,2023-01-04 02:47:00,1,0.8831895,1,1,Buy
9449,AAPL,2023-01-04 05:00:00,2023-01-04 05:19:00,0,0.060739156,0,0,Sell
1976,AAPL,2023-01-04 14:30:00,2023-01-04 14:36:00,1,0.481829,0,1,Hold
4771,AAPL,2023-01-04 14:50:00,2023-01-04 15:01:00,0,0.061001983,0,0,Sell
2029,AAPL,2023-01-04 15:42:00,2023-01-04 15:51:00,0,0.06774762,0,0,Sell
5335,AAPL,2023-01-05 18:17:00,2023-01-05 18:47:00,1,0.6175346,1,1,Buy
8681,AAPL,2023-01-06 12:08:00,2023-01-06 12:14:00,0,0.37269026,0,0,Sell
6410,AAPL,2023-01-07 11:51:00,2023-01-07 12:11:00,1,0.91671133,1,1,Buy
9923,AAPL,2023-01-07 13:32:00,2023-01-07 13:57:00,0,0.060541026,0,0,Sell
6136,AAPL,2023-01-08 00:54:00,2023-01-08 01:10:00,0,0.094706684,0,0,Sell
6415,AAPL,2023-01-08 20:40:00,2023-01-08 21:04:00,0,0.05393576,0,0,Sell
7400,AAPL,2023-01-09 06:46:00,2023-01-09 06:56:00,0,0.3861185,0,0,Sell
3866,AAPL,2023-01-09 08:20:00,2023-01-09 08:31:00,0,0.06398274,0,0,Sell
978,AAPL,2023-01-10 05:15:00,2023-01-10 05:33:00,0,0.061420634,0,0,Sell
2026,AAPL,2023-01-10 10:03:00,2023-01-10 10:17:00,1,0.8525985,1,1,Buy
9728,AAPL,2023-01-10 11:05:00,2023-01-10 11:29:00,0,0.8854107,1,0,Buy
6664,AAPL,2023-01-11 01:13:00,2023-01-11 01:38:00,0,0.05844424,0,0,Sell
7546,AAPL,2023-01-11 05:22:00,2023-01-11 05:31:00,1,0.8974645,1,1,Buy
9615,AAPL,2023-01-11 07:45:00,2023-01-11 08:13:00,1,0.3819702,0,1,Sell
9487,AAPL,2023-01-11 16:05:00,2023-01-11 16:20:00,0,0.8807843,1,0,Buy
2799,AAPL,2023-01-12 21:18:00,2023-01-12 21:35:00,1,0.94228166,1,1,Buy
6050,AAPL,2023-01-13 00:03:00,2023-01-13 00:32:00,0,0.09972111,0,0,Sell
8882,AAPL,2023-01-14 01:29:00,2023-01-14 01:37:00,1,0.9307871,1,1,Buy
7252,AAPL,2023-01-14 04:58:00,2023-01-14 05:07:00,1,0.9250276,1,1,Buy
5998,AAPL,2023-01-14 06:54:00,2023-01-14 07:19:00,1,0.50841147,1,1,Hold
7665,AAPL,2023-01-15 14:31:00,2023-01-15 14:44:00,1,0.95085216,1,1,Buy
4017,AAPL,2023-01-16 06:10:00,2023-01-16 06:39:00,0,0.5559448,1,0,Hold
2794,AAPL,2023-01-17 06:41:00,2023-01-17 07:03:00,1,0.70105606,1,1,Buy
825,AAPL,2023-01-17 09:21:00,2023-01-17 09:43:00,1,0.41467217,0,1,Hold
4371,AAPL,2023-01-18 06:28:00,2023-01-18 06:58:00,0,0.14806528,0,0,Sell
548,AAPL,2023-01-18 13:53:00,2023-01-18 14:00:00,1,0.9422839,1,1,Buy
2098,AAPL,2023-01-18 15:24:00,2023-01-18 15:44:00,1,0.92941254,1,1,Buy
8774,AAPL,2023-01-19 08:57:00,2023-01-19 09:17:00,1,0.93141514,1,1,Buy
8828,AAPL,2023-01-19 19:45:00,2023-01-19 20:04:00,1,0.9622392,1,1,Buy
9722,AAPL,2023-01-20 12:26:00,2023-01-20 12:47:00,1,0.5827461,1,1,Hold
2109,AAPL,2023-01-20 12:40:00,2023-01-20 13:00:00,1,0.94818705,1,1,Buy
1353,AAPL,2023-01-21 18:22:00,2023-01-21 18:48:00,1,0.4619853,0,1,Hold
7243,AAPL,2023-01-21 23:08:00,2023-01-21 23:23:00,0,0.07369568,0,0,Sell
4014,AAPL,2023-01-22 05:17:00,2023-01-22 05:27:00,0,0.43466875,0,0,Hold
1658,AAPL,2023-01-22 21:46:00,2023-01-22 21:58:00,0,0.2011357,0,0,Sell
1487,AAPL,2023-01-23 02:29:00,2023-01-23 02:49:00,0,0.056220226,0,0,Sell
6707,AAPL,2023-01-23 11:28:00,2023-01-23 11:47:00,1,0.21413665,0,1,Sell
5168,AAPL,2023-01-23 13:50:00,2023-01-23 13:59:00,1,0.6185367,1,1,Buy
3360,AAPL,2023-01-24 00:18:00,2023-01-24 00:38:00,0,0.23788145,0,0,Sell
4850,AAPL,2023-01-24 12:49:00,2023-01-24 13:11:00,0,0.685161,1,0,Buy
4827,AAPL,2023-01-25 02:50:00,2023-01-25 03:15:00,1,0.4535535,0,1,Hold
544,AAPL,2023-01-26 05:33:00,2023-01-26 05:47:00,1,0.07972649,0,1,Sell
2811,AAPL,2023-01-27 00:27:00,2023-01-27 00:48:00,0,0.102647886,0,0,Sell
852,AAPL,2023-01-27 03:02:00,2023-01-27 03:15:00,0,0.06671918,0,0,Sell
8516,AAPL,2023-01-27 12:33:00,2023-01-27 13:03:00,1,0.06860261,0,1,Sell
3665,AAPL,2023-01-27 12:42:00,2023-01-27 12:49:00,0,0.5179628,1,0,Hold
1886,AAPL,2023-01-27 16:57:00,2023-01-27 17:22:00,0,0.04655085,0,0,Sell
7517,AAPL,2023-01-27 18:16:00,2023-01-27 18:46:00,0,0.067419656,0,0,Sell
8103,AAPL,2023-01-27 23:05:00,2023-01-27 23:27:00,1,0.92830646,1,1,Buy
2828,AAPL,2023-01-28 08:48:00,2023-01-28 09:11:00,1,0.92875004,1,1,Buy
8915,AAPL,2023-01-28 23:57:00,2023-01-29 00:13:00,0,0.553909,1,0,Hold
3004,AAPL,2023-01-29 04:48:00,2023-01-29 05:07:00,1,0.9232427,1,1,Buy
926,AAPL,2023-01-29 13:07:00,2023-01-29 13:22:00,1,0.95109,1,1,Buy
6793,AAPL,2023-01-29 14:58:00,2023-01-29 15:28:00,0,0.09560672,0,0,Sell
31,AAPL,2023-01-30 01:21:00,2023-01-30 01:39:00,0,0.40958688,0,0,Hold
3011,AAPL,2023-01-30 01:40:00,2023-01-30 01:49:00,1,0.8966967,1,1,Buy
4764,AAPL,2023-01-30 06:45:00,2023-01-30 07:09:00,1,0.5382311,1,1,Hold
567,AAPL,2023-01-30 11:12:00,2023-01-30 11:20:00,0,0.07316854,0,0,Sell
811,AAPL,2023-01-30 20:14:00,2023-01-30 20:19:00,1,0.49685526,0,1,Hold
9261,AAPL,2023-01-31 07:14:00,2023-01-31 07:34:00,1,0.9349182,1,1,Buy
1542,AAPL,2023-01-31 17:35:00,2023-01-31 17:55:00,1,0.9490128,1,1,Buy
9338,AAPL,2023-02-01 05:51:00,2023-02-01 06:07:00,1,0.397688,0,1,Sell
3923,AAPL,2023-02-01 06:08:00,2023-02-01 06:15:00,0,0.09990022,0,0,Sell
4329,AAPL,2023-02-01 06:30:00,2023-02-01 06:35:00,0,0.07645679,0,0,Sell
7733,AAPL,2023-02-03 23:14:00,2023-02-03 23:35:00,1,0.44920358,0,1,Hold
4027,AAPL,2023-02-04 14:29:00,2023-02-04 14:38:00,0,0.05939847,0,0,Sell
9121,AAPL,2023-02-04 20:36:00,2023-02-04 20:47:00,1,0.9203237,1,1,Buy
9207,AAPL,2023-02-04 21:05:00,2023-02-04 21:15:00,0,0.048953727,0,0,Sell
9371,AAPL,2023-02-04 23:43:00,2023-02-05 00:11:00,1,0.44505385,0,1,Hold
4442,AAPL,2023-02-05 22:20:00,2023-02-05 22:40:00,0,0.4869477,0,0,Hold
932,AAPL,2023-02-06 18:43:00,2023-02-06 19:00:00,1,0.59626526,1,1,Hold
7893,AAPL,2023-02-06 22:22:00,2023-02-06 22:49:00,0,0.8819114,1,0,Buy
1695,AAPL,2023-02-08 11:35:00,2023-02-08 11:52:00,1,0.3694246,0,1,Sell
8086,AAPL,2023-02-10 03:57:00,2023-02-10 04:22:00,0,0.4081627,0,0,Hold
76,AAPL,2023-02-10 11:46:00,2023-02-10 12:03:00,0,0.54664487,1,0,Hold
4556,AAPL,2023-02-11 21:52:00,2023-02-11 22:02:00,0,0.04780411,0,0,Sell
8722,AAPL,2023-02-12 04:34:00,2023-02-12 05:03:00,1,0.93800116,1,1,Buy
3657,AAPL,2023-02-12 08:15:00,2023-02-12 08:42:00,0,0.9207314,1,0,Buy
4261,AAPL,2023-02-12 17:43:00,2023-02-12 18:05:00,1,0.9528877,1,1,Buy
2330,AAPL,2023-02-12 22:03:00,2023-02-12 22:30:00,1,0.6353177,1,1,Buy
5339,AAPL,2023-02-13 02:01:00,2023-02-13 02:13:00,0,0.11363906,0,0,Sell
7809,AAPL,2023-02-13 12:23:00,2023-02-13 12:34:00,0,0.06782251,0,0,Sell
6343,AAPL,2023-02-14 12:46:00,2023-02-14 13:15:00,1,0.92135555,1,1,Buy
3208,AAPL,2023-02-14 15:02:00,2023-02-14 15:24:00,0,0.4528869,0,0,Hold
2658,AAPL,2023-02-14 22:03:00,2023-02-14 22:28:00,1,0.33181638,0,1,Sell
4662,AAPL,2023-02-15 05:15:00,2023-02-15 05:31:00,0,0.07754136,0,0,Sell
316,AAPL,2023-02-15 07:35:00,2023-02-15 07:50:00,1,0.8919943,1,1,Buy
6865,AAPL,2023-02-15 18:41:00,2023-02-15 18:52:00,0,0.36956155,0,0,Sell
7756,AAPL,2023-02-15 21:12:00,2023-02-15 21:36:00,0,0.44181523,0,0,Hold
1113,AAPL,2023-02-16 00:44:00,2023-02-16 01:01:00,0,0.17864203,0,0,Sell
2867,AAPL,2023-02-16 09:00:00,2023-02-16 09:21:00,1,0.59068537,1,1,Hold
1101,AAPL,2023-02-16 10:00:00,2023-02-16 10:11:00,0,0.7122668,1,0,Buy
1017,AAPL,2023-02-16 21:45:00,2023-02-16 21:55:00,1,0.9236683,1,1,Buy
8385,AAPL,2023-02-17 11:01:00,2023-02-17 11:17:00,1,0.9375735,1,1,Buy
4398,AAPL,2023-02-17 15:04:00,2023-02-17 15:14:00,1,0.71739835,1,1,Buy
377,AAPL,2023-02-18 05:47:00,2023-02-18 06:13:00,1,0.5888206,1,1,Hold
4034,AAPL,2023-02-18 06:02:00,2023-02-18 06:30:00,1,0.930783,1,1,Buy
4108,AAPL,2023-02-18 12:29:00,2023-02-18 12:46:00,1,0.9471158,1,1,Buy
1392,AAPL,2023-02-18 16:06:00,2023-02-18 16:13:00,0,0.080130965,0,0,Sell
5731,AAPL,2023-02-18 20:01:00,2023-02-18 20:12:00,1,0.9350419,1,1,Buy
6197,AAPL,2023-02-19 17:09:00,2023-02-19 17:23:00,0,0.41062754,0,0,Hold
5975,AAPL,2023-02-20 18:36:00,2023-02-20 19:02:00,0,0.26962158,0,0,Sell
736,AAPL,2023-02-21 06:07:00,2023-02-21 06:23:00,1,0.6146886,1,1,Buy
2678,AAPL,2023-02-21 08:00:00,2023-02-21 08:10:00,1,0.41859898,0,1,Hold
9734,AAPL,2023-02-21 20:17:00,2023-02-21 20:37:00,1,0.9257119,1,1,Buy
4674,AAPL,2023-02-22 03:53:00,2023-02-22 04:08:00,0,0.55387723,1,0,Hold
5133,AAPL,2023-02-22 05:11:00,2023-02-22 05:35:00,0,0.3895083,0,0,Sell
6993,AAPL,2023-02-22 05:29:00,2023-02-22 05:59:00,0,0.080650836,0,0,Sell
7215,AAPL,2023-02-22 06:02:00,2023-02-22 06:27:00,1,0.9258251,1,1,Buy
8842,AAPL,2023-02-22 08:00:00,2023-02-22 08:23:00,1,0.93115604,1,1,Buy
867,AAPL,2023-02-22 11:54:00,2023-02-22 12:24:00,0,0.07578103,0,0,Sell
4782,AAPL,2023-02-22 17:35:00,2023-02-22 17:55:00,1,0.94786245,1,1,Buy
667,AAPL,2023-02-24 04:23:00,2023-02-24 04:29:00,0,0.2872277,0,0,Sell
7555,AAPL,2023-02-24 17:00:00,2023-02-24 17:05:00,1,0.9312771,1,1,Buy
816,AAPL,2023-02-24 17:19:00,2023-02-24 17:49:00,1,0.95203406,1,1,Buy
2036,AAPL,2023-02-24 22:17:00,2023-02-24 22:35:00,0,0.0858137,0,0,Sell
7082,AAPL,2023-02-25 15:45:00,2023-02-25 16:04:00,1,0.9534351,1,1,Buy
2974,AAPL,2023-02-26 06:01:00,2023-02-26 06:31:00,0,0.08523896,0,0,Sell
973,AAPL,2023-02-26 10:25:00,2023-02-26 10:33:00,0,0.34273204,0,0,Sell
4825,AAPL,2023-02-26 21:38:00,2023-02-26 21:44:00,0,0.04116901,0,0,Sell
4443,AAPL,2023-02-27 01:22:00,2023-02-27 01:44:00,0,0.4161424,0,0,Hold
3674,AAPL,2023-02-27 17:13:00,2023-02-27 17:26:00,0,0.062032,0,0,Sell
5333,AAPL,2023-02-28 19:13:00,2023-02-28 19:34:00,1,0.2656167,0,1,Sell
464,AAPL,2023-03-01 18:16:00,2023-03-01 18:21:00,0,0.03099336,0,0,Sell
4497,AAPL,2023-03-01 18:57:00,2023-03-01 19:15:00,1,0.8669192,1,1,Buy
9783,AAPL,2023-03-01 22:16:00,2023-03-01 22:21:00,0,0.39171016,0,0,Sell
8326,AAPL,2023-03-02 00:23:00,2023-03-02 00:46:00,1,0.27323428,0,1,Sell
8066,AAPL,2023-03-02 17:08:00,2023-03-02 17:38:00,1,0.9163137,1,1,Buy
8203,AAPL,2023-03-03 08:41:00,2023-03-03 08:50:00,0,0.24267256,0,0,Sell
3578,AAPL,2023-03-03 14:35:00,2023-03-03 15:03:00,0,0.9019059,1,0,Buy
9269,AAPL,2023-03-04 06:26:00,2023-03-04 06:37:00,0,0.7468171,1,0,Buy
5838,AAPL,2023-03-04 09:10:00,2023-03-04 09:20:00,0,0.048559565,0,0,Sell
7279,AAPL,2023-03-04 18:15:00,2023-03-04 18:42:00,0,0.041555036,0,0,Sell
6120,AAPL,2023-03-05 02:56:00,2023-03-05 03:01:00,0,0.065094866,0,0,Sell
343,AAPL,2023-03-05 05:05:00,2023-03-05 05:20:00,1,0.84499794,1,1,Buy
200,AAPL,2023-03-05 08:47:00,2023-03-05 08:54:00,0,0.048348553,0,0,Sell
8495,AAPL,2023-03-05 18:18:00,2023-03-05 18:35:00,1,0.9287795,1,1,Buy
6712,AAPL,2023-03-06 11:23:00,2023-03-06 11:29:00,0,0.0733612,0,0,Sell
5109,AAPL,2023-03-07 10:55:00,2023-03-07 11:22:00,1,0.9424281,1,1,Buy
5521,AAPL,2023-03-07 12:16:00,2023-03-07 12:42:00,1,0.08423851,0,1,Sell
1074,AAPL,2023-03-08 03:17:00,2023-03-08 03:28:00,1,0.94206625,1,1,Buy
5443,AAPL,2023-03-10 09:15:00,2023-03-10 09:21:00,0,0.071565785,0,0,Sell
8603,AAPL,2023-03-10 22:03:00,2023-03-10 22:14:00,0,0.108599074,0,0,Sell
8079,AAPL,2023-03-10 22:12:00,2023-03-10 22:29:00,1,0.95756024,1,1,Buy
5125,AAPL,2023-03-11 06:11:00,2023-03-11 06:37:00,0,0.32026422,0,0,Sell
3376,AAPL,2023-03-11 20:10:00,2023-03-11 20:28:00,1,0.94805115,1,1,Buy
1204,AAPL,2023-03-12 03:26:00,2023-03-12 03:56:00,1,0.92354053,1,1,Buy
6048,AAPL,2023-03-12 21:16:00,2023-03-12 21:37:00,0,0.5342267,1,0,Hold
121,AAPL,2023-03-12 22:42:00,2023-03-12 22:50:00,1,0.61982703,1,1,Buy
1831,AAPL,2023-03-12 23:38:00,2023-03-12 23:47:00,1,0.9552577,1,1,Buy
5848,AAPL,2023-03-13 08:30:00,2023-03-13 08:57:00,0,0.09208451,0,0,Sell
5050,AAPL,2023-03-13 22:01:00,2023-03-13 22:10:00,0,0.09505812,0,0,Sell
5603,AAPL,2023-03-13 22:27:00,2023-03-13 22:43:00,1,0.9556632,1,1,Buy
4243,AAPL,2023-03-14 02:17:00,2023-03-14 02:44:00,0,0.11675862,0,0,Sell
2763,AAPL,2023-03-15 06:29:00,2023-03-15 06:48:00,0,0.6260292,1,0,Buy
60,AAPL,2023-03-15 15:42:00,2023-03-15 15:51:00,0,0.07694164,0,0,Sell
9277,AAPL,2023-03-15 20:29:00,2023-03-15 20:45:00,0,0.2843098,0,0,Sell
6558,AAPL,2023-03-15 21:47:00,2023-03-15 22:00:00,0,0.0471237,0,0,Sell
5120,AAPL,2023-03-16 02:24:00,2023-03-16 02:29:00,0,0.8743095,1,0,Buy
6210,AAPL,2023-03-16 09:03:00,2023-03-16 09:10:00,0,0.38296905,0,0,Sell
8660,AAPL,2023-03-16 11:03:00,2023-03-16 11:27:00,1,0.90004706,1,1,Buy
1286,AAPL,2023-03-16 17:08:00,2023-03-16 17:16:00,1,0.95257914,1,1,Buy
756,AAPL,2023-03-16 22:37:00,2023-03-16 22:56:00,1,0.3798026,0,1,Sell
1979,AAPL,2023-03-17 10:15:00,2023-03-17 10:40:00,0,0.06637424,0,0,Sell
2503,AAPL,2023-03-17 15:02:00,2023-03-17 15:28:00,0,0.40231094,0,0,Hold
3462,AAPL,2023-03-18 16:11:00,2023-03-18 16:29:00,0,0.3897779,0,0,Sell
3635,AAPL,2023-03-19 03:12:00,2023-03-19 03:37:00,0,0.063437134,0,0,Sell
9971,AAPL,2023-03-19 16:15:00,2023-03-19 16:29:00,0,0.39927408,0,0,Sell
549,AAPL,2023-03-20 15:09:00,2023-03-20 15:22:00,1,0.9112832,1,1,Buy
2082,AAPL,2023-03-22 04:00:00,2023-03-22 04:26:00,1,0.6313539,1,1,Buy
7802,AAPL,2023-03-22 05:09:00,2023-03-22 05:31:00,0,0.07020929,0,0,Sell
473,AAPL,2023-03-22 11:17:00,2023-03-22 11:23:00,1,0.49481332,0,1,Hold
2220,AAPL,2023-03-23 01:48:00,2023-03-23 02:00:00,1,0.9352326,1,1,Buy
7583,AAPL,2023-03-24 05:42:00,2023-03-24 05:58:00,1,0.93938506,1,1,Buy
6354,AAPL,2023-03-24 05:53:00,2023-03-24 06:08:00,1,0.8868323,1,1,Buy
5446,AAPL,2023-03-24 23:24:00,2023-03-24 23:48:00,0,0.10799712,0,0,Sell
3712,AAPL,2023-03-25 14:20:00,2023-03-25 14:33:00,1,0.94716513,1,1,Buy
1456,AAPL,2023-03-26 00:50:00,2023-03-26 01:01:00,1,0.926188,1,1,Buy
3145,AAPL,2023-03-26 03:49:00,2023-03-26 04:10:00,1,0.9249244,1,1,Buy
7174,AAPL,2023-03-27 00:15:00,2023-03-27 00:22:00,1,0.3205186,0,1,Sell
7922,AAPL,2023-03-28 03:20:00,2023-03-28 03:29:00,1,0.9171017,1,1,Buy
7092,AAPL,2023-03-28 19:23:00,2023-03-28 19:47:00,0,0.10623761,0,0,Sell
1837,AAPL,2023-03-29 03:11:00,2023-03-29 03:16:00,0,0.483425,0,0,Hold
8809,AAPL,2023-03-29 12:10:00,2023-03-29 12:15:00,0,0.05513454,0,0,Sell
3398,AAPL,2023-03-29 16:21:00,2023-03-29 16:26:00,1,0.87470925,1,1,Buy
4503,AAPL,2023-03-29 19:48:00,2023-03-29 20:15:00,1,0.9146797,1,1,Buy
6657,AAPL,2023-03-30 02:34:00,2023-03-30 02:49:00,0,0.1176487,0,0,Sell
310,AAPL,2023-03-30 04:48:00,2023-03-30 05:13:00,1,0.54601514,1,1,Hold
288,AAPL,2023-03-30 20:45:00,2023-03-30 20:58:00,1,0.9348526,1,1,Buy
2016,AAPL,2023-03-30 23:11:00,2023-03-30 23:27:00,1,0.9305004,1,1,Buy
8012,AAPL,2023-03-31 06:35:00,2023-03-31 06:52:00,0,0.45026568,0,0,Hold
4526,AAPL,2023-03-31 11:41:00,2023-03-31 12:02:00,0,0.08833716,0,0,Sell
1518,AAPL,2023-03-31 17:44:00,2023-03-31 18:00:00,0,0.07923548,0,0,Sell
311,AAPL,2023-03-31 22:19:00,2023-03-31 22:28:00,1,0.594562,1,1,Hold
9740,AAPL,2023-04-01 02:45:00,2023-04-01 02:53:00,1,0.8846994,1,1,Buy
9324,AAPL,2023-04-01 11:47:00,2023-04-01 12:17:00,0,0.050865628,0,0,Sell
4187,AAPL,2023-04-01 18:08:00,2023-04-01 18:16:00,0,0.1028307,0,0,Sell
1762,AAPL,2023-04-02 02:45:00,2023-04-02 02:58:00,1,0.93845206,1,1,Buy
4594,AAPL,2023-04-02 16:57:00,2023-04-02 17:26:00,0,0.09002496,0,0,Sell
1318,AAPL,2023-04-03 06:21:00,2023-04-03 06:49:00,1,0.92510575,1,1,Buy
8166,AAPL,2023-04-03 08:46:00,2023-04-03 08:53:00,1,0.40700585,0,1,Hold
7754,AAPL,2023-04-03 10:57:00,2023-04-03 11:08:00,1,0.95299673,1,1,Buy
3186,AAPL,2023-04-03 11:00:00,2023-04-03 11:09:00,1,0.6060629,1,1,Buy
4848,AAPL,2023-04-03 14:00:00,2023-04-03 14:23:00,0,0.11218527,0,0,Sell
8136,AAPL,2023-04-04 01:35:00,2023-04-04 01:58:00,1,0.11248088,0,1,Sell
9182,AAPL,2023-04-04 12:10:00,2023-04-04 12:20:00,1,0.5117002,1,1,Hold
6322,AAPL,2023-04-05 08:55:00,2023-04-05 09:07:00,1,0.94097453,1,1,Buy
7003,AAPL,2023-04-05 09:29:00,2023-04-05 09:44:00,0,0.4757381,0,0,Hold
8688,AAPL,2023-04-05 20:10:00,2023-04-05 20:16:00,1,0.9346046,1,1,Buy
1370,AAPL,2023-04-06 07:19:00,2023-04-06 07:34:00,1,0.9477607,1,1,Buy
8733,AAPL,2023-04-06 14:22:00,2023-04-06 14:40:00,1,0.94674015,1,1,Buy
2256,AAPL,2023-04-06 15:50:00,2023-04-06 16:04:00,0,0.0669401,0,0,Sell
5408,AAPL,2023-04-06 19:45:00,2023-04-06 19:51:00,0,0.94200635,1,0,Buy
120,AAPL,2023-04-07 16:38:00,2023-04-07 16:57:00,1,0.928938,1,1,Buy
1503,AAPL,2023-04-08 15:37:00,2023-04-08 16:03:00,1,0.9445464,1,1,Buy
9749,AAPL,2023-04-08 23:27:00,2023-04-08 23:54:00,0,0.07845401,0,0,Sell
3491,AAPL,2023-04-09 00:33:00,2023-04-09 00:40:00,1,0.94860256,1,1,Buy
246,AAPL,2023-04-09 05:04:00,2023-04-09 05:34:00,1,0.73973846,1,1,Buy
5788,AAPL,2023-04-11 08:30:00,2023-04-11 08:58:00,0,0.13022509,0,0,Sell
9931,AAPL,2023-04-11 16:24:00,2023-04-11 16:35:00,1,0.9481746,1,1,Buy
6114,AAPL,2023-04-11 23:32:00,2023-04-11 23:49:00,0,0.1181979,0,0,Sell
3824,AAPL,2023-04-12 22:20:00,2023-04-12 22:41:00,0,0.27626118,0,0,Sell
7864,AAPL,2023-04-13 13:45:00,2023-04-13 14:12:00,1,0.5441764,1,1,Hold
1674,AAPL,2023-04-14 07:42:00,2023-04-14 08:00:00,0,0.06528127,0,0,Sell
8404,AAPL,2023-04-15 03:22:00,2023-04-15 03:37:00,1,0.26150993,0,1,Sell
4579,AAPL,2023-04-15 10:34:00,2023-04-15 10:51:00,1,0.9107881,1,1,Buy
912,AAPL,2023-04-15 15:21:00,2023-04-15 15:36:00,1,0.93723714,1,1,Buy
9889,AAPL,2023-04-16 04:24:00,2023-04-16 04:43:00,0,0.069148585,0,0,Sell
7015,AAPL,2023-04-16 06:01:00,2023-04-16 06:27:00,0,0.06560787,0,0,Sell
4946,AAPL,2023-04-16 18:51:00,2023-04-16 19:11:00,1,0.96219784,1,1,Buy
9828,AAPL,2023-04-16 22:13:00,2023-04-16 22:28:00,0,0.06769537,0,0,Sell
3814,AAPL,2023-04-17 06:39:00,2023-04-17 06:52:00,1,0.9280941,1,1,Buy
9134,AAPL,2023-04-17 17:52:00,2023-04-17 18:15:00,1,0.96468675,1,1,Buy
8291,AAPL,2023-04-17 20:12:00,2023-04-17 20:17:00,1,0.9595615,1,1,Buy
358,AAPL,2023-04-18 09:09:00,2023-04-18 09:37:00,0,0.14327118,0,0,Sell
9396,AAPL,2023-04-18 11:50:00,2023-04-18 12:11:00,0,0.1236825,0,0,Sell
3501,AAPL,2023-04-19 02:52:00,2023-04-19 03:01:00,0,0.40638274,0,0,Hold
6987,AAPL,2023-04-19 22:19:00,2023-04-19 22:49:00,0,0.078611426,0,0,Sell
8906,AAPL,2023-04-20 00:59:00,2023-04-20 01:11:00,1,0.91960585,1,1,Buy
9950,AAPL,2023-04-20 01:46:00,2023-04-20 02:03:00,1,0.7075079,1,1,Buy
3526,AAPL,2023-04-20 04:23:00,2023-04-20 04:41:00,1,0.91006756,1,1,Buy
625,AAPL,2023-04-20 06:28:00,2023-04-20 06:54:00,1,0.49455544,0,1,Hold
4324,AAPL,2023-04-20 13:41:00,2023-04-20 14:11:00,1,0.95675325,1,1,Buy
7646,AAPL,2023-04-20 20:15:00,2023-04-20 20:22:00,1,0.9609642,1,1,Buy
4154,AAPL,2023-04-21 04:34:00,2023-04-21 04:42:00,0,0.699214,1,0,Buy
4047,AAPL,2023-04-21 09:24:00,2023-04-21 09:41:00,1,0.958021,1,1,Buy
4798,AAPL,2023-04-22 00:53:00,2023-04-22 01:05:00,1,0.9207073,1,1,Buy
7785,AAPL,2023-04-22 19:00:00,2023-04-22 19:22:00,0,0.13311273,0,0,Sell
8188,AAPL,2023-04-23 00:00:00,2023-04-23 00:22:00,1,0.9364938,1,1,Buy
2843,AAPL,2023-04-24 03:03:00,2023-04-24 03:27:00,1,0.589014,1,1,Hold
9847,AAPL,2023-04-24 16:53:00,2023-04-24 17:09:00,0,0.09307028,0,0,Sell
8240,AAPL,2023-04-24 17:36:00,2023-04-24 18:03:00,1,0.6152921,1,1,Buy
1909,AAPL,2023-04-24 20:01:00,2023-04-24 20:18:00,1,0.96207565,1,1,Buy
7965,AAPL,2023-04-24 22:48:00,2023-04-24 23:13:00,1,0.101126246,0,1,Sell
9789,AAPL,2023-04-25 05:58:00,2023-04-25 06:13:00,0,0.09244841,0,0,Sell
2641,AAPL,2023-04-25 21:31:00,2023-04-25 21:43:00,0,0.5981251,1,0,Hold
4479,AAPL,2023-04-26 01:13:00,2023-04-26 01:39:00,1,0.9087262,1,1,Buy
968,AAPL,2023-04-26 01:35:00,2023-04-26 01:43:00,0,0.11396937,0,0,Sell
5879,AAPL,2023-04-26 05:38:00,2023-04-26 05:56:00,0,0.081707574,0,0,Sell
3964,AAPL,2023-04-26 06:17:00,2023-04-26 06:34:00,0,0.07629375,0,0,Sell
6971,AAPL,2023-04-27 12:30:00,2023-04-27 12:54:00,0,0.05661067,0,0,Sell
4367,AAPL,2023-04-27 16:06:00,2023-04-27 16:36:00,0,0.056503188,0,0,Sell
6923,AAPL,2023-04-28 01:45:00,2023-04-28 02:14:00,1,0.7822772,1,1,Buy
573,AAPL,2023-04-28 05:42:00,2023-04-28 05:59:00,0,0.4688823,0,0,Hold
5479,AAPL,2023-04-28 07:25:00,2023-04-28 07:34:00,1,0.89535433,1,1,Buy
3973,AAPL,2023-04-29 01:31:00,2023-04-29 01:51:00,1,0.9467047,1,1,Buy
7350,AAPL,2023-04-29 09:55:00,2023-04-29 10:10:00,0,0.64501846,1,0,Buy
3863,AAPL,2023-04-29 23:08:00,2023-04-29 23:33:00,1,0.5378514,1,1,Hold
4305,AAPL,2023-05-01 10:29:00,2023-05-01 10:48:00,0,0.14018576,0,0,Sell
1669,AAPL,2023-05-02 09:25:00,2023-05-02 09:33:00,0,0.59465,1,0,Hold
4725,AAPL,2023-05-02 17:55:00,2023-05-02 18:20:00,0,0.25494537,0,0,Sell
9560,AAPL,2023-05-02 22:13:00,2023-05-02 22:25:00,1,0.06689291,0,1,Sell
2986,AAPL,2023-05-03 07:13:00,2023-05-03 07:30:00,1,0.8794865,1,1,Buy
4183,AAPL,2023-05-03 09:10:00,2023-05-03 09:24:00,1,0.23395316,0,1,Sell
948,AAPL,2023-05-03 22:51:00,2023-05-03 23:08:00,0,0.56175673,1,0,Hold
2306,AAPL,2023-05-04 03:44:00,2023-05-04 04:11:00,1,0.38596797,0,1,Sell
9585,AAPL,2023-05-04 10:33:00,2023-05-04 10:54:00,1,0.4374397,0,1,Hold
2248,AAPL,2023-05-05 03:11:00,2023-05-05 03:32:00,1,0.2642087,0,1,Sell
1769,AAPL,2023-05-05 11:41:00,2023-05-05 11:55:00,1,0.92277753,1,1,Buy
4272,AAPL,2023-05-05 18:19:00,2023-05-05 18:28:00,0,0.79536515,1,0,Buy
8511,AAPL,2023-05-06 22:19:00,2023-05-06 22:39:00,0,0.10868351,0,0,Sell
3354,AAPL,2023-05-07 05:01:00,2023-05-07 05:30:00,0,0.41224566,0,0,Hold
5672,AAPL,2023-05-07 08:10:00,2023-05-07 08:19:00,1,0.92171335,1,1,Buy
4697,AAPL,2023-05-07 16:38:00,2023-05-07 16:50:00,0,0.27911502,0,0,Sell
2555,AAPL,2023-05-08 10:21:00,2023-05-08 10:39:00,1,0.92381144,1,1,Buy
2895,AAPL,2023-05-08 11:58:00,2023-05-08 12:28:00,1,0.2437577,0,1,Sell
7823,AAPL,2023-05-09 06:37:00,2023-05-09 06:44:00,1,0.587215,1,1,Hold
657,AAPL,2023-05-09 07:03:00,2023-05-09 07:17:00,0,0.7221549,1,0,Buy
340,AAPL,2023-05-09 18:21:00,2023-05-09 18:34:00,0,0.10770383,0,0,Sell
7956,AAPL,2023-05-13 08:05:00,2023-05-13 08:10:00,0,0.10658938,0,0,Sell
67,AAPL,2023-05-13 09:02:00,2023-05-13 09:15:00,0,0.064258784,0,0,Sell
8257,AAPL,2023-05-14 10:55:00,2023-05-14 11:07:00,0,0.34260613,0,0,Sell
588,AAPL,2023-05-14 15:12:00,2023-05-14 15:40:00,0,0.04366465,0,0,Sell
8329,AAPL,2023-05-14 21:34:00,2023-05-14 21:55:00,0,0.068752415,0,0,Sell
832,AAPL,2023-05-15 15:50:00,2023-05-15 16:17:00,1,0.18582053,0,1,Sell
5877,AAPL,2023-05-15 18:00:00,2023-05-15 18:30:00,0,0.0726227,0,0,Sell
8419,AAPL,2023-05-16 11:18:00,2023-05-16 11:37:00,1,0.39398333,0,1,Sell
5283,AAPL,2023-05-16 23:40:00,2023-05-16 23:52:00,0,0.06672383,0,0,Sell
523,AAPL,2023-05-17 06:30:00,2023-05-17 06:35:00,1,0.9172066,1,1,Buy
535,AAPL,2023-05-17 16:09:00,2023-05-17 16:24:00,0,0.062773466,0,0,Sell
1917,AAPL,2023-05-18 04:54:00,2023-05-18 05:18:00,1,0.0822004,0,1,Sell
5452,AAPL,2023-05-18 05:27:00,2023-05-18 05:50:00,1,0.9228958,1,1,Buy
8204,AAPL,2023-05-18 16:51:00,2023-05-18 17:09:00,0,0.06027544,0,0,Sell
9139,AAPL,2023-05-18 18:31:00,2023-05-18 18:42:00,1,0.34168574,0,1,Sell
506,AAPL,2023-05-18 20:48:00,2023-05-18 21:17:00,1,0.95262855,1,1,Buy
3675,AAPL,2023-05-19 00:35:00,2023-05-19 00:41:00,1,0.60703504,1,1,Buy
9416,AAPL,2023-05-19 03:57:00,2023-05-19 04:21:00,0,0.06808903,0,0,Sell
1494,AAPL,2023-05-19 12:51:00,2023-05-19 13:14:00,1,0.57268995,1,1,Hold
7042,AAPL,2023-05-20 15:21:00,2023-05-20 15:29:00,1,0.949417,1,1,Buy
8039,AAPL,2023-05-20 23:09:00,2023-05-20 23:29:00,0,0.063141495,0,0,Sell
9601,AAPL,2023-05-21 16:00:00,2023-05-21 16:19:00,1,0.3803233,0,1,Sell
1621,AAPL,2023-05-22 07:02:00,2023-05-22 07:12:00,1,0.90843296,1,1,Buy
6466,AAPL,2023-05-22 15:11:00,2023-05-22 15:27:00,1,0.9289747,1,1,Buy
1243,AAPL,2023-05-22 17:38:00,2023-05-22 17:59:00,0,0.061245766,0,0,Sell
8479,AAPL,2023-05-22 18:40:00,2023-05-22 19:06:00,1,0.9400456,1,1,Buy
8347,AAPL,2023-05-22 23:09:00,2023-05-22 23:18:00,1,0.9535734,1,1,Buy
1347,AAPL,2023-05-24 11:27:00,2023-05-24 11:47:00,0,0.074835636,0,0,Sell
6730,AAPL,2023-05-24 19:05:00,2023-05-24 19:34:00,0,0.54581165,1,0,Hold
1232,AAPL,2023-05-24 20:42:00,2023-05-24 21:06:00,1,0.17749362,0,1,Sell
9939,AAPL,2023-05-24 20:59:00,2023-05-24 21:11:00,1,0.56457645,1,1,Hold
1489,AAPL,2023-05-25 00:27:00,2023-05-25 00:45:00,1,0.9088756,1,1,Buy
5017,AAPL,2023-05-25 10:30:00,2023-05-25 10:42:00,1,0.9414061,1,1,Buy
2049,AAPL,2023-05-25 23:55:00,2023-05-26 00:10:00,0,0.37112328,0,0,Sell
9022,AAPL,2023-05-26 04:58:00,2023-05-26 05:05:00,0,0.33676654,0,0,Sell
5602,AAPL,2023-05-26 05:36:00,2023-05-26 05:48:00,1,0.94495696,1,1,Buy
1556,AAPL,2023-05-26 07:58:00,2023-05-26 08:08:00,0,0.07635177,0,0,Sell
9205,AAPL,2023-05-26 08:35:00,2023-05-26 08:58:00,1,0.4868813,0,1,Hold
9517,AAPL,2023-05-26 15:23:00,2023-05-26 15:41:00,1,0.9253454,1,1,Buy
3083,AAPL,2023-05-26 16:16:00,2023-05-26 16:45:00,1,0.9360523,1,1,Buy
8943,AAPL,2023-05-27 13:43:00,2023-05-27 14:11:00,0,0.8337759,1,0,Buy
3676,AAPL,2023-05-27 22:25:00,2023-05-27 22:31:00,1,0.95712936,1,1,Buy
2532,AAPL,2023-05-27 23:15:00,2023-05-27 23:27:00,0,0.064550385,0,0,Sell
7876,AAPL,2023-05-28 02:59:00,2023-05-28 03:27:00,1,0.92635894,1,1,Buy
2861,AAPL,2023-05-28 10:18:00,2023-05-28 10:29:00,0,0.28997743,0,0,Sell
3231,AAPL,2023-05-28 17:40:00,2023-05-28 18:08:00,0,0.48384655,0,0,Hold
9270,AAPL,2023-05-29 02:50:00,2023-05-29 02:55:00,1,0.92056936,1,1,Buy
2497,AAPL,2023-05-29 04:16:00,2023-05-29 04:22:00,1,0.72382605,1,1,Buy
107,AAPL,2023-05-29 17:54:00,2023-05-29 18:17:00,0,0.57361174,1,0,Hold
4044,AAPL,2023-05-30 15:46:00,2023-05-30 16:16:00,0,0.4614719,0,0,Hold
2964,AAPL,2023-05-30 18:57:00,2023-05-30 19:19:00,1,0.9602077,1,1,Buy
3148,AAPL,2023-05-31 04:10:00,2023-05-31 04:36:00,1,0.092676915,0,1,Sell
2949,AAPL,2023-06-01 02:34:00,2023-06-01 02:48:00,1,0.9317395,1,1,Buy
5261,AAPL,2023-06-02 02:58:00,2023-06-02 03:08:00,0,0.115030706,0,0,Sell
9691,AAPL,2023-06-02 12:56:00,2023-06-02 13:11:00,0,0.5436186,1,0,Hold
3272,AAPL,2023-06-03 14:47:00,2023-06-03 15:01:00,0,0.052646555,0,0,Sell
2056,AAPL,2023-06-03 22:52:00,2023-06-03 23:07:00,1,0.95221615,1,1,Buy
4704,AAPL,2023-06-04 02:16:00,2023-06-04 02:22:00,1,0.88434386,1,1,Buy
1947,AAPL,2023-06-04 16:21:00,2023-06-04 16:48:00,1,0.27548864,0,1,Sell
2676,AAPL,2023-06-05 04:51:00,2023-06-05 05:21:00,0,0.41878498,0,0,Hold
1398,AAPL,2023-06-05 05:14:00,2023-06-05 05:34:00,0,0.6153663,1,0,Buy
3996,AAPL,2023-06-05 07:18:00,2023-06-05 07:26:00,0,0.43108824,0,0,Hold
1698,AAPL,2023-06-05 12:01:00,2023-06-05 12:23:00,1,0.9232597,1,1,Buy
9073,AAPL,2023-06-05 16:53:00,2023-06-05 17:17:00,0,0.07413342,0,0,Sell
8777,AAPL,2023-06-06 09:13:00,2023-06-06 09:39:00,0,0.0844405,0,0,Sell
833,AAPL,2023-06-07 06:59:00,2023-06-07 07:20:00,0,0.080304846,0,0,Sell
1659,AAPL,2023-06-08 03:04:00,2023-06-08 03:24:00,0,0.06576898,0,0,Sell
3201,AAPL,2023-06-08 05:44:00,2023-06-08 06:01:00,1,0.86325294,1,1,Buy
7202,AAPL,2023-06-08 11:57:00,2023-06-08 12:23:00,0,0.07641734,0,0,Sell
7277,AAPL,2023-06-08 13:56:00,2023-06-08 14:04:00,0,0.056490835,0,0,Sell
7553,AAPL,2023-06-08 22:39:00,2023-06-08 22:54:00,1,0.94358015,1,1,Buy
5813,AAPL,2023-06-09 10:59:00,2023-06-09 11:22:00,0,0.2968732,0,0,Sell
3134,AAPL,2023-06-09 16:58:00,2023-06-09 17:14:00,1,0.9323409,1,1,Buy
8429,AAPL,2023-06-09 21:27:00,2023-06-09 21:37:00,1,0.45696056,0,1,Hold
9916,AAPL,2023-06-10 04:49:00,2023-06-10 05:16:00,0,0.53261834,1,0,Hold
7592,AAPL,2023-06-10 17:51:00,2023-06-10 17:59:00,0,0.76915526,1,0,Buy
6279,AAPL,2023-06-10 21:10:00,2023-06-10 21:32:00,1,0.9624409,1,1,Buy
1223,AAPL,2023-06-11 03:51:00,2023-06-11 03:57:00,0,0.061723903,0,0,Sell
7747,AAPL,2023-06-11 10:26:00,2023-06-11 10:53:00,1,0.6169285,1,1,Buy
8075,AAPL,2023-06-11 13:04:00,2023-06-11 13:30:00,0,0.061895777,0,0,Sell
3504,AAPL,2023-06-11 13:05:00,2023-06-11 13:29:00,1,0.94813764,1,1,Buy
7581,AAPL,2023-06-12 06:23:00,2023-06-12 06:49:00,0,0.08157193,0,0,Sell
3250,AAPL,2023-06-13 03:59:00,2023-06-13 04:20:00,1,0.6425261,1,1,Buy
4188,AAPL,2023-06-13 06:06:00,2023-06-13 06:17:00,0,0.091781765,0,0,Sell
649,AAPL,2023-06-13 12:11:00,2023-06-13 12:22:00,0,0.068585455,0,0,Sell
5490,AAPL,2023-06-13 14:33:00,2023-06-13 15:01:00,0,0.045208212,0,0,Sell
1161,AAPL,2023-06-14 05:08:00,2023-06-14 05:17:00,1,0.506204,1,1,Hold
183,AAPL,2023-06-14 07:20:00,2023-06-14 07:38:00,1,0.92069006,1,1,Buy
6724,AAPL,2023-06-14 12:18:00,2023-06-14 12:24:00,1,0.9281607,1,1,Buy
6831,AAPL,2023-06-15 04:18:00,2023-06-15 04:24:00,1,0.92976564,1,1,Buy
3160,AAPL,2023-06-15 07:03:00,2023-06-15 07:13:00,0,0.67731756,1,0,Buy
3109,AAPL,2023-06-16 05:26:00,2023-06-16 05:50:00,0,0.940705,1,0,Buy
1495,AAPL,2023-06-16 17:54:00,2023-06-16 18:15:00,1,0.9470039,1,1,Buy
972,AAPL,2023-06-16 20:38:00,2023-06-16 20:44:00,1,0.6558445,1,1,Buy
2907,AAPL,2023-06-16 20:56:00,2023-06-16 21:14:00,0,0.81496716,1,0,Buy
4396,AAPL,2023-06-17 16:18:00,2023-06-17 16:30:00,0,0.4847605,0,0,Hold
2378,AAPL,2023-06-18 02:07:00,2023-06-18 02:26:00,1,0.9298583,1,1,Buy
6770,AAPL,2023-06-18 03:41:00,2023-06-18 03:49:00,0,0.08677952,0,0,Sell
2441,AAPL,2023-06-18 09:15:00,2023-06-18 09:41:00,0,0.48973808,0,0,Hold
6316,AAPL,2023-06-18 17:22:00,2023-06-18 17:45:00,0,0.35166004,0,0,Sell
8391,AAPL,2023-06-19 07:15:00,2023-06-19 07:42:00,0,0.4345658,0,0,Hold
765,AAPL,2023-06-19 10:42:00,2023-06-19 11:12:00,1,0.918333,1,1,Buy
6141,AAPL,2023-06-19 20:21:00,2023-06-19 20:48:00,1,0.93655354,1,1,Buy
8832,AAPL,2023-06-19 20:51:00,2023-06-19 21:17:00,1,0.9460139,1,1,Buy
8349,AAPL,2023-06-20 11:20:00,2023-06-20 11:29:00,1,0.9365345,1,1,Buy
7843,AAPL,2023-06-20 11:22:00,2023-06-20 11:51:00,0,0.1399017,0,0,Sell
5031,AAPL,2023-06-21 10:41:00,2023-06-21 11:03:00,0,0.06481706,0,0,Sell
3951,AAPL,2023-06-21 11:59:00,2023-06-21 12:11:00,0,0.058716465,0,0,Sell
2761,AAPL,2023-06-21 15:22:00,2023-06-21 15:51:00,1,0.9233006,1,1,Buy
4213,AAPL,2023-06-23 07:29:00,2023-06-23 07:49:00,0,0.057753768,0,0,Sell
2745,AAPL,2023-06-23 10:20:00,2023-06-23 10:44:00,1,0.9516152,1,1,Buy
741,AAPL,2023-06-24 20:47:00,2023-06-24 21:14:00,0,0.063225284,0,0,Sell
946,AAPL,2023-06-25 20:56:00,2023-06-25 21:23:00,0,0.07926603,0,0,Sell
6767,AAPL,2023-06-26 07:52:00,2023-06-26 08:05:00,0,0.07039173,0,0,Sell
7000,AAPL,2023-06-27 04:07:00,2023-06-27 04:15:00,0,0.23540701,0,0,Sell
5703,AAPL,2023-06-27 06:19:00,2023-06-27 06:34:00,0,0.07468492,0,0,Sell
3517,AAPL,2023-06-28 03:09:00,2023-06-28 03:23:00,1,0.46443364,0,1,Hold
2045,AAPL,2023-06-28 04:49:00,2023-06-28 05:00:00,1,0.92087674,1,1,Buy
4900,AAPL,2023-06-28 06:21:00,2023-06-28 06:32:00,0,0.3155738,0,0,Sell
1138,AAPL,2023-06-28 06:28:00,2023-06-28 06:45:00,1,0.9101063,1,1,Buy
2951,AAPL,2023-06-28 07:23:00,2023-06-28 07:35:00,0,0.12811016,0,0,Sell
1793,AAPL,2023-06-28 12:04:00,2023-06-28 12:29:00,0,0.059881866,0,0,Sell
7405,AAPL,2023-06-28 18:01:00,2023-06-28 18:21:00,1,0.9269558,1,1,Buy
7219,AAPL,2023-06-28 21:01:00,2023-06-28 21:12:00,1,0.6497328,1,1,Buy
441,AAPL,2023-06-29 02:03:00,2023-06-29 02:31:00,1,0.47108728,0,1,Hold
3368,AAPL,2023-06-29 11:36:00,2023-06-29 11:58:00,1,0.80765694,1,1,Buy
6412,AAPL,2023-06-29 12:06:00,2023-06-29 12:32:00,1,0.3574168,0,1,Sell
7107,AAPL,2023-06-29 15:06:00,2023-06-29 15:24:00,0,0.11164445,0,0,Sell
1894,AAPL,2023-06-29 22:38:00,2023-06-29 23:01:00,1,0.9582485,1,1,Buy
9695,AAPL,2023-07-02 09:53:00,2023-07-02 10:03:00,0,0.083334096,0,0,Sell
1559,AAPL,2023-07-02 12:59:00,2023-07-02 13:19:00,1,0.93694645,1,1,Buy
7389,AAPL,2023-07-02 19:32:00,2023-07-02 19:38:00,0,0.09035464,0,0,Sell
6230,AAPL,2023-07-03 22:44:00,2023-07-03 22:52:00,1,0.95169216,1,1,Buy
6907,AAPL,2023-07-04 06:58:00,2023-07-04 07:08:00,0,0.084970884,0,0,Sell
5394,AAPL,2023-07-04 07:37:00,2023-07-04 07:47:00,0,0.081209294,0,0,Sell
3480,AAPL,2023-07-04 10:42:00,2023-07-04 10:54:00,0,0.5928882,1,0,Hold
8970,AAPL,2023-07-04 12:40:00,2023-07-04 12:57:00,1,0.9444885,1,1,Buy
8054,AAPL,2023-07-04 22:30:00,2023-07-04 22:51:00,1,0.34538838,0,1,Sell
3746,AAPL,2023-07-05 03:44:00,2023-07-05 04:04:00,0,0.075429514,0,0,Sell
2653,AAPL,2023-07-05 11:59:00,2023-07-05 12:13:00,0,0.081569485,0,0,Sell
783,AAPL,2023-07-06 03:34:00,2023-07-06 03:52:00,0,0.062414948,0,0,Sell
6006,AAPL,2023-07-06 08:10:00,2023-07-06 08:33:00,0,0.10752366,0,0,Sell
7533,AAPL,2023-07-06 09:14:00,2023-07-06 09:40:00,1,0.88003796,1,1,Buy
5873,AAPL,2023-07-07 00:51:00,2023-07-07 01:05:00,1,0.076765835,0,1,Sell
7837,AAPL,2023-07-08 00:50:00,2023-07-08 01:05:00,0,0.065341204,0,0,Sell
8155,AAPL,2023-07-08 16:27:00,2023-07-08 16:43:00,1,0.92763674,1,1,Buy
4590,AAPL,2023-07-09 02:28:00,2023-07-09 02:51:00,1,0.9217932,1,1,Buy
24,AAPL,2023-07-09 15:04:00,2023-07-09 15:25:00,1,0.95012105,1,1,Buy
3606,AAPL,2023-07-10 10:30:00,2023-07-10 10:47:00,1,0.61849666,1,1,Buy
1861,AAPL,2023-07-11 10:41:00,2023-07-11 11:01:00,0,0.18039103,0,0,Sell
3716,AAPL,2023-07-12 03:26:00,2023-07-12 03:34:00,1,0.92943156,1,1,Buy
9346,AAPL,2023-07-12 09:29:00,2023-07-12 09:49:00,0,0.06162503,0,0,Sell
1071,AAPL,2023-07-13 06:45:00,2023-07-13 07:13:00,0,0.92179954,1,0,Buy
3032,AAPL,2023-07-14 14:53:00,2023-07-14 15:19:00,1,0.9198829,1,1,Buy
6681,AAPL,2023-07-15 23:34:00,2023-07-16 00:04:00,0,0.07841358,0,0,Sell
9519,AAPL,2023-07-16 05:35:00,2023-07-16 06:04:00,0,0.058996238,0,0,Sell
6162,AAPL,2023-07-17 05:49:00,2023-07-17 06:06:00,0,0.06432327,0,0,Sell
2241,AAPL,2023-07-18 19:25:00,2023-07-18 19:33:00,0,0.04923064,0,0,Sell
9542,AAPL,2023-07-19 00:11:00,2023-07-19 00:39:00,1,0.84706014,1,1,Buy
9838,AAPL,2023-07-19 04:09:00,2023-07-19 04:38:00,0,0.056520626,0,0,Sell
6965,AAPL,2023-07-19 09:08:00,2023-07-19 09:25:00,1,0.51000834,1,1,Hold
6100,AAPL,2023-07-19 15:56:00,2023-07-19 16:18:00,0,0.05485664,0,0,Sell
1383,AAPL,2023-07-19 20:23:00,2023-07-19 20:36:00,1,0.23942102,0,1,Sell
5741,AAPL,2023-07-20 08:18:00,2023-07-20 08:25:00,1,0.1997434,0,1,Sell
3725,AAPL,2023-07-20 15:01:00,2023-07-20 15:22:00,1,0.6711884,1,1,Buy
7267,AAPL,2023-07-20 17:13:00,2023-07-20 17:21:00,0,0.059037175,0,0,Sell
8795,AAPL,2023-07-20 17:20:00,2023-07-20 17:48:00,1,0.95425177,1,1,Buy
9085,AAPL,2023-07-20 17:41:00,2023-07-20 17:55:00,1,0.95155376,1,1,Buy
309,AAPL,2023-07-21 08:40:00,2023-07-21 08:52:00,0,0.18134497,0,0,Sell
5145,AAPL,2023-07-21 09:35:00,2023-07-21 09:44:00,0,0.55853605,1,0,Hold
644,AAPL,2023-07-22 04:48:00,2023-07-22 05:13:00,1,0.9565556,1,1,Buy
3546,AAPL,2023-07-22 07:49:00,2023-07-22 07:56:00,1,0.93766624,1,1,Buy
1258,AAPL,2023-07-22 13:10:00,2023-07-22 13:20:00,1,0.95500886,1,1,Buy
9834,AAPL,2023-07-23 09:25:00,2023-07-23 09:47:00,0,0.116406366,0,0,Sell
3366,AAPL,2023-07-23 22:17:00,2023-07-23 22:32:00,0,0.43804228,0,0,Hold
9840,AAPL,2023-07-24 05:43:00,2023-07-24 05:58:00,1,0.94401705,1,1,Buy
4340,AAPL,2023-07-24 16:01:00,2023-07-24 16:10:00,1,0.95761263,1,1,Buy
2669,AAPL,2023-07-25 05:13:00,2023-07-25 05:40:00,1,0.9309314,1,1,Buy
7960,AAPL,2023-07-25 09:00:00,2023-07-25 09:27:00,0,0.8335118,1,0,Buy
1202,AAPL,2023-07-25 13:16:00,2023-07-25 13:45:00,1,0.8191371,1,1,Buy
9465,AAPL,2023-07-26 02:55:00,2023-07-26 03:24:00,0,0.9290037,1,0,Buy
5605,AAPL,2023-07-26 13:15:00,2023-07-26 13:43:00,1,0.93842614,1,1,Buy
7084,AAPL,2023-07-26 20:30:00,2023-07-26 20:35:00,0,0.065787986,0,0,Sell
8331,AAPL,2023-07-27 00:03:00,2023-07-27 00:32:00,1,0.89175093,1,1,Buy
906,AAPL,2023-07-27 01:05:00,2023-07-27 01:32:00,1,0.5512714,1,1,Hold
9023,AAPL,2023-07-27 06:45:00,2023-07-27 06:50:00,0,0.07646111,0,0,Sell
2302,AAPL,2023-07-28 00:32:00,2023-07-28 00:49:00,1,0.8897599,1,1,Buy
1930,AAPL,2023-07-28 10:20:00,2023-07-28 10:38:00,1,0.93789774,1,1,Buy
2671,AAPL,2023-07-28 11:07:00,2023-07-28 11:24:00,0,0.067079425,0,0,Sell
1918,AAPL,2023-07-28 12:54:00,2023-07-28 13:07:00,0,0.06363798,0,0,Sell
6342,AAPL,2023-07-29 02:05:00,2023-07-29 02:10:00,0,0.07712681,0,0,Sell
1607,AAPL,2023-07-29 13:37:00,2023-07-29 13:59:00,0,0.3493693,0,0,Sell
7335,AAPL,2023-07-30 20:21:00,2023-07-30 20:28:00,0,0.40351513,0,0,Hold
9559,AAPL,2023-07-31 04:15:00,2023-07-31 04:26:00,1,0.9080748,1,1,Buy
4152,AAPL,2023-07-31 08:18:00,2023-07-31 08:38:00,0,0.0936978,0,0,Sell
4719,AAPL,2023-07-31 14:16:00,2023-07-31 14:37:00,1,0.91846335,1,1,Buy
1631,AAPL,2023-08-01 14:41:00,2023-08-01 14:55:00,0,0.07573751,0,0,Sell
5981,AAPL,2023-08-01 17:27:00,2023-08-01 17:32:00,0,0.51599556,1,0,Hold
8776,AAPL,2023-08-03 12:54:00,2023-08-03 13:16:00,1,0.9962752,1,1,Buy
2796,AAPL,2023-08-03 19:29:00,2023-08-03 19:54:00,0,0.8601567,1,0,Buy
8682,AAPL,2023-08-03 20:11:00,2023-08-03 20:33:00,1,0.78216946,1,1,Buy
7078,AAPL,2023-08-04 13:38:00,2023-08-04 13:51:00,1,0.9813954,1,1,Buy
2743,AAPL,2023-08-05 02:54:00,2023-08-05 03:04:00,1,0.9857826,1,1,Buy
547,AAPL,2023-08-05 15:08:00,2023-08-05 15:33:00,1,0.3639854,0,1,Sell
7657,AAPL,2023-08-05 19:34:00,2023-08-05 19:42:00,0,0.09927593,0,0,Sell
7447,AAPL,2023-08-05 23:39:00,2023-08-06 00:06:00,0,0.057696916,0,0,Sell
5982,AAPL,2023-08-06 03:44:00,2023-08-06 04:07:00,0,0.2350233,0,0,Sell
4173,AAPL,2023-08-06 14:42:00,2023-08-06 15:11:00,1,0.8974816,1,1,Buy
79,AAPL,2023-08-06 21:04:00,2023-08-06 21:16:00,1,0.60871255,1,1,Buy
7274,AAPL,2023-08-07 16:40:00,2023-08-07 17:07:00,0,0.36475864,0,0,Sell
4117,AAPL,2023-08-08 06:37:00,2023-08-08 06:54:00,1,0.9021962,1,1,Buy
484,AAPL,2023-08-08 17:50:00,2023-08-08 17:58:00,1,0.9400261,1,1,Buy
5068,AAPL,2023-08-08 18:02:00,2023-08-08 18:27:00,0,0.06694089,0,0,Sell
6906,AAPL,2023-08-08 21:13:00,2023-08-08 21:41:00,1,0.35089538,0,1,Sell
68,AAPL,2023-08-09 10:15:00,2023-08-09 10:31:00,0,0.07814835,0,0,Sell
4142,AAPL,2023-08-09 16:31:00,2023-08-09 16:56:00,1,0.896758,1,1,Buy
209,AAPL,2023-08-10 01:22:00,2023-08-10 01:50:00,1,0.26036647,0,1,Sell
9067,AAPL,2023-08-10 20:24:00,2023-08-10 20:48:00,0,0.066326976,0,0,Sell
4567,AAPL,2023-08-12 07:41:00,2023-08-12 08:01:00,1,0.93003154,1,1,Buy
4483,AAPL,2023-08-12 22:12:00,2023-08-12 22:32:00,1,0.28851503,0,1,Sell
8964,AAPL,2023-08-13 13:40:00,2023-08-13 13:45:00,1,0.96589714,1,1,Buy
7017,AAPL,2023-08-13 22:48:00,2023-08-13 23:09:00,0,0.122211255,0,0,Sell
3135,AAPL,2023-08-15 12:15:00,2023-08-15 12:20:00,0,0.89838094,1,0,Buy
5895,AAPL,2023-08-15 21:49:00,2023-08-15 21:56:00,0,0.503531,1,0,Hold
3765,AAPL,2023-08-15 22:55:00,2023-08-15 23:10:00,1,0.5115839,1,1,Hold
2711,AAPL,2023-08-16 03:55:00,2023-08-16 04:18:00,1,0.9024119,1,1,Buy
6318,AAPL,2023-08-16 07:15:00,2023-08-16 07:35:00,0,0.07300055,0,0,Sell
3192,AAPL,2023-08-16 12:12:00,2023-08-16 12:24:00,1,0.09235494,0,1,Sell
9693,AAPL,2023-08-16 22:52:00,2023-08-16 23:10:00,1,0.9561015,1,1,Buy
4696,AAPL,2023-08-17 07:44:00,2023-08-17 07:57:00,0,0.085348375,0,0,Sell
4964,AAPL,2023-08-17 12:53:00,2023-08-17 13:13:00,0,0.08053219,0,0,Sell
6876,AAPL,2023-08-17 17:18:00,2023-08-17 17:32:00,0,0.10304915,0,0,Sell
7848,AAPL,2023-08-18 07:30:00,2023-08-18 07:49:00,1,0.9332867,1,1,Buy
7708,AAPL,2023-08-18 14:45:00,2023-08-18 15:04:00,0,0.42732078,0,0,Hold
8748,AAPL,2023-08-19 06:22:00,2023-08-19 06:38:00,0,0.07890726,0,0,Sell
6808,AAPL,2023-08-19 07:25:00,2023-08-19 07:48:00,0,0.30837443,0,0,Sell
5215,AAPL,2023-08-19 14:31:00,2023-08-19 14:44:00,1,0.89994127,1,1,Buy
9355,AAPL,2023-08-20 01:17:00,2023-08-20 01:33:00,0,0.060061857,0,0,Sell
2014,AAPL,2023-08-20 05:18:00,2023-08-20 05:43:00,0,0.06435238,0,0,Sell
7768,AAPL,2023-08-20 05:24:00,2023-08-20 05:43:00,0,0.06044753,0,0,Sell
5023,AAPL,2023-08-22 10:09:00,2023-08-22 10:38:00,1,0.4418235,0,1,Hold
2370,AAPL,2023-08-23 21:31:00,2023-08-23 21:58:00,0,0.049310416,0,0,Sell
8040,AAPL,2023-08-24 01:30:00,2023-08-24 01:50:00,0,0.068806335,0,0,Sell
9696,AAPL,2023-08-24 01:43:00,2023-08-24 01:51:00,1,0.14682135,0,1,Sell
4386,AAPL,2023-08-24 03:59:00,2023-08-24 04:19:00,0,0.069646135,0,0,Sell
3832,AAPL,2023-08-24 23:26:00,2023-08-24 23:37:00,0,0.33431634,0,0,Sell
2859,AAPL,2023-08-25 14:53:00,2023-08-25 15:09:00,0,0.051926654,0,0,Sell
9870,AAPL,2023-08-26 01:04:00,2023-08-26 01:34:00,0,0.20194711,0,0,Sell
219,AAPL,2023-08-27 01:44:00,2023-08-27 01:54:00,0,0.06001398,0,0,Sell
6611,AAPL,2023-08-27 09:18:00,2023-08-27 09:34:00,0,0.050937105,0,0,Sell
9506,AAPL,2023-08-27 10:34:00,2023-08-27 10:57:00,1,0.9055002,1,1,Buy
9127,AAPL,2023-08-27 16:46:00,2023-08-27 16:57:00,0,0.061106995,0,0,Sell
1996,AAPL,2023-08-29 10:38:00,2023-08-29 10:46:00,1,0.36719677,0,1,Sell
101,AAPL,2023-08-29 13:12:00,2023-08-29 13:22:00,1,0.5388429,1,1,Hold
1367,AAPL,2023-08-29 15:50:00,2023-08-29 16:16:00,1,0.4196853,0,1,Hold
3607,AAPL,2023-08-30 04:30:00,2023-08-30 04:58:00,1,0.40507624,0,1,Hold
5796,AAPL,2023-08-31 03:57:00,2023-08-31 04:09:00,1,0.89644223,1,1,Buy
9588,AAPL,2023-08-31 05:46:00,2023-08-31 05:55:00,1,0.46742716,0,1,Hold
1535,AAPL,2023-08-31 10:17:00,2023-08-31 10:44:00,0,0.07161307,0,0,Sell
4706,AAPL,2023-08-31 11:12:00,2023-08-31 11:23:00,0,0.06869294,0,0,Sell
9464,AAPL,2023-08-31 15:11:00,2023-08-31 15:39:00,0,0.040394243,0,0,Sell
729,AAPL,2023-09-02 16:06:00,2023-09-02 16:26:00,0,0.03821951,0,0,Sell
3423,AAPL,2023-09-02 16:36:00,2023-09-02 17:01:00,0,0.028885417,0,0,Sell
475,AAPL,2023-09-02 18:42:00,2023-09-02 18:51:00,0,0.029049842,0,0,Sell
8652,AAPL,2023-09-03 18:19:00,2023-09-03 18:32:00,0,0.030909574,0,0,Sell
8405,AAPL,2023-09-03 19:35:00,2023-09-03 19:59:00,1,0.27800128,0,1,Sell
9196,AAPL,2023-09-04 05:32:00,2023-09-04 05:43:00,0,0.06956804,0,0,Sell
1548,AAPL,2023-09-04 07:07:00,2023-09-04 07:16:00,0,0.2619435,0,0,Sell
1663,AAPL,2023-09-04 11:36:00,2023-09-04 12:04:00,1,0.9145378,1,1,Buy
561,AAPL,2023-09-04 13:06:00,2023-09-04 13:16:00,0,0.07223162,0,0,Sell
80,AAPL,2023-09-05 12:23:00,2023-09-05 12:30:00,0,0.2666189,0,0,Sell
7700,AAPL,2023-09-05 19:25:00,2023-09-05 19:37:00,0,0.08444821,0,0,Sell
6325,AAPL,2023-09-06 01:03:00,2023-09-06 01:08:00,0,0.089708984,0,0,Sell
6931,AAPL,2023-09-06 04:55:00,2023-09-06 05:16:00,0,0.06924354,0,0,Sell
9276,AAPL,2023-09-07 13:20:00,2023-09-07 13:29:00,1,0.88294935,1,1,Buy
3284,AAPL,2023-09-08 03:09:00,2023-09-08 03:18:00,0,0.727318,1,0,Buy
7198,AAPL,2023-09-08 09:02:00,2023-09-08 09:14:00,1,0.93571675,1,1,Buy
4753,AAPL,2023-09-09 11:38:00,2023-09-09 11:48:00,0,0.06469653,0,0,Sell
3989,AAPL,2023-09-09 12:10:00,2023-09-09 12:37:00,1,0.3897153,0,1,Sell
2518,AAPL,2023-09-09 16:42:00,2023-09-09 17:04:00,0,0.05787266,0,0,Sell
7524,AAPL,2023-09-10 21:49:00,2023-09-10 22:09:00,1,0.82954043,1,1,Buy
4178,AAPL,2023-09-10 23:26:00,2023-09-10 23:35:00,0,0.04673222,0,0,Sell
7697,AAPL,2023-09-11 00:36:00,2023-09-11 01:04:00,0,0.06894154,0,0,Sell
6549,AAPL,2023-09-11 12:39:00,2023-09-11 12:49:00,1,0.8858114,1,1,Buy
5498,AAPL,2023-09-11 22:27:00,2023-09-11 22:40:00,1,0.9041339,1,1,Buy
4731,AAPL,2023-09-12 19:52:00,2023-09-12 20:09:00,1,0.283969,0,1,Sell
1981,AAPL,2023-09-15 06:47:00,2023-09-15 07:04:00,1,0.7973398,1,1,Buy
1355,AAPL,2023-09-15 13:01:00,2023-09-15 13:08:00,0,0.37038407,0,0,Sell
7731,AAPL,2023-09-15 17:50:00,2023-09-15 18:07:00,0,0.84142524,1,0,Buy
1340,AAPL,2023-09-16 05:57:00,2023-09-16 06:02:00,0,0.06830909,0,0,Sell
5684,AAPL,2023-09-16 14:58:00,2023-09-16 15:11:00,1,0.9473213,1,1,Buy
6833,AAPL,2023-09-17 03:55:00,2023-09-17 04:23:00,1,0.5217855,1,1,Hold
8764,AAPL,2023-09-17 20:23:00,2023-09-17 20:31:00,1,0.95401204,1,1,Buy
1095,AAPL,2023-09-18 18:54:00,2023-09-18 19:05:00,0,0.12631239,0,0,Sell
3432,AAPL,2023-09-19 10:38:00,2023-09-19 10:44:00,1,0.94873345,1,1,Buy
9545,AAPL,2023-09-19 14:30:00,2023-09-19 14:44:00,1,0.45449623,0,1,Hold
2937,AAPL,2023-09-19 18:07:00,2023-09-19 18:21:00,1,0.95673746,1,1,Buy
5507,AAPL,2023-09-20 04:03:00,2023-09-20 04:25:00,0,0.28247267,0,0,Sell
564,AAPL,2023-09-20 09:30:00,2023-09-20 09:38:00,0,0.07805507,0,0,Sell
846,AAPL,2023-09-20 12:30:00,2023-09-20 12:42:00,0,0.4741148,0,0,Hold
6235,AAPL,2023-09-20 19:12:00,2023-09-20 19:19:00,0,0.035800435,0,0,Sell
3706,AAPL,2023-09-20 19:56:00,2023-09-20 20:26:00,0,0.04197243,0,0,Sell
1409,AAPL,2023-09-21 01:07:00,2023-09-21 01:37:00,0,0.3322526,0,0,Sell
4136,AAPL,2023-09-21 13:45:00,2023-09-21 13:50:00,1,0.94815457,1,1,Buy
335,AAPL,2023-09-22 13:52:00,2023-09-22 14:10:00,1,0.93471605,1,1,Buy
4420,AAPL,2023-09-23 00:12:00,2023-09-23 00:21:00,1,0.91745275,1,1,Buy
627,AAPL,2023-09-23 07:19:00,2023-09-23 07:26:00,0,0.12756227,0,0,Sell
8410,AAPL,2023-09-23 17:42:00,2023-09-23 18:05:00,1,0.9619032,1,1,Buy
8102,AAPL,2023-09-23 23:59:00,2023-09-24 00:29:00,0,0.090291925,0,0,Sell
7266,AAPL,2023-09-24 22:30:00,2023-09-24 22:57:00,1,0.9514707,1,1,Buy
7023,AAPL,2023-09-25 10:46:00,2023-09-25 10:56:00,1,0.94013137,1,1,Buy
6169,AAPL,2023-09-26 05:26:00,2023-09-26 05:38:00,1,0.92807716,1,1,Buy
145,AAPL,2023-09-26 12:37:00,2023-09-26 12:54:00,1,0.62115,1,1,Buy
5948,AAPL,2023-09-26 17:12:00,2023-09-26 17:20:00,0,0.78116906,1,0,Buy
608,AAPL,2023-09-28 02:20:00,2023-09-28 02:25:00,1,0.9143937,1,1,Buy
1096,AAPL,2023-09-29 16:24:00,2023-09-29 16:53:00,1,0.96474665,1,1,Buy
1110,AAPL,2023-10-01 05:27:00,2023-10-01 05:36:00,0,0.1066328,0,0,Sell
4587,AAPL,2023-10-01 08:24:00,2023-10-01 08:36:00,1,0.6203908,1,1,Buy
4445,AAPL,2023-10-01 09:26:00,2023-10-01 09:53:00,0,0.101725504,0,0,Sell
967,AAPL,2023-10-02 14:41:00,2023-10-02 15:02:00,1,0.95028913,1,1,Buy
4359,AAPL,2023-10-02 23:02:00,2023-10-02 23:21:00,0,0.04950338,0,0,Sell
7455,AAPL,2023-10-03 00:10:00,2023-10-03 00:26:00,1,0.8715062,1,1,Buy
7021,AAPL,2023-10-03 06:49:00,2023-10-03 07:07:00,0,0.0845784,0,0,Sell
6860,AAPL,2023-10-03 18:09:00,2023-10-03 18:36:00,0,0.07077157,0,0,Sell
5709,AAPL,2023-10-04 01:59:00,2023-10-04 02:27:00,1,0.8875389,1,1,Buy
8629,AAPL,2023-10-04 09:35:00,2023-10-04 09:57:00,0,0.07282928,0,0,Sell
3072,AAPL,2023-10-05 17:02:00,2023-10-05 17:28:00,0,0.061636057,0,0,Sell
5887,AAPL,2023-10-05 21:24:00,2023-10-05 21:35:00,1,0.34089893,0,1,Sell
2853,AAPL,2023-10-06 07:35:00,2023-10-06 07:50:00,0,0.0536364,0,0,Sell
8416,AAPL,2023-10-06 16:33:00,2023-10-06 16:56:00,1,0.8982897,1,1,Buy
6494,AAPL,2023-10-07 12:42:00,2023-10-07 12:52:00,0,0.06444892,0,0,Sell
6084,AAPL,2023-10-07 21:48:00,2023-10-07 22:00:00,1,0.96730286,1,1,Buy
7228,AAPL,2023-10-08 09:44:00,2023-10-08 09:55:00,0,0.07613843,0,0,Sell
1493,AAPL,2023-10-08 13:08:00,2023-10-08 13:19:00,0,0.4252502,0,0,Hold
5772,AAPL,2023-10-09 10:18:00,2023-10-09 10:37:00,1,0.9312485,1,1,Buy
7941,AAPL,2023-10-09 11:43:00,2023-10-09 12:10:00,0,0.92276406,1,0,Buy
9274,AAPL,2023-10-10 05:01:00,2023-10-10 05:06:00,1,0.3512299,0,1,Sell
3618,AAPL,2023-10-10 08:18:00,2023-10-10 08:45:00,1,0.94661194,1,1,Buy
9086,AAPL,2023-10-10 13:30:00,2023-10-10 13:56:00,0,0.11499723,0,0,Sell
9821,AAPL,2023-10-11 07:55:00,2023-10-11 08:13:00,0,0.061397273,0,0,Sell
376,AAPL,2023-10-11 21:20:00,2023-10-11 21:48:00,1,0.6286561,1,1,Buy
8883,AAPL,2023-10-12 05:22:00,2023-10-12 05:50:00,0,0.6917172,1,0,Buy
5256,AAPL,2023-10-12 10:54:00,2023-10-12 11:11:00,1,0.23026805,0,1,Sell
3718,AAPL,2023-10-12 19:44:00,2023-10-12 20:14:00,0,0.38330513,0,0,Sell
5436,AAPL,2023-10-14 03:58:00,2023-10-14 04:06:00,0,0.2536785,0,0,Sell
3356,AAPL,2023-10-14 07:26:00,2023-10-14 07:51:00,1,0.5922171,1,1,Hold
8373,AAPL,2023-10-14 08:08:00,2023-10-14 08:30:00,1,0.5437683,1,1,Hold
3233,AAPL,2023-10-14 12:22:00,2023-10-14 12:52:00,1,0.94323045,1,1,Buy
4430,AAPL,2023-10-14 16:40:00,2023-10-14 16:55:00,0,0.56589544,1,0,Hold
6852,AAPL,2023-10-16 02:34:00,2023-10-16 02:45:00,0,0.8419299,1,0,Buy
3671,AAPL,2023-10-17 05:18:00,2023-10-17 05:25:00,0,0.07098384,0,0,Sell
4948,AAPL,2023-10-17 10:44:00,2023-10-17 11:06:00,0,0.31297356,0,0,Sell
4619,AAPL,2023-10-17 14:09:00,2023-10-17 14:38:00,0,0.04731409,0,0,Sell
9913,AAPL,2023-10-17 21:58:00,2023-10-17 22:15:00,1,0.83733135,1,1,Buy
6882,AAPL,2023-10-17 22:05:00,2023-10-17 22:28:00,0,0.041981757,0,0,Sell
6944,AAPL,2023-10-18 06:28:00,2023-10-18 06:55:00,0,0.07582703,0,0,Sell
2198,AAPL,2023-10-18 11:18:00,2023-10-18 11:47:00,1,0.9261737,1,1,Buy
4282,AAPL,2023-10-18 16:37:00,2023-10-18 17:02:00,1,0.08187771,0,1,Sell
4197,AAPL,2023-10-18 21:28:00,2023-10-18 21:33:00,1,0.9468965,1,1,Buy
5764,AAPL,2023-10-19 01:18:00,2023-10-19 01:24:00,1,0.9084218,1,1,Buy
4752,AAPL,2023-10-19 05:23:00,2023-10-19 05:40:00,1,0.9278687,1,1,Buy
7987,AAPL,2023-10-19 10:06:00,2023-10-19 10:21:00,1,0.46706963,0,1,Hold
6238,AAPL,2023-10-19 13:09:00,2023-10-19 13:37:00,1,0.9549702,1,1,Buy
8745,AAPL,2023-10-19 13:56:00,2023-10-19 14:01:00,0,0.09399871,0,0,Sell
3493,AAPL,2023-10-19 18:02:00,2023-10-19 18:24:00,0,0.6082606,1,0,Buy
5429,AAPL,2023-10-19 22:48:00,2023-10-19 22:53:00,0,0.063066974,0,0,Sell
1414,AAPL,2023-10-20 00:54:00,2023-10-20 01:14:00,0,0.055882696,0,0,Sell
3003,AAPL,2023-10-20 02:53:00,2023-10-20 02:58:00,0,0.37207296,0,0,Sell
2491,AAPL,2023-10-20 14:46:00,2023-10-20 15:11:00,1,0.95117337,1,1,Buy
3698,AAPL,2023-10-20 16:34:00,2023-10-20 16:52:00,1,0.9591021,1,1,Buy
901,AAPL,2023-10-20 19:14:00,2023-10-20 19:27:00,0,0.071680784,0,0,Sell
5947,AAPL,2023-10-20 20:59:00,2023-10-20 21:29:00,1,0.5779681,1,1,Hold
6898,AAPL,2023-10-21 04:00:00,2023-10-21 04:22:00,0,0.28509685,0,0,Sell
6554,AAPL,2023-10-21 15:50:00,2023-10-21 15:57:00,0,0.063954145,0,0,Sell
4533,AAPL,2023-10-21 20:17:00,2023-10-21 20:39:00,0,0.051414207,0,0,Sell
4361,AAPL,2023-10-22 09:51:00,2023-10-22 10:18:00,1,0.39558703,0,1,Sell
5193,AAPL,2023-10-24 11:02:00,2023-10-24 11:27:00,1,0.9122827,1,1,Buy
1280,AAPL,2023-10-24 15:24:00,2023-10-24 15:45:00,0,0.6614932,1,0,Buy
2903,AAPL,2023-10-24 20:28:00,2023-10-24 20:55:00,1,0.9211701,1,1,Buy
3920,AAPL,2023-10-25 05:40:00,2023-10-25 05:49:00,0,0.08420698,0,0,Sell
4405,AAPL,2023-10-25 06:06:00,2023-10-25 06:36:00,1,0.7615307,1,1,Buy
3216,AAPL,2023-10-25 15:27:00,2023-10-25 15:36:00,1,0.948284,1,1,Buy
878,AAPL,2023-10-26 10:46:00,2023-10-26 10:53:00,0,0.09041267,0,0,Sell
4307,AAPL,2023-10-27 01:36:00,2023-10-27 01:52:00,0,0.07522314,0,0,Sell
6227,AAPL,2023-10-27 08:04:00,2023-10-27 08:32:00,0,0.42930123,0,0,Hold
4947,AAPL,2023-10-27 20:52:00,2023-10-27 21:16:00,0,0.058698427,0,0,Sell
2542,AAPL,2023-10-28 21:14:00,2023-10-28 21:25:00,0,0.033338267,0,0,Sell
9548,AAPL,2023-10-29 15:06:00,2023-10-29 15:14:00,1,0.89225495,1,1,Buy
1275,AAPL,2023-10-29 17:55:00,2023-10-29 18:03:00,1,0.94671386,1,1,Buy
6034,AAPL,2023-10-31 09:50:00,2023-10-31 10:04:00,0,0.06299577,0,0,Sell
2517,AAPL,2023-11-01 08:24:00,2023-11-01 08:50:00,1,0.93689716,1,1,Buy
7327,AAPL,2023-11-01 11:51:00,2023-11-01 12:09:00,0,0.52589685,1,0,Hold
9044,AAPL,2023-11-01 21:19:00,2023-11-01 21:47:00,1,0.96054703,1,1,Buy
6077,AAPL,2023-11-01 23:48:00,2023-11-02 00:07:00,0,0.24002756,0,0,Sell
7711,AAPL,2023-11-02 03:00:00,2023-11-02 03:12:00,0,0.08586195,0,0,Sell
3317,AAPL,2023-11-02 16:40:00,2023-11-02 16:53:00,0,0.06853451,0,0,Sell
3888,AAPL,2023-11-02 20:50:00,2023-11-02 21:13:00,0,0.5013479,1,0,Hold
8455,AAPL,2023-11-03 19:30:00,2023-11-03 19:53:00,0,0.03593072,0,0,Sell
6844,AAPL,2023-11-04 01:36:00,2023-11-04 02:03:00,1,0.32975835,0,1,Sell
1574,AAPL,2023-11-04 06:42:00,2023-11-04 07:03:00,0,0.050006468,0,0,Sell
8728,AAPL,2023-11-05 16:04:00,2023-11-05 16:28:00,1,0.20130438,0,1,Sell
2087,AAPL,2023-11-06 04:00:00,2023-11-06 04:10:00,0,0.8713698,1,0,Buy
9208,AAPL,2023-11-07 11:36:00,2023-11-07 12:00:00,0,0.2798323,0,0,Sell
7949,AAPL,2023-11-07 22:46:00,2023-11-07 23:02:00,0,0.52100426,1,0,Hold
4488,AAPL,2023-11-08 05:04:00,2023-11-08 05:11:00,0,0.10025865,0,0,Sell
7813,AAPL,2023-11-10 00:09:00,2023-11-10 00:18:00,1,0.8783581,1,1,Buy
5254,AAPL,2023-11-11 08:00:00,2023-11-11 08:27:00,1,0.92644024,1,1,Buy
3348,AAPL,2023-11-11 15:57:00,2023-11-11 16:15:00,0,0.42920613,0,0,Hold
4107,AAPL,2023-11-12 10:46:00,2023-11-12 10:54:00,1,0.99198455,1,1,Buy
5185,AAPL,2023-11-12 13:09:00,2023-11-12 13:25:00,0,0.49793556,0,0,Hold
5290,AAPL,2023-11-13 00:19:00,2023-11-13 00:38:00,0,0.56570977,1,0,Hold
6257,AAPL,2023-11-13 13:01:00,2023-11-13 13:11:00,1,0.9880261,1,1,Buy
8046,AAPL,2023-11-13 18:40:00,2023-11-13 18:57:00,0,0.90897405,1,0,Buy
3705,AAPL,2023-11-15 03:28:00,2023-11-15 03:57:00,0,0.32567543,0,0,Sell
6654,AAPL,2023-11-15 05:46:00,2023-11-15 06:04:00,0,0.064230375,0,0,Sell
3303,AAPL,2023-11-15 19:38:00,2023-11-15 19:48:00,0,0.61318004,1,0,Buy
9968,AAPL,2023-11-16 01:52:00,2023-11-16 02:08:00,1,0.8668491,1,1,Buy
9856,AAPL,2023-11-16 05:53:00,2023-11-16 06:00:00,0,0.8817819,1,0,Buy
30,AAPL,2023-11-16 15:04:00,2023-11-16 15:29:00,1,0.94817084,1,1,Buy
3844,AAPL,2023-11-17 01:04:00,2023-11-17 01:22:00,1,0.9151655,1,1,Buy
3828,AAPL,2023-11-17 23:21:00,2023-11-17 23:26:00,1,0.95529664,1,1,Buy
6982,AAPL,2023-11-18 09:56:00,2023-11-18 10:15:00,0,0.08192071,0,0,Sell
5524,AAPL,2023-11-19 04:20:00,2023-11-19 04:48:00,0,0.09631147,0,0,Sell
2831,AAPL,2023-11-19 22:41:00,2023-11-19 22:46:00,1,0.9505731,1,1,Buy
8911,AAPL,2023-11-20 07:15:00,2023-11-20 07:21:00,0,0.12247855,0,0,Sell
5420,AAPL,2023-11-20 14:16:00,2023-11-20 14:34:00,0,0.4003227,0,0,Hold
2969,AAPL,2023-11-20 16:01:00,2023-11-20 16:19:00,0,0.37856466,0,0,Sell
5238,AAPL,2023-11-20 22:23:00,2023-11-20 22:38:00,1,0.47432148,0,1,Hold
9206,AAPL,2023-11-21 07:55:00,2023-11-21 08:21:00,1,0.8952767,1,1,Buy
7672,AAPL,2023-11-21 10:13:00,2023-11-21 10:28:00,1,0.92499995,1,1,Buy
2136,AAPL,2023-11-21 16:31:00,2023-11-21 16:41:00,0,0.088547796,0,0,Sell
3804,AAPL,2023-11-21 17:27:00,2023-11-21 17:39:00,0,0.07753563,0,0,Sell
1171,AAPL,2023-11-21 23:05:00,2023-11-21 23:16:00,0,0.07411404,0,0,Sell
6935,AAPL,2023-11-22 09:14:00,2023-11-22 09:26:00,0,0.4100143,0,0,Hold
1587,AAPL,2023-11-22 12:47:00,2023-11-22 12:52:00,1,0.91630447,1,1,Buy
6534,AAPL,2023-11-22 12:56:00,2023-11-22 13:21:00,0,0.060620293,0,0,Sell
3381,AAPL,2023-11-23 09:59:00,2023-11-23 10:25:00,1,0.9021202,1,1,Buy
4863,AAPL,2023-11-24 10:13:00,2023-11-24 10:36:00,1,0.062883526,0,1,Sell
9138,AAPL,2023-11-24 16:19:00,2023-11-24 16:38:00,1,0.6048151,1,1,Buy
9421,AAPL,2023-11-25 20:17:00,2023-11-25 20:36:00,0,0.06385588,0,0,Sell
437,AAPL,2023-11-26 16:44:00,2023-11-26 17:07:00,1,0.75907624,1,1,Buy
8381,AAPL,2023-11-26 18:31:00,2023-11-26 18:59:00,1,0.39556986,0,1,Sell
1843,AAPL,2023-11-26 20:28:00,2023-11-26 20:34:00,1,0.9494427,1,1,Buy
2055,AAPL,2023-11-27 08:01:00,2023-11-27 08:22:00,0,0.07768531,0,0,Sell
7464,AAPL,2023-11-27 19:13:00,2023-11-27 19:39:00,1,0.94230825,1,1,Buy
7159,AAPL,2023-11-27 21:57:00,2023-11-27 22:22:00,1,0.1193201,0,1,Sell
2337,AAPL,2023-11-28 00:27:00,2023-11-28 00:38:00,0,0.44444016,0,0,Hold
2416,AAPL,2023-11-28 00:27:00,2023-11-28 00:54:00,0,0.48592457,0,0,Hold
3105,AAPL,2023-11-28 15:25:00,2023-11-28 15:31:00,0,0.07958827,0,0,Sell
2058,AAPL,2023-11-28 19:26:00,2023-11-28 19:42:00,1,0.08155991,0,1,Sell
4775,AAPL,2023-11-29 03:36:00,2023-11-29 03:52:00,0,0.4591248,0,0,Hold
7436,AAPL,2023-11-30 09:24:00,2023-11-30 09:42:00,1,0.92918193,1,1,Buy
6636,AAPL,2023-11-30 16:17:00,2023-11-30 16:45:00,1,0.9548976,1,1,Buy
7310,AAPL,2023-11-30 16:49:00,2023-11-30 17:12:00,1,0.9565894,1,1,Buy
4892,AAPL,2023-12-01 05:58:00,2023-12-01 06:18:00,1,0.7354183,1,1,Buy
2015,AAPL,2023-12-01 13:08:00,2023-12-01 13:15:00,0,0.87837404,1,0,Buy
2079,AAPL,2023-12-02 12:13:00,2023-12-02 12:22:00,1,0.95832545,1,1,Buy
3643,AAPL,2023-12-02 23:20:00,2023-12-02 23:33:00,1,0.969068,1,1,Buy
639,AAPL,2023-12-03 14:45:00,2023-12-03 15:02:00,0,0.8230726,1,0,Buy
187,AAPL,2023-12-04 04:03:00,2023-12-04 04:18:00,0,0.1104452,0,0,Sell
6988,AAPL,2023-12-04 06:31:00,2023-12-04 07:00:00,0,0.15828733,0,0,Sell
6452,AAPL,2023-12-04 07:29:00,2023-12-04 07:38:00,0,0.08165675,0,0,Sell
1158,AAPL,2023-12-05 00:50:00,2023-12-05 01:07:00,1,0.8877564,1,1,Buy
1422,AAPL,2023-12-05 02:48:00,2023-12-05 03:09:00,1,0.35944057,0,1,Sell
533,AAPL,2023-12-05 11:10:00,2023-12-05 11:25:00,1,0.4714382,0,1,Hold
1132,AAPL,2023-12-05 11:46:00,2023-12-05 12:06:00,1,0.3783239,0,1,Sell
5581,AAPL,2023-12-05 21:38:00,2023-12-05 21:46:00,1,0.9439163,1,1,Buy
1498,AAPL,2023-12-05 22:49:00,2023-12-05 22:59:00,0,0.08198304,0,0,Sell
3912,AAPL,2023-12-06 00:50:00,2023-12-06 01:05:00,0,0.119841255,0,0,Sell
6467,AAPL,2023-12-06 07:34:00,2023-12-06 07:44:00,1,0.93629515,1,1,Buy
9924,AAPL,2023-12-06 07:37:00,2023-12-06 08:00:00,0,0.0802183,0,0,Sell
1371,AAPL,2023-12-06 20:59:00,2023-12-06 21:24:00,0,0.06804133,0,0,Sell
9392,AAPL,2023-12-06 22:58:00,2023-12-06 23:20:00,1,0.39653713,0,1,Sell
9957,AAPL,2023-12-07 07:50:00,2023-12-07 08:16:00,0,0.3893615,0,0,Sell
6644,AAPL,2023-12-07 11:11:00,2023-12-07 11:29:00,0,0.051487945,0,0,Sell
202,AAPL,2023-12-07 13:35:00,2023-12-07 13:42:00,0,0.3349884,0,0,Sell
8375,AAPL,2023-12-09 06:19:00,2023-12-09 06:46:00,0,0.40509278,0,0,Hold
189,AAPL,2023-12-09 21:27:00,2023-12-09 21:51:00,0,0.0635217,0,0,Sell
1485,AAPL,2023-12-10 04:37:00,2023-12-10 04:57:00,1,0.9106501,1,1,Buy
6027,AAPL,2023-12-10 11:55:00,2023-12-10 12:23:00,0,0.6948318,1,0,Buy
9055,AAPL,2023-12-10 14:17:00,2023-12-10 14:39:00,1,0.9330532,1,1,Buy
4286,AAPL,2023-12-10 14:27:00,2023-12-10 14:45:00,0,0.36942956,0,0,Sell
6109,AAPL,2023-12-10 23:42:00,2023-12-11 00:06:00,1,0.95911556,1,1,Buy
503,AAPL,2023-12-11 15:50:00,2023-12-11 16:09:00,1,0.9301783,1,1,Buy
4884,AAPL,2023-12-11 23:36:00,2023-12-11 23:52:00,0,0.07755885,0,0,Sell
2118,AAPL,2023-12-12 06:58:00,2023-12-12 07:06:00,0,0.5740947,1,0,Hold
4245,AAPL,2023-12-12 16:47:00,2023-12-12 17:05:00,1,0.31478596,0,1,Sell
4143,AAPL,2023-12-12 16:56:00,2023-12-12 17:11:00,0,0.4062454,0,0,Hold
5220,AAPL,2023-12-12 18:57:00,2023-12-12 19:27:00,0,0.04619954,0,0,Sell
9798,AAPL,2023-12-13 17:37:00,2023-12-13 17:53:00,0,0.09511618,0,0,Sell
7146,AAPL,2023-12-14 03:33:00,2023-12-14 03:47:00,0,0.061850965,0,0,Sell
3934,AAPL,2023-12-14 19:30:00,2023-12-14 19:46:00,1,0.85979515,1,1,Buy
7725,AAPL,2023-12-15 06:27:00,2023-12-15 06:44:00,1,0.834384,1,1,Buy
4078,AAPL,2023-12-15 11:51:00,2023-12-15 12:18:00,0,0.052627023,0,0,Sell
3556,AAPL,2023-12-15 16:31:00,2023-12-15 16:57:00,0,0.03317994,0,0,Sell
6385,AAPL,2023-12-15 18:48:00,2023-12-15 18:59:00,1,0.9443198,1,1,Buy
749,AAPL,2023-12-15 19:19:00,2023-12-15 19:38:00,0,0.03792484,0,0,Sell
4888,AAPL,2023-12-15 21:21:00,2023-12-15 21:51:00,0,0.3468188,0,0,Sell
7713,AAPL,2023-12-16 00:46:00,2023-12-16 00:59:00,0,0.052126907,0,0,Sell
3779,AAPL,2023-12-16 05:59:00,2023-12-16 06:12:00,0,0.4649729,0,0,Hold
396,AAPL,2023-12-16 22:30:00,2023-12-16 22:38:00,0,0.052547283,0,0,Sell
1335,AAPL,2023-12-17 01:28:00,2023-12-17 01:44:00,0,0.067855924,0,0,Sell
1154,AAPL,2023-12-17 05:07:00,2023-12-17 05:12:00,0,0.20160565,0,0,Sell
8143,AAPL,2023-12-17 11:28:00,2023-12-17 11:56:00,1,0.89951634,1,1,Buy
41,AAPL,2023-12-17 17:45:00,2023-12-17 17:58:00,1,0.8691026,1,1,Buy
9379,AAPL,2023-12-17 21:44:00,2023-12-17 21:53:00,0,0.046259284,0,0,Sell
7207,AAPL,2023-12-18 07:36:00,2023-12-18 07:51:00,1,0.9021614,1,1,Buy
7637,AAPL,2023-12-19 06:22:00,2023-12-19 06:29:00,1,0.953803,1,1,Buy
2909,AAPL,2023-12-20 00:06:00,2023-12-20 00:27:00,1,0.9312037,1,1,Buy
6565,AAPL,2023-12-20 14:35:00,2023-12-20 15:04:00,0,0.812872,1,0,Buy
785,AAPL,2023-12-20 20:12:00,2023-12-20 20:20:00,1,0.71629864,1,1,Buy
1608,AAPL,2023-12-20 21:12:00,2023-12-20 21:17:00,1,0.67586535,1,1,Buy
4039,AAPL,2023-12-20 22:01:00,2023-12-20 22:22:00,1,0.11243326,0,1,Sell
9375,AAPL,2023-12-21 16:26:00,2023-12-21 16:46:00,0,0.07135571,0,0,Sell
8914,AAPL,2023-12-21 23:54:00,2023-12-22 00:07:00,1,0.9355252,1,1,Buy
8592,AAPL,2023-12-22 00:40:00,2023-12-22 00:47:00,0,0.0807089,0,0,Sell
9653,AAPL,2023-12-22 04:02:00,2023-12-22 04:32:00,0,0.20044647,0,0,Sell
9625,AAPL,2023-12-22 18:48:00,2023-12-22 19:08:00,1,0.93250316,1,1,Buy
8849,AAPL,2023-12-23 01:21:00,2023-12-23 01:47:00,0,0.07558676,0,0,Sell
1378,AAPL,2023-12-23 23:13:00,2023-12-23 23:39:00,0,0.28561145,0,0,Sell
4745,AAPL,2023-12-24 00:26:00,2023-12-24 00:56:00,1,0.9154356,1,1,Buy
976,AAPL,2023-12-25 07:05:00,2023-12-25 07:29:00,1,0.93268377,1,1,Buy
9058,AAPL,2023-12-26 02:56:00,2023-12-26 03:16:00,1,0.90485865,1,1,Buy
2846,AAPL,2023-12-26 03:26:00,2023-12-26 03:32:00,0,0.07013463,0,0,Sell
3771,AAPL,2023-12-26 17:15:00,2023-12-26 17:37:00,1,0.88263804,1,1,Buy
5787,AAPL,2023-12-26 22:47:00,2023-12-26 23:16:00,1,0.95206016,1,1,Buy
6038,AAPL,2023-12-27 01:21:00,2023-12-27 01:31:00,0,0.08619757,0,0,Sell
4205,AAPL,2023-12-27 04:52:00,2023-12-27 05:04:00,0,0.05544305,0,0,Sell
8798,AAPL,2023-12-27 09:03:00,2023-12-27 09:16:00,0,0.07751706,0,0,Sell
4814,AAPL,2023-12-27 10:00:00,2023-12-27 10:11:00,0,0.6156023,1,0,Buy
5007,AAPL,2023-12-27 22:45:00,2023-12-27 23:05:00,1,0.9266406,1,1,Buy
7853,AAPL,2023-12-28 13:31:00,2023-12-28 13:42:00,1,0.989611,1,1,Buy
1800,AAPL,2023-12-29 06:44:00,2023-12-29 06:51:00,0,0.35644615,0,0,Sell
9677,AAPL,2023-12-29 14:00:00,2023-12-29 14:25:00,0,0.9630224,1,0,Buy
5291,AAPL,2023-12-29 19:16:00,2023-12-29 19:32:00,0,0.49764815,0,0,Hold
8753,AAPL,2023-12-30 11:14:00,2023-12-30 11:20:00,1,0.87392884,1,1,Buy
9437,AAPL,2023-12-30 12:14:00,2023-12-30 12:21:00,0,0.06557046,0,0,Sell
1429,AAPL,2023-12-30 12:56:00,2023-12-30 13:08:00,1,0.39173487,0,1,Sell
6557,AAPL,2023-12-30 18:54:00,2023-12-30 19:10:00,0,0.057864044,0,0,Sell
8891,AAPL,2023-12-31 00:29:00,2023-12-31 00:52:00,1,0.92063165,1,1,Buy
1298,AAPL,2023-12-31 03:17:00,2023-12-31 03:34:00,0,0.11797431,0,0,Sell
2649,AAPL,2024-01-01 07:05:00,2024-01-01 07:33:00,1,0.93792975,1,1,Buy
4102,AAPL,2024-01-01 12:20:00,2024-01-01 12:34:00,1,0.9478075,1,1,Buy
81,AAPL,2024-01-01 16:22:00,2024-01-01 16:47:00,1,0.95836085,1,1,Buy
8125,AMC,2023-01-01 01:39:00,2023-01-01 01:50:00,0,0.047420975,0,0,Sell
4953,AMC,2023-01-01 12:28:00,2023-01-01 12:49:00,0,0.03303856,0,0,Sell
2100,AMC,2023-01-01 14:28:00,2023-01-01 14:48:00,0,0.03245418,0,0,Sell
9918,AMC,2023-01-03 09:56:00,2023-01-03 10:12:00,1,0.9237142,1,1,Buy
5472,AMC,2023-01-03 19:15:00,2023-01-03 19:22:00,0,0.047321342,0,0,Sell
329,AMC,2023-01-04 11:25:00,2023-01-04 11:55:00,1,0.9471224,1,1,Buy
5862,AMC,2023-01-04 11:27:00,2023-01-04 11:51:00,0,0.5660126,1,0,Hold
9169,AMC,2023-01-04 19:12:00,2023-01-04 19:30:00,0,0.6055403,1,0,Buy
336,AMC,2023-01-04 19:14:00,2023-01-04 19:32:00,1,0.5684159,1,1,Hold
2343,AMC,2023-01-04 20:34:00,2023-01-04 20:40:00,0,0.715041,1,0,Buy
9650,AMC,2023-01-04 20:43:00,2023-01-04 20:53:00,0,0.06443852,0,0,Sell
4231,AMC,2023-01-04 20:55:00,2023-01-04 21:23:00,1,0.79536766,1,1,Buy
3525,AMC,2023-01-05 07:51:00,2023-01-05 08:10:00,0,0.086046405,0,0,Sell
3382,AMC,2023-01-06 05:53:00,2023-01-06 06:00:00,1,0.5028537,1,1,Hold
8064,AMC,2023-01-06 14:03:00,2023-01-06 14:21:00,1,0.93571526,1,1,Buy
1552,AMC,2023-01-06 22:37:00,2023-01-06 22:54:00,1,0.9587251,1,1,Buy
1073,AMC,2023-01-07 13:17:00,2023-01-07 13:44:00,1,0.95057416,1,1,Buy
6474,AMC,2023-01-08 10:19:00,2023-01-08 10:34:00,1,0.44700402,0,1,Hold
6340,AMC,2023-01-08 13:57:00,2023-01-08 14:07:00,1,0.95068425,1,1,Buy
8901,AMC,2023-01-09 04:24:00,2023-01-09 04:52:00,0,0.5341535,1,0,Hold
1645,AMC,2023-01-09 23:11:00,2023-01-09 23:40:00,1,0.9394001,1,1,Buy
7651,AMC,2023-01-09 23:42:00,2023-01-09 23:47:00,0,0.9564468,1,0,Buy
3601,AMC,2023-01-10 01:10:00,2023-01-10 01:30:00,1,0.9229275,1,1,Buy
1215,AMC,2023-01-10 05:26:00,2023-01-10 05:49:00,1,0.9413835,1,1,Buy
1060,AMC,2023-01-10 06:28:00,2023-01-10 06:57:00,0,0.91344583,1,0,Buy
9538,AMC,2023-01-10 06:36:00,2023-01-10 06:54:00,1,0.93406457,1,1,Buy
9211,AMC,2023-01-10 08:32:00,2023-01-10 09:00:00,0,0.08509418,0,0,Sell
682,AMC,2023-01-10 13:37:00,2023-01-10 13:53:00,1,0.9203943,1,1,Buy
2223,AMC,2023-01-10 17:01:00,2023-01-10 17:26:00,0,0.053894244,0,0,Sell
1134,AMC,2023-01-10 17:17:00,2023-01-10 17:34:00,1,0.9171352,1,1,Buy
8195,AMC,2023-01-10 20:46:00,2023-01-10 21:06:00,1,0.92689884,1,1,Buy
9356,AMC,2023-01-10 21:50:00,2023-01-10 22:07:00,0,0.081788056,0,0,Sell
3448,AMC,2023-01-11 07:49:00,2023-01-11 08:01:00,1,0.5817023,1,1,Hold
8254,AMC,2023-01-11 09:03:00,2023-01-11 09:29:00,0,0.06962031,0,0,Sell
6605,AMC,2023-01-11 10:26:00,2023-01-11 10:31:00,0,0.25576627,0,0,Sell
1314,AMC,2023-01-11 18:03:00,2023-01-11 18:32:00,1,0.9483055,1,1,Buy
524,AMC,2023-01-12 02:01:00,2023-01-12 02:27:00,0,0.06885789,0,0,Sell
2833,AMC,2023-01-12 02:09:00,2023-01-12 02:34:00,1,0.33579302,0,1,Sell
6608,AMC,2023-01-12 07:52:00,2023-01-12 08:07:00,0,0.06732847,0,0,Sell
2597,AMC,2023-01-12 08:14:00,2023-01-12 08:39:00,1,0.9468434,1,1,Buy
4802,AMC,2023-01-12 15:58:00,2023-01-12 16:21:00,1,0.95230716,1,1,Buy
3082,AMC,2023-01-13 08:28:00,2023-01-13 08:45:00,0,0.5406562,1,0,Hold
1405,AMC,2023-01-13 12:48:00,2023-01-13 13:01:00,0,0.06213598,0,0,Sell
8651,AMC,2023-01-14 06:17:00,2023-01-14 06:29:00,0,0.092508085,0,0,Sell
7395,AMC,2023-01-15 20:11:00,2023-01-15 20:37:00,0,0.72404075,1,0,Buy
2928,AMC,2023-01-15 23:33:00,2023-01-16 00:02:00,1,0.23219477,0,1,Sell
5048,AMC,2023-01-17 14:35:00,2023-01-17 14:54:00,1,0.90259784,1,1,Buy
4750,AMC,2023-01-17 15:30:00,2023-01-17 15:53:00,1,0.95978147,1,1,Buy
1329,AMC,2023-01-18 01:44:00,2023-01-18 01:55:00,0,0.11913576,0,0,Sell
8588,AMC,2023-01-18 06:20:00,2023-01-18 06:32:00,1,0.7228803,1,1,Buy
3234,AMC,2023-01-19 07:53:00,2023-01-19 08:11:00,1,0.74193597,1,1,Buy
8362,AMC,2023-01-19 13:29:00,2023-01-19 13:38:00,0,0.07024618,0,0,Sell
646,AMC,2023-01-19 14:22:00,2023-01-19 14:49:00,1,0.65938306,1,1,Buy
3292,AMC,2023-01-20 01:23:00,2023-01-20 01:39:00,1,0.25414982,0,1,Sell
7776,AMC,2023-01-20 13:46:00,2023-01-20 13:51:00,1,0.92339706,1,1,Buy
2910,AMC,2023-01-20 15:53:00,2023-01-20 16:12:00,0,0.25561088,0,0,Sell
6789,AMC,2023-01-21 01:33:00,2023-01-21 01:46:00,1,0.91134536,1,1,Buy
2576,AMC,2023-01-21 07:26:00,2023-01-21 07:46:00,1,0.06714693,0,1,Sell
3178,AMC,2023-01-21 11:53:00,2023-01-21 12:12:00,0,0.04140512,0,0,Sell
7241,AMC,2023-01-21 16:07:00,2023-01-21 16:30:00,0,0.32590318,0,0,Sell
9705,AMC,2023-01-22 19:52:00,2023-01-22 20:19:00,0,0.35580066,0,0,Sell
5942,AMC,2023-01-23 12:05:00,2023-01-23 12:18:00,1,0.89811945,1,1,Buy
5695,AMC,2023-01-23 12:27:00,2023-01-23 12:42:00,1,0.9344838,1,1,Buy
8781,AMC,2023-01-24 07:24:00,2023-01-24 07:49:00,0,0.60909814,1,0,Buy
243,AMC,2023-01-24 12:51:00,2023-01-24 13:07:00,1,0.9486494,1,1,Buy
213,AMC,2023-01-24 14:08:00,2023-01-24 14:13:00,0,0.83556527,1,0,Buy
3710,AMC,2023-01-25 07:33:00,2023-01-25 08:03:00,0,0.083226934,0,0,Sell
1603,AMC,2023-01-25 10:24:00,2023-01-25 10:45:00,0,0.044069707,0,0,Sell
6615,AMC,2023-01-25 22:56:00,2023-01-25 23:02:00,1,0.90301603,1,1,Buy
4866,AMC,2023-01-26 01:13:00,2023-01-26 01:43:00,1,0.9157214,1,1,Buy
4000,AMC,2023-01-26 09:17:00,2023-01-26 09:39:00,1,0.51531,1,1,Hold
2851,AMC,2023-01-27 00:44:00,2023-01-27 01:14:00,0,0.898118,1,0,Buy
695,AMC,2023-01-28 05:39:00,2023-01-28 06:01:00,0,0.74035484,1,0,Buy
2622,AMC,2023-01-29 00:30:00,2023-01-29 00:35:00,1,0.92124873,1,1,Buy
5897,AMC,2023-01-29 22:25:00,2023-01-29 22:31:00,0,0.08883276,0,0,Sell
1226,AMC,2023-01-30 06:53:00,2023-01-30 07:18:00,0,0.076805465,0,0,Sell
2003,AMC,2023-01-30 08:05:00,2023-01-30 08:21:00,1,0.91126007,1,1,Buy
5747,AMC,2023-01-31 22:03:00,2023-01-31 22:11:00,0,0.34023395,0,0,Sell
7562,AMC,2023-02-01 00:13:00,2023-02-01 00:19:00,0,0.5859444,1,0,Hold
5449,AMC,2023-02-03 14:10:00,2023-02-03 14:27:00,1,0.91772074,1,1,Buy
9115,AMC,2023-02-03 15:44:00,2023-02-03 16:02:00,1,0.9440061,1,1,Buy
5523,AMC,2023-02-03 18:52:00,2023-02-03 19:16:00,0,0.8485025,1,0,Buy
5328,AMC,2023-02-04 05:27:00,2023-02-04 05:33:00,0,0.37622535,0,0,Sell
1085,AMC,2023-02-05 10:57:00,2023-02-05 11:14:00,1,0.94625473,1,1,Buy
2993,AMC,2023-02-06 08:13:00,2023-02-06 08:28:00,0,0.36601046,0,0,Sell
3194,AMC,2023-02-06 14:12:00,2023-02-06 14:17:00,0,0.45217225,0,0,Hold
7319,AMC,2023-02-06 19:59:00,2023-02-06 20:29:00,1,0.46361884,0,1,Hold
3324,AMC,2023-02-06 23:55:00,2023-02-07 00:04:00,1,0.95247096,1,1,Buy
2962,AMC,2023-02-08 04:20:00,2023-02-08 04:45:00,1,0.91952485,1,1,Buy
6303,AMC,2023-02-08 13:38:00,2023-02-08 13:50:00,0,0.9362269,1,0,Buy
4277,AMC,2023-02-09 21:19:00,2023-02-09 21:30:00,0,0.073217385,0,0,Sell
6878,AMC,2023-02-10 12:18:00,2023-02-10 12:26:00,1,0.4268216,0,1,Hold
6544,AMC,2023-02-10 18:40:00,2023-02-10 19:09:00,1,0.9131577,1,1,Buy
952,AMC,2023-02-11 01:18:00,2023-02-11 01:36:00,1,0.9199214,1,1,Buy
3571,AMC,2023-02-11 03:31:00,2023-02-11 03:56:00,1,0.941857,1,1,Buy
8119,AMC,2023-02-11 18:50:00,2023-02-11 19:14:00,1,0.9628449,1,1,Buy
3497,AMC,2023-02-12 11:57:00,2023-02-12 12:19:00,1,0.5952082,1,1,Hold
516,AMC,2023-02-12 18:21:00,2023-02-12 18:40:00,0,0.4672825,0,0,Hold
4821,AMC,2023-02-12 22:47:00,2023-02-12 22:58:00,0,0.09863131,0,0,Sell
2897,AMC,2023-02-12 23:32:00,2023-02-12 23:57:00,0,0.051866952,0,0,Sell
2253,AMC,2023-02-13 07:21:00,2023-02-13 07:38:00,0,0.079877846,0,0,Sell
9236,AMC,2023-02-13 21:47:00,2023-02-13 22:13:00,1,0.90003586,1,1,Buy
7858,AMC,2023-02-14 04:51:00,2023-02-14 04:56:00,1,0.3793406,0,1,Sell
5274,AMC,2023-02-14 05:04:00,2023-02-14 05:30:00,0,0.26425388,0,0,Sell
8627,AMC,2023-02-14 22:15:00,2023-02-14 22:39:00,0,0.074685775,0,0,Sell
4644,AMC,2023-02-15 01:40:00,2023-02-15 02:08:00,1,0.43072432,0,1,Hold
2327,AMC,2023-02-15 06:25:00,2023-02-15 06:36:00,0,0.4990887,0,0,Hold
5285,AMC,2023-02-16 07:15:00,2023-02-16 07:36:00,0,0.8740146,1,0,Buy
3156,AMC,2023-02-16 17:42:00,2023-02-16 17:48:00,1,0.91903764,1,1,Buy
9700,AMC,2023-02-16 20:29:00,2023-02-16 20:37:00,0,0.7867401,1,0,Buy
9038,AMC,2023-02-16 21:26:00,2023-02-16 21:43:00,0,0.23400538,0,0,Sell
2006,AMC,2023-02-16 22:19:00,2023-02-16 22:42:00,0,0.47001332,0,0,Hold
1540,AMC,2023-02-17 00:55:00,2023-02-17 01:12:00,1,0.8989141,1,1,Buy
7235,AMC,2023-02-17 06:33:00,2023-02-17 06:38:00,1,0.41384417,0,1,Hold
9400,AMC,2023-02-18 19:22:00,2023-02-18 19:30:00,0,0.3986125,0,0,Sell
5422,AMC,2023-02-18 20:16:00,2023-02-18 20:38:00,1,0.9238297,1,1,Buy
1124,AMC,2023-02-19 01:53:00,2023-02-19 02:00:00,1,0.28842875,0,1,Sell
6715,AMC,2023-02-19 12:14:00,2023-02-19 12:34:00,1,0.73916805,1,1,Buy
8590,AMC,2023-02-19 18:08:00,2023-02-19 18:21:00,0,0.06737139,0,0,Sell
6883,AMC,2023-02-19 21:58:00,2023-02-19 22:25:00,1,0.9529962,1,1,Buy
2822,AMC,2023-02-21 00:57:00,2023-02-21 01:14:00,1,0.39180005,0,1,Sell
6315,AMC,2023-02-21 03:24:00,2023-02-21 03:42:00,1,0.91662556,1,1,Buy
1664,AMC,2023-02-21 05:45:00,2023-02-21 05:59:00,1,0.9213836,1,1,Buy
4036,AMC,2023-02-21 21:18:00,2023-02-21 21:44:00,0,0.07746337,0,0,Sell
9102,AMC,2023-02-22 14:40:00,2023-02-22 14:53:00,1,0.8871515,1,1,Buy
7536,AMC,2023-02-23 16:45:00,2023-02-23 17:07:00,0,0.06827868,0,0,Sell
1499,AMC,2023-02-24 21:15:00,2023-02-24 21:28:00,0,0.064427376,0,0,Sell
2447,AMC,2023-02-25 01:46:00,2023-02-25 02:07:00,1,0.90694976,1,1,Buy
6530,AMC,2023-02-25 10:39:00,2023-02-25 10:49:00,0,0.055115927,0,0,Sell
2971,AMC,2023-02-25 19:51:00,2023-02-25 20:08:00,1,0.94328624,1,1,Buy
2954,AMC,2023-02-26 09:05:00,2023-02-26 09:29:00,1,0.9191765,1,1,Buy
7454,AMC,2023-02-26 14:41:00,2023-02-26 14:52:00,1,0.9336926,1,1,Buy
999,AMC,2023-02-26 19:52:00,2023-02-26 20:21:00,1,0.9159591,1,1,Buy
9480,AMC,2023-02-26 21:01:00,2023-02-26 21:15:00,1,0.9561345,1,1,Buy
2538,AMC,2023-02-27 11:18:00,2023-02-27 11:25:00,0,0.6839553,1,0,Buy
4711,AMC,2023-02-27 18:28:00,2023-02-27 18:50:00,0,0.06217429,0,0,Sell
2225,AMC,2023-03-02 04:30:00,2023-03-02 04:58:00,0,0.06181293,0,0,Sell
850,AMC,2023-03-02 22:00:00,2023-03-02 22:12:00,1,0.9429535,1,1,Buy
8420,AMC,2023-03-03 05:39:00,2023-03-03 05:57:00,1,0.3143103,0,1,Sell
7070,AMC,2023-03-03 07:02:00,2023-03-03 07:31:00,1,0.93100613,1,1,Buy
8527,AMC,2023-03-03 11:09:00,2023-03-03 11:18:00,0,0.026190013,0,0,Sell
5536,AMC,2023-03-03 16:37:00,2023-03-03 17:07:00,0,0.18898264,0,0,Sell
4996,AMC,2023-03-03 19:29:00,2023-03-03 19:49:00,1,0.12069225,0,1,Sell
1517,AMC,2023-03-04 09:40:00,2023-03-04 10:09:00,1,0.22835146,0,1,Sell
9606,AMC,2023-03-04 16:35:00,2023-03-04 16:53:00,0,0.02315334,0,0,Sell
8989,AMC,2023-03-05 02:14:00,2023-03-05 02:20:00,1,0.9253286,1,1,Buy
5343,AMC,2023-03-05 11:25:00,2023-03-05 11:41:00,0,0.06544577,0,0,Sell
3420,AMC,2023-03-06 02:32:00,2023-03-06 03:02:00,1,0.9090183,1,1,Buy
8016,AMC,2023-03-06 07:33:00,2023-03-06 07:49:00,0,0.37925184,0,0,Sell
8756,AMC,2023-03-07 01:47:00,2023-03-07 02:14:00,0,0.08911888,0,0,Sell
3328,AMC,2023-03-07 09:49:00,2023-03-07 10:02:00,0,0.072758116,0,0,Sell
4736,AMC,2023-03-07 11:02:00,2023-03-07 11:07:00,0,0.07286419,0,0,Sell
8457,AMC,2023-03-07 12:14:00,2023-03-07 12:43:00,0,0.06252216,0,0,Sell
2180,AMC,2023-03-07 16:11:00,2023-03-07 16:32:00,1,0.20917365,0,1,Sell
28,AMC,2023-03-07 18:21:00,2023-03-07 18:37:00,0,0.06279934,0,0,Sell
7874,AMC,2023-03-07 18:27:00,2023-03-07 18:53:00,1,0.053761814,0,1,Sell
4229,AMC,2023-03-08 02:10:00,2023-03-08 02:22:00,1,0.9189802,1,1,Buy
9304,AMC,2023-03-08 05:35:00,2023-03-08 05:50:00,1,0.93024594,1,1,Buy
4577,AMC,2023-03-08 11:23:00,2023-03-08 11:52:00,1,0.2353118,0,1,Sell
3930,AMC,2023-03-08 17:23:00,2023-03-08 17:43:00,0,0.10263046,0,0,Sell
3502,AMC,2023-03-08 22:33:00,2023-03-08 22:59:00,1,0.9540367,1,1,Buy
9537,AMC,2023-03-09 04:47:00,2023-03-09 05:07:00,1,0.9069137,1,1,Buy
4989,AMC,2023-03-09 14:57:00,2023-03-09 15:20:00,0,0.063820906,0,0,Sell
6159,AMC,2023-03-09 17:30:00,2023-03-09 18:00:00,1,0.9454538,1,1,Buy
5033,AMC,2023-03-10 04:48:00,2023-03-10 05:02:00,0,0.059677016,0,0,Sell
8640,AMC,2023-03-10 23:40:00,2023-03-10 23:56:00,0,0.4075949,0,0,Hold
4092,AMC,2023-03-11 07:49:00,2023-03-11 08:05:00,1,0.9209092,1,1,Buy
8616,AMC,2023-03-12 14:09:00,2023-03-12 14:32:00,0,0.06285579,0,0,Sell
8672,AMC,2023-03-12 19:46:00,2023-03-12 20:03:00,1,0.23582886,0,1,Sell
9953,AMC,2023-03-13 03:38:00,2023-03-13 04:00:00,0,0.07854937,0,0,Sell
366,AMC,2023-03-13 12:07:00,2023-03-13 12:18:00,0,0.07453992,0,0,Sell
4525,AMC,2023-03-13 16:33:00,2023-03-13 16:48:00,1,0.07028303,0,1,Sell
3980,AMC,2023-03-13 16:42:00,2023-03-13 16:59:00,0,0.91901034,1,0,Buy
1892,AMC,2023-03-16 03:30:00,2023-03-16 03:36:00,0,0.04975967,0,0,Sell
4520,AMC,2023-03-16 12:02:00,2023-03-16 12:18:00,1,0.9124882,1,1,Buy
4335,AMC,2023-03-17 02:18:00,2023-03-17 02:46:00,0,0.062854126,0,0,Sell
2505,AMC,2023-03-17 06:35:00,2023-03-17 07:03:00,1,0.5659576,1,1,Hold
138,AMC,2023-03-17 18:50:00,2023-03-17 19:14:00,1,0.91021085,1,1,Buy
8015,AMC,2023-03-17 19:01:00,2023-03-17 19:12:00,1,0.51090926,1,1,Hold
2795,AMC,2023-03-17 20:27:00,2023-03-17 20:57:00,0,0.05775812,0,0,Sell
1420,AMC,2023-03-17 22:22:00,2023-03-17 22:45:00,0,0.070264585,0,0,Sell
2137,AMC,2023-03-17 22:25:00,2023-03-17 22:43:00,1,0.94077486,1,1,Buy
843,AMC,2023-03-17 23:54:00,2023-03-18 00:17:00,0,0.4042609,0,0,Hold
2942,AMC,2023-03-18 02:32:00,2023-03-18 02:50:00,1,0.95051116,1,1,Buy
4406,AMC,2023-03-18 10:32:00,2023-03-18 11:00:00,1,0.73465824,1,1,Buy
9833,AMC,2023-03-18 19:56:00,2023-03-18 20:16:00,0,0.1057963,0,0,Sell
5233,AMC,2023-03-19 11:28:00,2023-03-19 11:58:00,1,0.95175385,1,1,Buy
6054,AMC,2023-03-19 20:03:00,2023-03-19 20:28:00,1,0.9466025,1,1,Buy
7452,AMC,2023-03-19 23:02:00,2023-03-19 23:31:00,0,0.06693758,0,0,Sell
103,AMC,2023-03-20 00:57:00,2023-03-20 01:17:00,0,0.10463776,0,0,Sell
1196,AMC,2023-03-20 04:52:00,2023-03-20 05:07:00,1,0.51901495,1,1,Hold
7230,AMC,2023-03-20 10:48:00,2023-03-20 11:01:00,1,0.9238051,1,1,Buy
1584,AMC,2023-03-20 11:26:00,2023-03-20 11:39:00,0,0.059311535,0,0,Sell
7506,AMC,2023-03-20 18:29:00,2023-03-20 18:37:00,0,0.39023387,0,0,Sell
304,AMC,2023-03-21 22:56:00,2023-03-21 23:02:00,1,0.0654211,0,1,Sell
4639,AMC,2023-03-22 13:04:00,2023-03-22 13:16:00,0,0.051034793,0,0,Sell
9216,AMC,2023-03-22 14:50:00,2023-03-22 15:06:00,0,0.038102776,0,0,Sell
2200,AMC,2023-03-24 18:41:00,2023-03-24 18:55:00,0,0.041359168,0,0,Sell
6098,AMC,2023-03-25 03:41:00,2023-03-25 04:08:00,1,0.70142174,1,1,Buy
4606,AMC,2023-03-25 08:24:00,2023-03-25 08:50:00,1,0.8424758,1,1,Buy
6344,AMC,2023-03-25 16:30:00,2023-03-25 16:57:00,0,0.05372151,0,0,Sell
8953,AMC,2023-03-25 20:00:00,2023-03-25 20:14:00,1,0.92342806,1,1,Buy
9080,AMC,2023-03-26 04:49:00,2023-03-26 04:58:00,1,0.9432704,1,1,Buy
1479,AMC,2023-03-26 07:40:00,2023-03-26 08:01:00,1,0.6254195,1,1,Buy
8001,AMC,2023-03-26 11:04:00,2023-03-26 11:13:00,0,0.07605268,0,0,Sell
1627,AMC,2023-03-26 11:26:00,2023-03-26 11:31:00,1,0.4332435,0,1,Hold
8836,AMC,2023-03-27 01:32:00,2023-03-27 01:56:00,0,0.088113464,0,0,Sell
3579,AMC,2023-03-27 02:26:00,2023-03-27 02:55:00,0,0.091871396,0,0,Sell
4831,AMC,2023-03-27 05:11:00,2023-03-27 05:25:00,0,0.056820676,0,0,Sell
195,AMC,2023-03-27 05:33:00,2023-03-27 05:45:00,1,0.91062003,1,1,Buy
8014,AMC,2023-03-27 05:33:00,2023-03-27 05:46:00,1,0.34980968,0,1,Sell
4427,AMC,2023-03-27 14:16:00,2023-03-27 14:42:00,0,0.05986883,0,0,Sell
405,AMC,2023-03-28 03:54:00,2023-03-28 04:22:00,0,0.077103056,0,0,Sell
4912,AMC,2023-03-28 08:44:00,2023-03-28 09:06:00,1,0.9058516,1,1,Buy
2347,AMC,2023-03-28 10:36:00,2023-03-28 11:05:00,1,0.93078154,1,1,Buy
4339,AMC,2023-03-29 08:47:00,2023-03-29 08:52:00,0,0.057752267,0,0,Sell
3565,AMC,2023-03-29 10:16:00,2023-03-29 10:31:00,0,0.59235,1,0,Hold
8512,AMC,2023-03-29 14:37:00,2023-03-29 14:47:00,0,0.41977063,0,0,Hold
2325,AMC,2023-03-30 00:12:00,2023-03-30 00:28:00,1,0.5779884,1,1,Hold
7312,AMC,2023-03-30 04:12:00,2023-03-30 04:32:00,0,0.64671046,1,0,Buy
2064,AMC,2023-03-30 21:27:00,2023-03-30 21:39:00,0,0.069330215,0,0,Sell
3159,AMC,2023-04-01 03:43:00,2023-04-01 04:03:00,0,0.30317926,0,0,Sell
5559,AMC,2023-04-01 08:19:00,2023-04-01 08:31:00,1,0.9349501,1,1,Buy
9461,AMC,2023-04-01 08:56:00,2023-04-01 09:01:00,0,0.0652365,0,0,Sell
5065,AMC,2023-04-01 18:38:00,2023-04-01 18:53:00,0,0.29521206,0,0,Sell
8052,AMC,2023-04-02 15:25:00,2023-04-02 15:34:00,1,0.944964,1,1,Buy
9215,AMC,2023-04-03 04:12:00,2023-04-03 04:41:00,0,0.37204635,0,0,Sell
8403,AMC,2023-04-03 04:58:00,2023-04-03 05:26:00,1,0.92387575,1,1,Buy
559,AMC,2023-04-03 14:12:00,2023-04-03 14:17:00,1,0.95775473,1,1,Buy
7203,AMC,2023-04-03 19:16:00,2023-04-03 19:21:00,0,0.11200234,0,0,Sell
167,AMC,2023-04-04 00:28:00,2023-04-04 00:53:00,0,0.11180701,0,0,Sell
2620,AMC,2023-04-04 02:46:00,2023-04-04 03:11:00,0,0.104644254,0,0,Sell
2358,AMC,2023-04-04 03:21:00,2023-04-04 03:28:00,0,0.06778003,0,0,Sell
8999,AMC,2023-04-04 13:50:00,2023-04-04 14:05:00,0,0.19964778,0,0,Sell
1871,AMC,2023-04-04 15:48:00,2023-04-04 15:55:00,1,0.9107275,1,1,Buy
9065,AMC,2023-04-05 10:06:00,2023-04-05 10:17:00,0,0.06429334,0,0,Sell
1848,AMC,2023-04-05 17:00:00,2023-04-05 17:16:00,1,0.93708146,1,1,Buy
4144,AMC,2023-04-06 18:38:00,2023-04-06 19:01:00,0,0.064860836,0,0,Sell
6473,AMC,2023-04-06 23:03:00,2023-04-06 23:16:00,1,0.56694937,1,1,Hold
7385,AMC,2023-04-07 16:52:00,2023-04-07 17:13:00,0,0.08538926,0,0,Sell
5267,AMC,2023-04-07 17:59:00,2023-04-07 18:21:00,0,0.04634981,0,0,Sell
4776,AMC,2023-04-07 19:31:00,2023-04-07 19:49:00,0,0.050360315,0,0,Sell
3163,AMC,2023-04-07 19:36:00,2023-04-07 19:41:00,1,0.95972425,1,1,Buy
9746,AMC,2023-04-07 20:43:00,2023-04-07 20:59:00,1,0.4884173,0,1,Hold
8150,AMC,2023-04-10 13:56:00,2023-04-10 14:02:00,1,0.9457464,1,1,Buy
6804,AMC,2023-04-10 15:25:00,2023-04-10 15:34:00,1,0.49125007,0,1,Hold
4013,AMC,2023-04-11 02:21:00,2023-04-11 02:32:00,1,0.92191064,1,1,Buy
9472,AMC,2023-04-11 02:56:00,2023-04-11 03:14:00,1,0.548366,1,1,Hold
6560,AMC,2023-04-11 13:26:00,2023-04-11 13:54:00,1,0.9526295,1,1,Buy
88,AMC,2023-04-11 22:49:00,2023-04-11 23:14:00,1,0.66512305,1,1,Buy
6635,AMC,2023-04-11 23:58:00,2023-04-12 00:04:00,0,0.09056252,0,0,Sell
5782,AMC,2023-04-14 06:33:00,2023-04-14 06:59:00,1,0.62304044,1,1,Buy
7459,AMC,2023-04-14 12:25:00,2023-04-14 12:47:00,1,0.9382685,1,1,Buy
7201,AMC,2023-04-14 20:54:00,2023-04-14 21:23:00,1,0.40372625,0,1,Hold
1118,AMC,2023-04-16 13:57:00,2023-04-16 14:04:00,0,0.5884427,1,0,Hold
984,AMC,2023-04-16 15:24:00,2023-04-16 15:48:00,0,0.24230766,0,0,Sell
1018,AMC,2023-04-17 02:53:00,2023-04-17 02:58:00,1,0.93025935,1,1,Buy
3392,AMC,2023-04-17 12:54:00,2023-04-17 13:10:00,1,0.93967634,1,1,Buy
7557,AMC,2023-04-17 22:17:00,2023-04-17 22:28:00,0,0.1341258,0,0,Sell
8817,AMC,2023-04-18 04:23:00,2023-04-18 04:46:00,0,0.92861027,1,0,Buy
7945,AMC,2023-04-18 09:11:00,2023-04-18 09:32:00,0,0.09049456,0,0,Sell
3000,AMC,2023-04-19 09:46:00,2023-04-19 10:15:00,0,0.07118912,0,0,Sell
1251,AMC,2023-04-20 05:54:00,2023-04-20 06:23:00,0,0.25638616,0,0,Sell
6320,AMC,2023-04-22 01:52:00,2023-04-22 01:57:00,1,0.92777216,1,1,Buy
6208,AMC,2023-04-22 04:27:00,2023-04-22 04:45:00,0,0.0708193,0,0,Sell
1983,AMC,2023-04-22 07:50:00,2023-04-22 07:58:00,1,0.9488866,1,1,Buy
7269,AMC,2023-04-22 17:00:00,2023-04-22 17:21:00,0,0.4422549,0,0,Hold
9815,AMC,2023-04-23 01:32:00,2023-04-23 01:50:00,1,0.9172582,1,1,Buy
39,AMC,2023-04-23 05:13:00,2023-04-23 05:19:00,1,0.1736943,0,1,Sell
9204,AMC,2023-04-24 04:03:00,2023-04-24 04:12:00,0,0.07812043,0,0,Sell
3630,AMC,2023-04-24 11:19:00,2023-04-24 11:40:00,0,0.066866964,0,0,Sell
8678,AMC,2023-04-24 19:30:00,2023-04-24 20:00:00,1,0.45654774,0,1,Hold
8286,AMC,2023-04-26 01:57:00,2023-04-26 02:05:00,0,0.059545174,0,0,Sell
9501,AMC,2023-04-26 08:22:00,2023-04-26 08:27:00,0,0.04760525,0,0,Sell
5438,AMC,2023-04-26 22:33:00,2023-04-26 22:46:00,1,0.92510754,1,1,Buy
9193,AMC,2023-04-27 00:44:00,2023-04-27 01:11:00,0,0.071412936,0,0,Sell
8414,AMC,2023-04-27 01:29:00,2023-04-27 01:53:00,1,0.8795491,1,1,Buy
3650,AMC,2023-04-27 13:31:00,2023-04-27 13:53:00,0,0.45520413,0,0,Hold
5371,AMC,2023-04-28 15:12:00,2023-04-28 15:38:00,1,0.96485263,1,1,Buy
2170,AMC,2023-04-29 09:46:00,2023-04-29 10:06:00,0,0.09021724,0,0,Sell
7427,AMC,2023-04-29 11:30:00,2023-04-29 11:59:00,0,0.079374656,0,0,Sell
2877,AMC,2023-04-29 17:43:00,2023-04-29 18:09:00,1,0.92317086,1,1,Buy
3133,AMC,2023-04-29 18:43:00,2023-04-29 19:00:00,0,0.66347593,1,0,Buy
1478,AMC,2023-04-30 02:06:00,2023-04-30 02:16:00,1,0.42930427,0,1,Hold
9349,AMC,2023-04-30 05:06:00,2023-04-30 05:25:00,1,0.36786464,0,1,Sell
1358,AMC,2023-04-30 13:04:00,2023-04-30 13:25:00,0,0.6903729,1,0,Buy
4620,AMC,2023-04-30 14:19:00,2023-04-30 14:30:00,1,0.947773,1,1,Buy
4171,AMC,2023-05-01 01:37:00,2023-05-01 01:51:00,0,0.11235476,0,0,Sell
936,AMC,2023-05-01 03:14:00,2023-05-01 03:39:00,1,0.7685977,1,1,Buy
2186,AMC,2023-05-02 13:04:00,2023-05-02 13:29:00,0,0.7073223,1,0,Buy
7306,AMC,2023-05-02 18:04:00,2023-05-02 18:09:00,1,0.61006135,1,1,Buy
615,AMC,2023-05-02 18:41:00,2023-05-02 18:55:00,0,0.06842049,0,0,Sell
6505,AMC,2023-05-03 06:14:00,2023-05-03 06:22:00,1,0.9374561,1,1,Buy
4227,AMC,2023-05-03 07:24:00,2023-05-03 07:43:00,0,0.08521229,0,0,Sell
8904,AMC,2023-05-04 20:11:00,2023-05-04 20:40:00,0,0.08857559,0,0,Sell
5092,AMC,2023-05-05 12:38:00,2023-05-05 12:43:00,1,0.9268158,1,1,Buy
2408,AMC,2023-05-06 09:01:00,2023-05-06 09:19:00,0,0.21301009,0,0,Sell
7796,AMC,2023-05-06 19:24:00,2023-05-06 19:40:00,1,0.9219294,1,1,Buy
5359,AMC,2023-05-06 19:50:00,2023-05-06 19:57:00,0,0.52768904,1,0,Hold
5578,AMC,2023-05-06 23:57:00,2023-05-07 00:08:00,1,0.9533709,1,1,Buy
7953,AMC,2023-05-08 01:16:00,2023-05-08 01:43:00,0,0.120287575,0,0,Sell
3438,AMC,2023-05-08 09:39:00,2023-05-08 09:51:00,0,0.058778416,0,0,Sell
7196,AMC,2023-05-08 23:50:00,2023-05-09 00:18:00,0,0.33449444,0,0,Sell
4707,AMC,2023-05-09 06:40:00,2023-05-09 07:00:00,0,0.06851741,0,0,Sell
9884,AMC,2023-05-09 14:39:00,2023-05-09 15:00:00,0,0.04341937,0,0,Sell
5136,AMC,2023-05-10 15:05:00,2023-05-10 15:22:00,0,0.26491785,0,0,Sell
5475,AMC,2023-05-10 19:21:00,2023-05-10 19:29:00,1,0.15888931,0,1,Sell
1824,AMC,2023-05-11 06:38:00,2023-05-11 07:02:00,1,0.92078054,1,1,Buy
1359,AMC,2023-05-11 09:08:00,2023-05-11 09:16:00,1,0.94471884,1,1,Buy
6156,AMC,2023-05-12 13:56:00,2023-05-12 14:13:00,1,0.8383319,1,1,Buy
4906,AMC,2023-05-12 16:55:00,2023-05-12 17:01:00,0,0.06714602,0,0,Sell
1595,AMC,2023-05-13 10:29:00,2023-05-13 10:57:00,1,0.9372749,1,1,Buy
8591,AMC,2023-05-13 13:55:00,2023-05-13 14:18:00,1,0.9272823,1,1,Buy
7271,AMC,2023-05-13 16:49:00,2023-05-13 17:13:00,1,0.06860462,0,1,Sell
8698,AMC,2023-05-14 12:28:00,2023-05-14 12:53:00,1,0.47395718,0,1,Hold
1064,AMC,2023-05-15 03:10:00,2023-05-15 03:19:00,0,0.92413396,1,0,Buy
3193,AMC,2023-05-15 09:14:00,2023-05-15 09:36:00,0,0.079392515,0,0,Sell
1764,AMC,2023-05-15 17:49:00,2023-05-15 17:55:00,1,0.9501391,1,1,Buy
7239,AMC,2023-05-15 18:26:00,2023-05-15 18:45:00,0,0.3330878,0,0,Sell
4571,AMC,2023-05-16 08:58:00,2023-05-16 09:21:00,0,0.3024547,0,0,Sell
5829,AMC,2023-05-16 16:10:00,2023-05-16 16:22:00,1,0.92671764,1,1,Buy
2553,AMC,2023-05-16 17:22:00,2023-05-16 17:52:00,1,0.9518366,1,1,Buy
4949,AMC,2023-05-18 13:54:00,2023-05-18 14:14:00,1,0.9632174,1,1,Buy
5284,AMC,2023-05-18 22:32:00,2023-05-18 23:00:00,1,0.9648787,1,1,Buy
9974,AMC,2023-05-19 08:06:00,2023-05-19 08:28:00,0,0.13034481,0,0,Sell
2869,AMC,2023-05-20 12:44:00,2023-05-20 12:49:00,0,0.46245876,0,0,Hold
2797,AMC,2023-05-21 02:30:00,2023-05-21 02:37:00,1,0.9477928,1,1,Buy
3534,AMC,2023-05-21 08:16:00,2023-05-21 08:43:00,1,0.9334983,1,1,Buy
291,AMC,2023-05-21 12:23:00,2023-05-21 12:37:00,1,0.9573773,1,1,Buy
6830,AMC,2023-05-21 13:37:00,2023-05-21 13:48:00,1,0.95611054,1,1,Buy
8173,AMC,2023-05-21 22:11:00,2023-05-21 22:27:00,1,0.9702149,1,1,Buy
4067,AMC,2023-05-22 09:49:00,2023-05-22 10:05:00,0,0.13004147,0,0,Sell
9319,AMC,2023-05-23 00:47:00,2023-05-23 00:55:00,1,0.5175054,1,1,Hold
1339,AMC,2023-05-23 06:19:00,2023-05-23 06:27:00,1,0.9307149,1,1,Buy
4878,AMC,2023-05-24 07:55:00,2023-05-24 08:15:00,0,0.9356462,1,0,Buy
4164,AMC,2023-05-25 20:56:00,2023-05-25 21:18:00,0,0.05631225,0,0,Sell
6610,AMC,2023-05-27 03:52:00,2023-05-27 04:07:00,1,0.32859153,0,1,Sell
4695,AMC,2023-05-29 00:58:00,2023-05-29 01:08:00,1,0.41953278,0,1,Hold
1102,AMC,2023-05-29 03:38:00,2023-05-29 03:46:00,1,0.9260729,1,1,Buy
5042,AMC,2023-05-29 05:31:00,2023-05-29 05:51:00,1,0.6728281,1,1,Buy
8302,AMC,2023-05-29 22:44:00,2023-05-29 23:10:00,1,0.7355123,1,1,Buy
9309,AMC,2023-05-30 08:03:00,2023-05-30 08:29:00,0,0.38763636,0,0,Sell
1269,AMC,2023-05-30 10:24:00,2023-05-30 10:47:00,0,0.07214158,0,0,Sell
388,AMC,2023-05-30 16:10:00,2023-05-30 16:23:00,1,0.9090688,1,1,Buy
5745,AMC,2023-05-31 01:31:00,2023-05-31 01:36:00,0,0.06942533,0,0,Sell
3838,AMC,2023-05-31 16:28:00,2023-05-31 16:58:00,0,0.07165544,0,0,Sell
4975,AMC,2023-06-01 04:37:00,2023-06-01 04:43:00,1,0.9296552,1,1,Buy
7407,AMC,2023-06-01 09:03:00,2023-06-01 09:22:00,0,0.089854464,0,0,Sell
242,AMC,2023-06-01 13:36:00,2023-06-01 14:03:00,0,0.052008137,0,0,Sell
1846,AMC,2023-06-01 22:05:00,2023-06-01 22:20:00,1,0.94896215,1,1,Buy
1720,AMC,2023-06-03 00:32:00,2023-06-03 00:41:00,1,0.7192542,1,1,Buy
6139,AMC,2023-06-03 12:04:00,2023-06-03 12:09:00,1,0.9395856,1,1,Buy
6091,AMC,2023-06-03 15:35:00,2023-06-03 15:57:00,0,0.09663418,0,0,Sell
6460,AMC,2023-06-03 21:40:00,2023-06-03 21:45:00,0,0.07529475,0,0,Sell
2772,AMC,2023-06-04 17:37:00,2023-06-04 17:56:00,0,0.9330769,1,0,Buy
5484,AMC,2023-06-05 16:37:00,2023-06-05 17:06:00,0,0.35616976,0,0,Sell
7765,AMC,2023-06-06 15:39:00,2023-06-06 15:52:00,0,0.2183503,0,0,Sell
8617,AMC,2023-06-07 02:05:00,2023-06-07 02:14:00,1,0.9040315,1,1,Buy
9459,AMC,2023-06-07 02:34:00,2023-06-07 03:03:00,0,0.08809611,0,0,Sell
7259,AMC,2023-06-07 10:45:00,2023-06-07 11:12:00,1,0.922976,1,1,Buy
2560,AMC,2023-06-07 11:18:00,2023-06-07 11:45:00,0,0.047918692,0,0,Sell
6204,AMC,2023-06-08 00:30:00,2023-06-08 00:59:00,0,0.09311398,0,0,Sell
6570,AMC,2023-06-08 01:48:00,2023-06-08 02:17:00,1,0.9000299,1,1,Buy
4944,AMC,2023-06-08 11:29:00,2023-06-08 11:40:00,0,0.043420766,0,0,Sell
8376,AMC,2023-06-08 23:44:00,2023-06-09 00:10:00,1,0.310194,0,1,Sell
8057,AMC,2023-06-09 04:16:00,2023-06-09 04:25:00,1,0.8525048,1,1,Buy
1679,AMC,2023-06-09 09:24:00,2023-06-09 09:30:00,1,0.44582105,0,1,Hold
4826,AMC,2023-06-10 04:24:00,2023-06-10 04:45:00,1,0.67545533,1,1,Buy
7234,AMC,2023-06-10 17:42:00,2023-06-10 18:12:00,0,0.07750417,0,0,Sell
6319,AMC,2023-06-11 17:02:00,2023-06-11 17:10:00,0,0.3391047,0,0,Sell
4009,AMC,2023-06-12 10:21:00,2023-06-12 10:40:00,0,0.080125414,0,0,Sell
8038,AMC,2023-06-12 12:26:00,2023-06-12 12:49:00,1,0.92639107,1,1,Buy
7150,AMC,2023-06-12 12:46:00,2023-06-12 13:08:00,0,0.2544209,0,0,Sell
2103,AMC,2023-06-13 21:01:00,2023-06-13 21:21:00,1,0.94011927,1,1,Buy
2693,AMC,2023-06-15 04:27:00,2023-06-15 04:44:00,1,0.28928033,0,1,Sell
9466,AMC,2023-06-15 11:02:00,2023-06-15 11:09:00,1,0.43233544,0,1,Hold
7194,AMC,2023-06-15 12:13:00,2023-06-15 12:22:00,1,0.9386522,1,1,Buy
5669,AMC,2023-06-16 05:35:00,2023-06-16 05:59:00,1,0.10733155,0,1,Sell
7478,AMC,2023-06-17 12:12:00,2023-06-17 12:17:00,1,0.3980961,0,1,Sell
8725,AMC,2023-06-18 17:06:00,2023-06-18 17:34:00,0,0.22403987,0,0,Sell
3131,AMC,2023-06-19 04:10:00,2023-06-19 04:21:00,0,0.10377315,0,0,Sell
6970,AMC,2023-06-19 04:33:00,2023-06-19 04:41:00,0,0.8794638,1,0,Buy
2896,AMC,2023-06-19 16:21:00,2023-06-19 16:30:00,0,0.28867218,0,0,Sell
613,AMC,2023-06-20 05:39:00,2023-06-20 05:47:00,1,0.9253196,1,1,Buy
499,AMC,2023-06-20 07:02:00,2023-06-20 07:13:00,0,0.063107274,0,0,Sell
7314,AMC,2023-06-20 18:51:00,2023-06-20 19:11:00,0,0.06866878,0,0,Sell
4542,AMC,2023-06-21 11:18:00,2023-06-21 11:26:00,1,0.90575516,1,1,Buy
4303,AMC,2023-06-21 12:23:00,2023-06-21 12:33:00,1,0.9362923,1,1,Buy
4739,AMC,2023-06-21 17:07:00,2023-06-21 17:28:00,1,0.31948984,0,1,Sell
6070,AMC,2023-06-22 14:29:00,2023-06-22 14:36:00,1,0.9438404,1,1,Buy
257,AMC,2023-06-22 16:44:00,2023-06-22 16:54:00,0,0.09914606,0,0,Sell
4669,AMC,2023-06-22 18:01:00,2023-06-22 18:22:00,0,0.07205078,0,0,Sell
1111,AMC,2023-06-24 09:13:00,2023-06-24 09:41:00,0,0.042310882,0,0,Sell
7919,AMC,2023-06-24 13:40:00,2023-06-24 13:46:00,1,0.9489202,1,1,Buy
6928,AMC,2023-06-24 14:16:00,2023-06-24 14:36:00,1,0.9166258,1,1,Buy
4315,AMC,2023-06-24 14:28:00,2023-06-24 14:48:00,0,0.09016698,0,0,Sell
5529,AMC,2023-06-24 18:49:00,2023-06-24 19:04:00,0,0.061471973,0,0,Sell
1213,AMC,2023-06-26 14:27:00,2023-06-26 14:49:00,1,0.4584537,0,1,Hold
4934,AMC,2023-06-26 15:45:00,2023-06-26 15:58:00,1,0.9171094,1,1,Buy
163,AMC,2023-06-26 16:02:00,2023-06-26 16:27:00,0,0.50269043,1,0,Hold
4679,AMC,2023-06-26 18:12:00,2023-06-26 18:32:00,0,0.06297674,0,0,Sell
4019,AMC,2023-06-27 07:44:00,2023-06-27 08:05:00,1,0.48773137,0,1,Hold
8988,AMC,2023-06-28 03:50:00,2023-06-28 04:01:00,1,0.90824497,1,1,Buy
1106,AMC,2023-06-29 00:17:00,2023-06-29 00:45:00,1,0.8931713,1,1,Buy
8181,AMC,2023-06-29 01:32:00,2023-06-29 01:55:00,0,0.62721264,1,0,Buy
43,AMC,2023-06-29 05:24:00,2023-06-29 05:37:00,1,0.29007027,0,1,Sell
5019,AMC,2023-06-29 14:04:00,2023-06-29 14:24:00,1,0.4593094,0,1,Hold
2699,AMC,2023-06-30 04:21:00,2023-06-30 04:49:00,1,0.9246454,1,1,Buy
9114,AMC,2023-06-30 15:53:00,2023-06-30 16:15:00,1,0.6903828,1,1,Buy
1830,AMC,2023-07-01 00:00:00,2023-07-01 00:18:00,0,0.089094765,0,0,Sell
6626,AMC,2023-07-01 01:06:00,2023-07-01 01:16:00,0,0.08813042,0,0,Sell
8300,AMC,2023-07-01 10:14:00,2023-07-01 10:20:00,0,0.04597207,0,0,Sell
9900,AMC,2023-07-01 19:00:00,2023-07-01 19:09:00,0,0.2950463,0,0,Sell
3742,AMC,2023-07-01 20:23:00,2023-07-01 20:41:00,0,0.04373286,0,0,Sell
4358,AMC,2023-07-02 01:19:00,2023-07-02 01:46:00,1,0.9028399,1,1,Buy
7247,AMC,2023-07-02 08:25:00,2023-07-02 08:30:00,0,0.49852332,0,0,Hold
9310,AMC,2023-07-02 16:45:00,2023-07-02 16:59:00,0,0.075710826,0,0,Sell
3498,AMC,2023-07-02 18:16:00,2023-07-02 18:31:00,0,0.057387687,0,0,Sell
3431,AMC,2023-07-02 20:57:00,2023-07-02 21:04:00,1,0.8939211,1,1,Buy
7926,AMC,2023-07-02 21:41:00,2023-07-02 21:48:00,0,0.040771995,0,0,Sell
8534,AMC,2023-07-02 23:21:00,2023-07-02 23:40:00,0,0.53238046,1,0,Hold
731,AMC,2023-07-03 00:27:00,2023-07-03 00:34:00,1,0.8570779,1,1,Buy
2128,AMC,2023-07-03 10:36:00,2023-07-03 10:43:00,1,0.71416634,1,1,Buy
6643,AMC,2023-07-03 16:47:00,2023-07-03 17:14:00,0,0.069203146,0,0,Sell
8572,AMC,2023-07-04 07:06:00,2023-07-04 07:11:00,1,0.84912014,1,1,Buy
2157,AMC,2023-07-05 06:19:00,2023-07-05 06:48:00,0,0.120119475,0,0,Sell
5851,AMC,2023-07-05 23:21:00,2023-07-05 23:34:00,1,0.92522,1,1,Buy
9402,AMC,2023-07-07 06:08:00,2023-07-07 06:26:00,0,0.46932143,0,0,Hold
5447,AMC,2023-07-07 07:46:00,2023-07-07 08:08:00,0,0.3624722,0,0,Sell
9009,AMC,2023-07-07 11:35:00,2023-07-07 11:51:00,0,0.42387938,0,0,Hold
105,AMC,2023-07-07 19:30:00,2023-07-07 19:51:00,0,0.05647654,0,0,Sell
6370,AMC,2023-07-07 21:30:00,2023-07-07 21:42:00,0,0.2272591,0,0,Sell
3320,AMC,2023-07-08 01:05:00,2023-07-08 01:25:00,0,0.059068434,0,0,Sell
4909,AMC,2023-07-08 17:42:00,2023-07-08 18:00:00,1,0.9407332,1,1,Buy
4624,AMC,2023-07-08 18:19:00,2023-07-08 18:37:00,1,0.9624593,1,1,Buy
1156,AMC,2023-07-08 18:52:00,2023-07-08 19:04:00,1,0.60279894,1,1,Buy
5907,AMC,2023-07-10 04:31:00,2023-07-10 04:37:00,0,0.089289695,0,0,Sell
6144,AMC,2023-07-10 05:10:00,2023-07-10 05:17:00,0,0.100138225,0,0,Sell
9754,AMC,2023-07-10 16:52:00,2023-07-10 17:17:00,0,0.38063297,0,0,Sell
4907,AMC,2023-07-10 18:31:00,2023-07-10 18:57:00,1,0.9170517,1,1,Buy
9905,AMC,2023-07-11 05:45:00,2023-07-11 05:52:00,1,0.91033787,1,1,Buy
3076,AMC,2023-07-12 07:07:00,2023-07-12 07:35:00,0,0.0784976,0,0,Sell
1056,AMC,2023-07-12 08:28:00,2023-07-12 08:57:00,1,0.95054185,1,1,Buy
1116,AMC,2023-07-12 09:42:00,2023-07-12 10:07:00,1,0.07378342,0,1,Sell
8433,AMC,2023-07-12 23:45:00,2023-07-12 23:57:00,1,0.93732554,1,1,Buy
2725,AMC,2023-07-13 14:12:00,2023-07-13 14:36:00,1,0.90504104,1,1,Buy
8523,AMC,2023-07-13 17:03:00,2023-07-13 17:21:00,0,0.09847396,0,0,Sell
8320,AMC,2023-07-13 17:56:00,2023-07-13 18:11:00,1,0.52556986,1,1,Hold
4101,AMC,2023-07-13 18:13:00,2023-07-13 18:20:00,0,0.059741657,0,0,Sell
8043,AMC,2023-07-13 18:53:00,2023-07-13 19:23:00,0,0.04128192,0,0,Sell
750,AMC,2023-07-14 03:43:00,2023-07-14 03:57:00,0,0.06716455,0,0,Sell
6057,AMC,2023-07-14 06:58:00,2023-07-14 07:04:00,0,0.07883463,0,0,Sell
136,AMC,2023-07-14 11:58:00,2023-07-14 12:08:00,0,0.13288733,0,0,Sell
7495,AMC,2023-07-14 12:03:00,2023-07-14 12:10:00,1,0.8996606,1,1,Buy
1852,AMC,2023-07-15 00:56:00,2023-07-15 01:20:00,1,0.92687213,1,1,Buy
7213,AMC,2023-07-15 01:14:00,2023-07-15 01:32:00,0,0.05404797,0,0,Sell
7694,AMC,2023-07-15 05:04:00,2023-07-15 05:28:00,1,0.91268826,1,1,Buy
8464,AMC,2023-07-15 06:16:00,2023-07-15 06:45:00,1,0.4469466,0,1,Hold
9003,AMC,2023-07-15 19:05:00,2023-07-15 19:18:00,1,0.9610929,1,1,Buy
5413,AMC,2023-07-16 17:15:00,2023-07-16 17:34:00,1,0.92799336,1,1,Buy
5255,AMC,2023-07-17 03:22:00,2023-07-17 03:43:00,0,0.7808184,1,0,Buy
95,AMC,2023-07-17 23:57:00,2023-07-18 00:11:00,0,0.45936903,0,0,Hold
1544,AMC,2023-07-18 12:06:00,2023-07-18 12:19:00,1,0.9403937,1,1,Buy
3586,AMC,2023-07-19 16:41:00,2023-07-19 16:53:00,1,0.94912684,1,1,Buy
4415,AMC,2023-07-20 03:50:00,2023-07-20 04:15:00,1,0.93566114,1,1,Buy
9543,AMC,2023-07-20 18:52:00,2023-07-20 19:19:00,1,0.6651922,1,1,Buy
1978,AMC,2023-07-20 21:22:00,2023-07-20 21:40:00,1,0.9461332,1,1,Buy
1922,AMC,2023-07-21 04:42:00,2023-07-21 04:52:00,1,0.9368828,1,1,Buy
7860,AMC,2023-07-22 04:59:00,2023-07-22 05:10:00,1,0.944949,1,1,Buy
7301,AMC,2023-07-22 18:47:00,2023-07-22 18:55:00,1,0.9580439,1,1,Buy
3090,AMC,2023-07-23 02:21:00,2023-07-23 02:43:00,0,0.119000554,0,0,Sell
431,AMC,2023-07-23 07:03:00,2023-07-23 07:16:00,0,0.087118484,0,0,Sell
4160,AMC,2023-07-23 13:46:00,2023-07-23 14:13:00,0,0.46215925,0,0,Hold
497,AMC,2023-07-24 22:35:00,2023-07-24 22:55:00,1,0.9457764,1,1,Buy
8705,AMC,2023-07-25 04:07:00,2023-07-25 04:22:00,1,0.21001786,0,1,Sell
3470,AMC,2023-07-25 06:04:00,2023-07-25 06:24:00,1,0.9576408,1,1,Buy
7044,AMC,2023-07-26 05:38:00,2023-07-26 05:45:00,1,0.95516795,1,1,Buy
2997,AMC,2023-07-26 15:27:00,2023-07-26 15:47:00,0,0.14941728,0,0,Sell
2374,AMC,2023-07-26 22:13:00,2023-07-26 22:32:00,1,0.103861794,0,1,Sell
2390,AMC,2023-07-27 01:28:00,2023-07-27 01:34:00,0,0.8403021,1,0,Buy
1021,AMC,2023-07-27 04:11:00,2023-07-27 04:27:00,1,0.9311684,1,1,Buy
1255,AMC,2023-07-27 04:56:00,2023-07-27 05:22:00,0,0.08259509,0,0,Sell
2102,AMC,2023-07-27 08:34:00,2023-07-27 09:00:00,0,0.06923946,0,0,Sell
5130,AMC,2023-07-27 23:44:00,2023-07-27 23:50:00,0,0.38148534,0,0,Sell
8480,AMC,2023-07-29 02:12:00,2023-07-29 02:32:00,0,0.0696544,0,0,Sell
3564,AMC,2023-07-30 05:46:00,2023-07-30 06:05:00,0,0.7016279,1,0,Buy
2844,AMC,2023-07-30 11:22:00,2023-07-30 11:50:00,0,0.050265033,0,0,Sell
9868,AMC,2023-07-30 12:02:00,2023-07-30 12:19:00,0,0.24823678,0,0,Sell
9106,AMC,2023-07-31 07:12:00,2023-07-31 07:17:00,0,0.07491882,0,0,Sell
8051,AMC,2023-07-31 07:23:00,2023-07-31 07:50:00,1,0.88247585,1,1,Buy
8862,AMC,2023-07-31 08:18:00,2023-07-31 08:35:00,0,0.055975743,0,0,Sell
9318,AMC,2023-07-31 09:47:00,2023-07-31 10:04:00,0,0.06415758,0,0,Sell
9359,AMC,2023-07-31 12:49:00,2023-07-31 13:17:00,0,0.050616454,0,0,Sell
5204,AMC,2023-08-01 00:30:00,2023-08-01 00:39:00,1,0.8166534,1,1,Buy
3457,AMC,2023-08-01 06:10:00,2023-08-01 06:27:00,0,0.26961106,0,0,Sell
1561,AMC,2023-08-01 07:23:00,2023-08-01 07:39:00,1,0.2431112,0,1,Sell
6584,AMC,2023-08-01 10:28:00,2023-08-01 10:58:00,0,0.91856664,1,0,Buy
1066,AMC,2023-08-01 16:54:00,2023-08-01 17:18:00,0,0.090814844,0,0,Sell
1532,AMC,2023-08-02 19:46:00,2023-08-02 20:06:00,1,0.92306066,1,1,Buy
8624,AMC,2023-08-03 02:01:00,2023-08-03 02:17:00,1,0.7556877,1,1,Buy
7880,AMC,2023-08-03 07:13:00,2023-08-03 07:34:00,0,0.07954444,0,0,Sell
4724,AMC,2023-08-03 16:28:00,2023-08-03 16:54:00,1,0.9524007,1,1,Buy
4156,AMC,2023-08-04 09:31:00,2023-08-04 09:56:00,0,0.4895986,0,0,Hold
6720,AMC,2023-08-05 17:52:00,2023-08-05 18:17:00,1,0.9560442,1,1,Buy
534,AMC,2023-08-07 00:23:00,2023-08-07 00:50:00,0,0.22577104,0,0,Sell
7049,AMC,2023-08-07 07:54:00,2023-08-07 08:02:00,0,0.06853463,0,0,Sell
7091,AMC,2023-08-08 07:11:00,2023-08-08 07:30:00,1,0.9087951,1,1,Buy
3281,AMC,2023-08-08 14:14:00,2023-08-08 14:27:00,0,0.059975754,0,0,Sell
131,AMC,2023-08-11 15:03:00,2023-08-11 15:14:00,0,0.04614692,0,0,Sell
8471,AMC,2023-08-12 20:19:00,2023-08-12 20:24:00,0,0.3197732,0,0,Sell
1238,AMC,2023-08-12 23:52:00,2023-08-13 00:08:00,1,0.94421214,1,1,Buy
8097,AMC,2023-08-13 08:59:00,2023-08-13 09:16:00,1,0.30341527,0,1,Sell
4048,AMC,2023-08-15 01:35:00,2023-08-15 01:56:00,1,0.8974987,1,1,Buy
9381,AMC,2023-08-15 22:54:00,2023-08-15 22:59:00,0,0.10148432,0,0,Sell
7523,AMC,2023-08-16 03:29:00,2023-08-16 03:42:00,0,0.07468028,0,0,Sell
3031,AMC,2023-08-16 18:17:00,2023-08-16 18:25:00,1,0.9434263,1,1,Buy
4517,AMC,2023-08-16 19:39:00,2023-08-16 19:44:00,1,0.28978804,0,1,Sell
4155,AMC,2023-08-17 01:21:00,2023-08-17 01:44:00,0,0.9249945,1,0,Buy
9399,AMC,2023-08-18 18:52:00,2023-08-18 19:10:00,1,0.95981145,1,1,Buy
9583,AMC,2023-08-18 22:13:00,2023-08-18 22:25:00,0,0.092518434,0,0,Sell
6033,AMC,2023-08-19 05:44:00,2023-08-19 06:06:00,1,0.94715106,1,1,Buy
7358,AMC,2023-08-19 06:34:00,2023-08-19 06:56:00,0,0.07769927,0,0,Sell
8954,AMC,2023-08-19 06:44:00,2023-08-19 06:55:00,1,0.94551414,1,1,Buy
8768,AMC,2023-08-19 07:43:00,2023-08-19 08:10:00,1,0.94534653,1,1,Buy
1082,AMC,2023-08-19 10:47:00,2023-08-19 11:06:00,1,0.68926984,1,1,Buy
4919,AMC,2023-08-19 22:59:00,2023-08-19 23:24:00,1,0.95654786,1,1,Buy
554,AMC,2023-08-20 14:40:00,2023-08-20 14:46:00,1,0.9642099,1,1,Buy
7285,AMC,2023-08-21 12:51:00,2023-08-21 12:58:00,1,0.9433392,1,1,Buy
9332,AMC,2023-08-22 00:02:00,2023-08-22 00:22:00,0,0.9301378,1,0,Buy
6476,AMC,2023-08-22 08:03:00,2023-08-22 08:33:00,1,0.91894865,1,1,Buy
4608,AMC,2023-08-22 13:01:00,2023-08-22 13:12:00,0,0.075330056,0,0,Sell
1611,AMC,2023-08-22 13:22:00,2023-08-22 13:42:00,1,0.09621774,0,1,Sell
755,AMC,2023-08-22 20:54:00,2023-08-22 21:02:00,0,0.099667296,0,0,Sell
6742,AMC,2023-08-23 09:55:00,2023-08-23 10:11:00,1,0.40064135,0,1,Hold
7280,AMC,2023-08-24 05:02:00,2023-08-24 05:15:00,0,0.34815192,0,0,Sell
2571,AMC,2023-08-24 07:58:00,2023-08-24 08:04:00,0,0.080668755,0,0,Sell
7656,AMC,2023-08-24 08:18:00,2023-08-24 08:47:00,0,0.060265012,0,0,Sell
2062,AMC,2023-08-25 08:33:00,2023-08-25 08:59:00,1,0.9160586,1,1,Buy
5483,AMC,2023-08-25 19:05:00,2023-08-25 19:29:00,0,0.14644429,0,0,Sell
3415,AMC,2023-08-26 03:05:00,2023-08-26 03:22:00,0,0.30094346,0,0,Sell
361,AMC,2023-08-28 12:05:00,2023-08-28 12:29:00,1,0.92608863,1,1,Buy
2492,AMC,2023-08-29 12:25:00,2023-08-29 12:47:00,0,0.5451079,1,0,Hold
5794,AMC,2023-08-29 23:34:00,2023-08-30 00:00:00,1,0.9508385,1,1,Buy
1514,AMC,2023-08-30 02:21:00,2023-08-30 02:32:00,1,0.6962017,1,1,Buy
7561,AMC,2023-08-30 02:54:00,2023-08-30 03:18:00,1,0.9247297,1,1,Buy
6249,AMC,2023-08-30 05:14:00,2023-08-30 05:19:00,0,0.08948068,0,0,Sell
2860,AMC,2023-08-30 06:55:00,2023-08-30 07:06:00,1,0.5728872,1,1,Hold
5001,AMC,2023-08-30 15:58:00,2023-08-30 16:15:00,1,0.5406393,1,1,Hold
8389,AMC,2023-08-31 10:59:00,2023-08-31 11:12:00,0,0.09521466,0,0,Sell
1897,AMC,2023-08-31 18:15:00,2023-08-31 18:43:00,1,0.94818157,1,1,Buy
1277,AMC,2023-09-01 02:55:00,2023-09-01 03:01:00,0,0.16849099,0,0,Sell
3100,AMC,2023-09-01 03:20:00,2023-09-01 03:41:00,1,0.6812932,1,1,Buy
4870,AMC,2023-09-02 14:09:00,2023-09-02 14:20:00,0,0.07458997,0,0,Sell
501,AMC,2023-09-02 14:10:00,2023-09-02 14:21:00,1,0.54465955,1,1,Hold
9120,AMC,2023-09-02 21:34:00,2023-09-02 21:56:00,0,0.42507213,0,0,Hold
866,AMC,2023-09-02 23:53:00,2023-09-03 00:20:00,1,0.47377527,0,1,Hold
4601,AMC,2023-09-03 04:42:00,2023-09-03 05:02:00,1,0.84052503,1,1,Buy
9485,AMC,2023-09-03 04:53:00,2023-09-03 05:05:00,1,0.9512958,1,1,Buy
2780,AMC,2023-09-04 03:58:00,2023-09-04 04:18:00,0,0.1008489,0,0,Sell
6346,AMC,2023-09-04 12:04:00,2023-09-04 12:25:00,1,0.92735773,1,1,Buy
433,AMC,2023-09-05 04:17:00,2023-09-05 04:37:00,1,0.81764275,1,1,Buy
2025,AMC,2023-09-05 10:01:00,2023-09-05 10:14:00,1,0.95255196,1,1,Buy
7162,AMC,2023-09-05 15:39:00,2023-09-05 15:54:00,1,0.78014344,1,1,Buy
8522,AMC,2023-09-08 09:12:00,2023-09-08 09:25:00,0,0.060609367,0,0,Sell
292,AMC,2023-09-09 06:34:00,2023-09-09 06:41:00,1,0.91577643,1,1,Buy
3476,AMC,2023-09-09 12:49:00,2023-09-09 13:14:00,0,0.050806448,0,0,Sell
9500,AMC,2023-09-10 00:26:00,2023-09-10 00:54:00,1,0.8982942,1,1,Buy
3904,AMC,2023-09-10 10:03:00,2023-09-10 10:21:00,1,0.91174436,1,1,Buy
6913,AMC,2023-09-10 10:27:00,2023-09-10 10:37:00,1,0.49435726,0,1,Hold
85,AMC,2023-09-10 19:20:00,2023-09-10 19:47:00,1,0.9582697,1,1,Buy
4905,AMC,2023-09-11 16:29:00,2023-09-11 16:48:00,0,0.117075115,0,0,Sell
2356,AMC,2023-09-11 20:57:00,2023-09-11 21:24:00,0,0.054721672,0,0,Sell
391,AMC,2023-09-11 21:08:00,2023-09-11 21:33:00,1,0.9463798,1,1,Buy
1220,AMC,2023-09-12 16:03:00,2023-09-12 16:13:00,0,0.05448764,0,0,Sell
8135,AMC,2023-09-12 16:18:00,2023-09-12 16:28:00,0,0.04137685,0,0,Sell
996,AMC,2023-09-13 01:03:00,2023-09-13 01:25:00,0,0.23974255,0,0,Sell
557,AMC,2023-09-13 20:10:00,2023-09-13 20:39:00,1,0.9079653,1,1,Buy
8317,AMC,2023-09-14 00:26:00,2023-09-14 00:33:00,1,0.86699784,1,1,Buy
3104,AMC,2023-09-14 10:46:00,2023-09-14 10:51:00,1,0.94168574,1,1,Buy
1307,AMC,2023-09-15 06:16:00,2023-09-15 06:44:00,0,0.08940723,0,0,Sell
6012,AMC,2023-09-15 13:14:00,2023-09-15 13:43:00,0,0.440721,0,0,Hold
2820,AMC,2023-09-15 14:24:00,2023-09-15 14:45:00,0,0.939631,1,0,Buy
1999,AMC,2023-09-15 20:46:00,2023-09-15 21:07:00,1,0.92174006,1,1,Buy
2278,AMC,2023-09-16 16:19:00,2023-09-16 16:42:00,0,0.85553825,1,0,Buy
939,AMC,2023-09-16 20:26:00,2023-09-16 20:45:00,1,0.95212567,1,1,Buy
8231,AMC,2023-09-17 00:54:00,2023-09-17 01:20:00,0,0.07091428,0,0,Sell
3253,AMC,2023-09-17 01:25:00,2023-09-17 01:47:00,1,0.93002623,1,1,Buy
3436,AMC,2023-09-17 03:40:00,2023-09-17 04:09:00,0,0.06963557,0,0,Sell
8502,AMC,2023-09-17 22:02:00,2023-09-17 22:28:00,0,0.39004105,0,0,Sell
8008,AMC,2023-09-18 02:14:00,2023-09-18 02:34:00,1,0.8815151,1,1,Buy
5430,AMC,2023-09-18 12:44:00,2023-09-18 12:49:00,1,0.9247304,1,1,Buy
552,AMC,2023-09-20 15:28:00,2023-09-20 15:56:00,1,0.4722373,0,1,Hold
2040,AMC,2023-09-21 05:06:00,2023-09-21 05:29:00,1,0.116646,0,1,Sell
8321,AMC,2023-09-21 16:45:00,2023-09-21 16:51:00,0,0.08562453,0,0,Sell
8053,AMC,2023-09-22 00:46:00,2023-09-22 00:58:00,0,0.03310297,0,0,Sell
1536,AMC,2023-09-22 03:19:00,2023-09-22 03:37:00,1,0.8745111,1,1,Buy
6807,AMC,2023-09-22 21:32:00,2023-09-22 21:42:00,0,0.028538227,0,0,Sell
2930,AMC,2023-09-23 13:34:00,2023-09-23 14:02:00,1,0.13710801,0,1,Sell
2432,AMC,2023-09-24 12:11:00,2023-09-24 12:16:00,0,0.49357307,0,0,Hold
6366,AMC,2023-09-24 18:19:00,2023-09-24 18:27:00,0,0.12002472,0,0,Sell
3738,AMC,2023-09-24 23:49:00,2023-09-25 00:11:00,1,0.35170886,0,1,Sell
6927,AMC,2023-09-25 07:06:00,2023-09-25 07:18:00,0,0.08781481,0,0,Sell
8314,AMC,2023-09-25 10:35:00,2023-09-25 10:47:00,1,0.9012433,1,1,Buy
9712,AMC,2023-09-25 11:00:00,2023-09-25 11:20:00,1,0.91987693,1,1,Buy
3819,AMC,2023-09-25 12:57:00,2023-09-25 13:18:00,1,0.621303,1,1,Buy
3968,AMC,2023-09-25 13:59:00,2023-09-25 14:05:00,0,0.055379245,0,0,Sell
3298,AMC,2023-09-25 21:26:00,2023-09-25 21:49:00,0,0.47995296,0,0,Hold
1207,AMC,2023-09-26 07:16:00,2023-09-26 07:39:00,1,0.8800876,1,1,Buy
5522,AMC,2023-09-26 17:30:00,2023-09-26 17:59:00,1,0.9451485,1,1,Buy
5553,AMC,2023-09-27 00:30:00,2023-09-27 01:00:00,1,0.71029615,1,1,Buy
9801,AMC,2023-09-27 11:35:00,2023-09-27 11:49:00,1,0.48006117,0,1,Hold
8236,AMC,2023-09-27 12:59:00,2023-09-27 13:26:00,1,0.57924944,1,1,Hold
2966,AMC,2023-09-27 21:24:00,2023-09-27 21:51:00,0,0.09395118,0,0,Sell
7296,AMC,2023-09-28 00:31:00,2023-09-28 00:44:00,1,0.92269564,1,1,Buy
2582,AMC,2023-09-28 06:27:00,2023-09-28 06:34:00,1,0.082730375,0,1,Sell
2490,AMC,2023-09-28 10:34:00,2023-09-28 10:42:00,0,0.31731778,0,0,Sell
654,AMC,2023-09-28 12:24:00,2023-09-28 12:46:00,0,0.056572154,0,0,Sell
7188,AMC,2023-09-28 12:30:00,2023-09-28 12:49:00,1,0.91441506,1,1,Buy
8765,AMC,2023-09-29 00:27:00,2023-09-29 00:41:00,0,0.36814097,0,0,Sell
2377,AMC,2023-09-29 09:23:00,2023-09-29 09:28:00,0,0.0681466,0,0,Sell
7771,AMC,2023-09-29 13:57:00,2023-09-29 14:12:00,1,0.22845644,0,1,Sell
8249,AMC,2023-09-29 14:07:00,2023-09-29 14:24:00,1,0.9373413,1,1,Buy
8018,AMC,2023-09-30 01:54:00,2023-09-30 02:08:00,0,0.66979665,1,0,Buy
9406,AMC,2023-10-01 00:52:00,2023-10-01 01:10:00,0,0.10703999,0,0,Sell
7814,AMC,2023-10-01 20:00:00,2023-10-01 20:17:00,0,0.21083437,0,0,Sell
1343,AMC,2023-10-01 23:24:00,2023-10-01 23:38:00,0,0.42417789,0,0,Hold
725,AMC,2023-10-02 04:52:00,2023-10-02 05:18:00,1,0.43380558,0,1,Hold
2957,AMC,2023-10-02 05:24:00,2023-10-02 05:39:00,0,0.06922333,0,0,Sell
3041,AMC,2023-10-02 12:51:00,2023-10-02 13:18:00,1,0.33018085,0,1,Sell
8406,AMC,2023-10-02 22:41:00,2023-10-02 22:53:00,0,0.069452025,0,0,Sell
4637,AMC,2023-10-03 06:00:00,2023-10-03 06:28:00,1,0.4292887,0,1,Hold
9237,AMC,2023-10-03 11:14:00,2023-10-03 11:26:00,1,0.9153721,1,1,Buy
6821,AMC,2023-10-04 06:24:00,2023-10-04 06:33:00,0,0.07071439,0,0,Sell
5485,AMC,2023-10-05 03:07:00,2023-10-05 03:19:00,1,0.8837181,1,1,Buy
9936,AMC,2023-10-06 05:32:00,2023-10-06 05:40:00,1,0.47161835,0,1,Hold
1644,AMC,2023-10-06 10:34:00,2023-10-06 10:50:00,0,0.054932464,0,0,Sell
4650,AMC,2023-10-06 14:20:00,2023-10-06 14:28:00,1,0.3866512,0,1,Sell
9265,AMC,2023-10-07 00:19:00,2023-10-07 00:46:00,1,0.9014502,1,1,Buy
5453,AMC,2023-10-07 02:42:00,2023-10-07 02:50:00,0,0.08984279,0,0,Sell
1875,AMC,2023-10-07 08:15:00,2023-10-07 08:44:00,0,0.47111496,0,0,Hold
1795,AMC,2023-10-07 14:35:00,2023-10-07 14:50:00,1,0.47293168,0,1,Hold
4149,AMC,2023-10-08 16:34:00,2023-10-08 17:04:00,1,0.4491671,0,1,Hold
4159,AMC,2023-10-08 22:53:00,2023-10-08 23:09:00,1,0.2820875,0,1,Sell
4568,AMC,2023-10-09 01:55:00,2023-10-09 02:12:00,0,0.09462221,0,0,Sell
1352,AMC,2023-10-09 10:39:00,2023-10-09 10:56:00,0,0.0023296457,0,0,Sell
4201,AMC,2023-10-10 02:32:00,2023-10-10 02:51:00,0,0.0041830325,0,0,Sell
3300,AMC,2023-10-10 13:10:00,2023-10-10 13:26:00,0,0.008504059,0,0,Sell
9608,AMC,2023-10-11 00:13:00,2023-10-11 00:33:00,0,0.0030808116,0,0,Sell
498,AMC,2023-10-11 13:02:00,2023-10-11 13:31:00,1,0.017118486,0,1,Sell
6721,AMC,2023-10-11 15:00:00,2023-10-11 15:29:00,0,0.049685825,0,0,Sell
3763,AMC,2023-10-12 12:21:00,2023-10-12 12:42:00,1,0.72894925,1,1,Buy
1337,AMC,2023-10-12 19:33:00,2023-10-12 19:52:00,0,0.5459695,1,0,Hold
97,AMC,2023-10-14 05:32:00,2023-10-14 05:40:00,0,0.058660038,0,0,Sell
4690,AMC,2023-10-15 19:03:00,2023-10-15 19:10:00,0,0.6378023,1,0,Buy
4733,AMC,2023-10-16 03:26:00,2023-10-16 03:33:00,0,0.2861376,0,0,Sell
6030,AMC,2023-10-16 07:58:00,2023-10-16 08:13:00,0,0.07126199,0,0,Sell
2544,AMC,2023-10-16 19:13:00,2023-10-16 19:19:00,0,0.041655485,0,0,Sell
3876,AMC,2023-10-17 21:54:00,2023-10-17 22:05:00,1,0.926032,1,1,Buy
6440,AMC,2023-10-18 00:53:00,2023-10-18 01:00:00,0,0.32086393,0,0,Sell
8973,AMC,2023-10-18 20:47:00,2023-10-18 21:05:00,1,0.93489623,1,1,Buy
9300,AMC,2023-10-20 01:42:00,2023-10-20 02:01:00,1,0.49328515,0,1,Hold
5277,AMC,2023-10-20 08:39:00,2023-10-20 08:50:00,1,0.60551417,1,1,Buy
1117,AMC,2023-10-20 11:04:00,2023-10-20 11:27:00,0,0.10715407,0,0,Sell
1553,AMC,2023-10-20 19:37:00,2023-10-20 20:03:00,1,0.96391875,1,1,Buy
5530,AMC,2023-10-21 02:00:00,2023-10-21 02:09:00,0,0.06306365,0,0,Sell
6311,AMC,2023-10-22 06:52:00,2023-10-22 06:57:00,0,0.056257952,0,0,Sell
1446,AMC,2023-10-22 07:15:00,2023-10-22 07:25:00,1,0.43133822,0,1,Hold
1115,AMC,2023-10-22 07:33:00,2023-10-22 07:49:00,0,0.5407163,1,0,Hold
8182,AMC,2023-10-22 16:26:00,2023-10-22 16:43:00,0,0.5166757,1,0,Hold
4737,AMC,2023-10-22 21:10:00,2023-10-22 21:29:00,0,0.04928072,0,0,Sell
6039,AMC,2023-10-22 23:04:00,2023-10-22 23:11:00,0,0.6275518,1,0,Buy
5568,AMC,2023-10-23 01:26:00,2023-10-23 01:51:00,0,0.40458944,0,0,Hold
4578,AMC,2023-10-23 06:05:00,2023-10-23 06:35:00,0,0.10136358,0,0,Sell
1165,AMC,2023-10-23 07:54:00,2023-10-23 08:03:00,1,0.10407068,0,1,Sell
3045,AMC,2023-10-23 19:32:00,2023-10-23 19:58:00,0,0.05910174,0,0,Sell
950,AMC,2023-10-24 13:03:00,2023-10-24 13:23:00,0,0.5774426,1,0,Hold
5644,AMC,2023-10-25 18:32:00,2023-10-25 18:57:00,1,0.15661207,0,1,Sell
877,AMC,2023-10-26 01:05:00,2023-10-26 01:31:00,0,0.07330032,0,0,Sell
2935,AMC,2023-10-26 22:17:00,2023-10-26 22:46:00,1,0.4454294,0,1,Hold
1028,AMC,2023-10-27 09:28:00,2023-10-27 09:56:00,0,0.0647154,0,0,Sell
8998,AMC,2023-10-27 22:29:00,2023-10-27 22:40:00,0,0.066480845,0,0,Sell
5756,AMC,2023-10-29 06:33:00,2023-10-29 06:46:00,1,0.92552674,1,1,Buy
362,AMC,2023-10-29 08:15:00,2023-10-29 08:20:00,1,0.96541893,1,1,Buy
4103,AMC,2023-10-29 11:47:00,2023-10-29 12:16:00,1,0.9484017,1,1,Buy
7957,AMC,2023-10-29 19:25:00,2023-10-29 19:37:00,1,0.5876644,1,1,Hold
7706,AMC,2023-10-31 01:26:00,2023-10-31 01:54:00,0,0.13684264,0,0,Sell
9337,AMC,2023-10-31 13:49:00,2023-10-31 14:07:00,0,0.06461032,0,0,Sell
8398,AMC,2023-10-31 15:55:00,2023-10-31 16:06:00,0,0.05884593,0,0,Sell
3117,AMC,2023-10-31 18:32:00,2023-10-31 18:55:00,0,0.06498404,0,0,Sell
4058,AMC,2023-11-01 04:41:00,2023-11-01 05:09:00,1,0.8932572,1,1,Buy
5616,AMC,2023-11-02 03:55:00,2023-11-02 04:18:00,0,0.06453906,0,0,Sell
9042,AMC,2023-11-04 11:36:00,2023-11-04 11:44:00,1,0.43570322,0,1,Hold
4269,AMC,2023-11-04 19:29:00,2023-11-04 19:47:00,1,0.9463721,1,1,Buy
2901,AMC,2023-11-04 20:54:00,2023-11-04 21:16:00,1,0.6029919,1,1,Buy
3203,AMC,2023-11-05 09:05:00,2023-11-05 09:14:00,0,0.08428871,0,0,Sell
7872,AMC,2023-11-05 09:55:00,2023-11-05 10:20:00,0,0.50649273,1,0,Hold
8499,AMC,2023-11-05 19:46:00,2023-11-05 20:11:00,0,0.388985,0,0,Sell
3394,AMC,2023-11-05 21:09:00,2023-11-05 21:35:00,0,0.07254953,0,0,Sell
9549,AMC,2023-11-06 02:27:00,2023-11-06 02:33:00,1,0.90387976,1,1,Buy
8120,AMC,2023-11-06 03:01:00,2023-11-06 03:08:00,1,0.9168112,1,1,Buy
2176,AMC,2023-11-06 08:21:00,2023-11-06 08:47:00,1,0.9327138,1,1,Buy
5081,AMC,2023-11-07 00:48:00,2023-11-07 01:04:00,0,0.60984486,1,0,Buy
190,AMC,2023-11-08 02:17:00,2023-11-08 02:40:00,1,0.9271522,1,1,Buy
2240,AMC,2023-11-08 04:29:00,2023-11-08 04:44:00,0,0.12637074,0,0,Sell
834,AMC,2023-11-08 07:41:00,2023-11-08 08:05:00,0,0.06376394,0,0,Sell
6532,AMC,2023-11-08 07:54:00,2023-11-08 08:04:00,0,0.3179166,0,0,Sell
7568,AMC,2023-11-09 12:37:00,2023-11-09 13:02:00,0,0.056511667,0,0,Sell
1960,AMC,2023-11-09 15:47:00,2023-11-09 16:05:00,1,0.89363354,1,1,Buy
7251,AMC,2023-11-09 17:24:00,2023-11-09 17:41:00,0,0.47481027,0,0,Hold
826,AMC,2023-11-11 10:42:00,2023-11-11 11:09:00,1,0.9378687,1,1,Buy
5827,AMC,2023-11-12 05:09:00,2023-11-12 05:15:00,1,0.7921667,1,1,Buy
9423,AMC,2023-11-12 05:50:00,2023-11-12 05:58:00,0,0.07915937,0,0,Sell
5039,AMC,2023-11-12 11:57:00,2023-11-12 12:26:00,0,0.0495549,0,0,Sell
5831,AMC,2023-11-12 19:00:00,2023-11-12 19:23:00,0,0.049423765,0,0,Sell
2393,AMC,2023-11-13 18:07:00,2023-11-13 18:37:00,0,0.20193987,0,0,Sell
1180,AMC,2023-11-14 13:37:00,2023-11-14 13:43:00,0,0.08739225,0,0,Sell
2950,AMC,2023-11-14 21:16:00,2023-11-14 21:39:00,1,0.91259056,1,1,Buy
3484,AMC,2023-11-14 23:00:00,2023-11-14 23:08:00,0,0.046306815,0,0,Sell
4351,AMC,2023-11-15 09:36:00,2023-11-15 10:00:00,0,0.09309507,0,0,Sell
7037,AMC,2023-11-16 01:27:00,2023-11-16 01:41:00,1,0.9368278,1,1,Buy
8371,AMC,2023-11-16 14:17:00,2023-11-16 14:38:00,1,0.9443536,1,1,Buy
7570,AMC,2023-11-17 04:58:00,2023-11-17 05:22:00,0,0.5891779,1,0,Hold
7075,AMC,2023-11-17 10:47:00,2023-11-17 11:09:00,1,0.9575219,1,1,Buy
6317,AMC,2023-11-17 21:34:00,2023-11-17 21:57:00,0,0.14441432,0,0,Sell
8272,AMC,2023-11-18 02:15:00,2023-11-18 02:36:00,1,0.937187,1,1,Buy
4263,AMC,2023-11-18 10:57:00,2023-11-18 11:20:00,0,0.088021725,0,0,Sell
1079,AMC,2023-11-20 00:56:00,2023-11-20 01:08:00,1,0.91510695,1,1,Buy
3437,AMC,2023-11-20 02:46:00,2023-11-20 02:58:00,0,0.09491887,0,0,Sell
7066,AMC,2023-11-20 11:47:00,2023-11-20 12:05:00,0,0.39172328,0,0,Sell
1647,AMC,2023-11-20 20:25:00,2023-11-20 20:34:00,0,0.93395203,1,0,Buy
4062,AMC,2023-11-20 23:51:00,2023-11-20 23:58:00,1,0.63461435,1,1,Buy
6918,AMC,2023-11-21 07:12:00,2023-11-21 07:34:00,0,0.050590277,0,0,Sell
9047,AMC,2023-11-22 09:34:00,2023-11-22 09:54:00,1,0.9191595,1,1,Buy
5143,AMC,2023-11-22 19:06:00,2023-11-22 19:22:00,1,0.95771307,1,1,Buy
5902,AMC,2023-11-23 02:09:00,2023-11-23 02:39:00,0,0.06643592,0,0,Sell
9091,AMC,2023-11-23 20:32:00,2023-11-23 20:40:00,1,0.9169024,1,1,Buy
9078,AMC,2023-11-23 23:24:00,2023-11-23 23:54:00,1,0.81340826,1,1,Buy
3288,AMC,2023-11-24 21:52:00,2023-11-24 22:15:00,0,0.028564349,0,0,Sell
9927,AMC,2023-11-24 22:12:00,2023-11-24 22:22:00,1,0.85293025,1,1,Buy
7917,AMC,2023-11-24 22:17:00,2023-11-24 22:37:00,1,0.9145206,1,1,Buy
7969,AMC,2023-11-25 21:09:00,2023-11-25 21:30:00,0,0.26832342,0,0,Sell
8239,AMC,2023-11-26 02:57:00,2023-11-26 03:03:00,1,0.12848884,0,1,Sell
5718,AMC,2023-11-26 06:47:00,2023-11-26 07:01:00,0,0.4938805,0,0,Hold
102,AMC,2023-11-26 14:20:00,2023-11-26 14:33:00,0,0.053097412,0,0,Sell
5680,AMC,2023-11-26 19:15:00,2023-11-26 19:23:00,0,0.45915577,0,0,Hold
712,AMC,2023-11-26 20:30:00,2023-11-26 21:00:00,0,0.04124215,0,0,Sell
3963,AMC,2023-11-27 18:45:00,2023-11-27 19:15:00,1,0.9296855,1,1,Buy
6809,AMC,2023-11-28 00:20:00,2023-11-28 00:36:00,1,0.3982907,0,1,Sell
6022,AMC,2023-11-28 02:41:00,2023-11-28 02:53:00,0,0.07646873,0,0,Sell
4352,AMC,2023-11-28 07:33:00,2023-11-28 07:44:00,1,0.46668136,0,1,Hold
9404,AMC,2023-11-28 20:35:00,2023-11-28 20:58:00,0,0.08079003,0,0,Sell
8214,AMC,2023-11-29 06:07:00,2023-11-29 06:33:00,0,0.47295398,0,0,Hold
5011,AMC,2023-11-30 13:30:00,2023-11-30 13:49:00,0,0.056218024,0,0,Sell
7190,AMC,2023-11-30 22:06:00,2023-11-30 22:20:00,0,0.060870107,0,0,Sell
6016,AMC,2023-11-30 23:49:00,2023-12-01 00:02:00,1,0.4540971,0,1,Hold
9897,AMC,2023-12-01 08:38:00,2023-12-01 08:59:00,1,0.93520796,1,1,Buy
819,AMC,2023-12-03 11:48:00,2023-12-03 12:05:00,0,0.70282036,1,0,Buy
9373,AMC,2023-12-03 22:06:00,2023-12-03 22:11:00,1,0.94344616,1,1,Buy
1865,AMC,2023-12-04 00:07:00,2023-12-04 00:17:00,0,0.10487931,0,0,Sell
624,AMC,2023-12-04 08:59:00,2023-12-04 09:29:00,0,0.5498462,1,0,Hold
55,AMC,2023-12-04 23:32:00,2023-12-04 23:47:00,0,0.06708678,0,0,Sell
1668,AMC,2023-12-05 01:58:00,2023-12-05 02:22:00,0,0.10135981,0,0,Sell
2334,AMC,2023-12-05 02:19:00,2023-12-05 02:46:00,0,0.09156695,0,0,Sell
2734,AMC,2023-12-05 07:31:00,2023-12-05 07:56:00,1,0.8779318,1,1,Buy
4391,AMC,2023-12-06 01:32:00,2023-12-06 02:01:00,0,0.08890162,0,0,Sell
9634,AMC,2023-12-06 14:03:00,2023-12-06 14:15:00,1,0.92665905,1,1,Buy
3775,AMC,2023-12-07 02:07:00,2023-12-07 02:31:00,0,0.090497665,0,0,Sell
1346,AMC,2023-12-07 04:01:00,2023-12-07 04:27:00,0,0.10139169,0,0,Sell
1694,AMC,2023-12-08 16:38:00,2023-12-08 16:51:00,0,0.27133882,0,0,Sell
7948,AMC,2023-12-11 07:19:00,2023-12-11 07:47:00,1,0.933057,1,1,Buy
4605,AMC,2023-12-12 09:36:00,2023-12-12 09:51:00,1,0.57832193,1,1,Hold
7432,AMC,2023-12-12 09:40:00,2023-12-12 10:05:00,0,0.35393503,0,0,Sell
8164,AMC,2023-12-13 00:35:00,2023-12-13 00:47:00,0,0.090024516,0,0,Sell
447,AMC,2023-12-13 04:31:00,2023-12-13 05:00:00,1,0.903274,1,1,Buy
4792,AMC,2023-12-13 20:49:00,2023-12-13 21:03:00,0,0.06354648,0,0,Sell
386,AMC,2023-12-14 08:11:00,2023-12-14 08:30:00,0,0.05495345,0,0,Sell
5856,AMC,2023-12-14 08:14:00,2023-12-14 08:42:00,0,0.16002695,0,0,Sell
1845,AMC,2023-12-15 00:35:00,2023-12-15 00:40:00,1,0.89962804,1,1,Buy
7124,AMC,2023-12-15 09:44:00,2023-12-15 09:56:00,1,0.94035757,1,1,Buy
1933,AMC,2023-12-15 17:31:00,2023-12-15 17:55:00,0,0.07997286,0,0,Sell
5910,AMC,2023-12-16 06:20:00,2023-12-16 06:41:00,1,0.9337198,1,1,Buy
6629,AMC,2023-12-16 20:02:00,2023-12-16 20:28:00,1,0.9768966,1,1,Buy
7609,AMC,2023-12-16 22:35:00,2023-12-16 23:01:00,0,0.75268626,1,0,Buy
3074,AMC,2023-12-17 23:50:00,2023-12-18 00:16:00,0,0.25476164,0,0,Sell
9287,AMC,2023-12-18 09:02:00,2023-12-18 09:28:00,1,0.94834495,1,1,Buy
4450,AMC,2023-12-18 10:38:00,2023-12-18 11:01:00,0,0.123502955,0,0,Sell
3709,AMC,2023-12-19 16:07:00,2023-12-19 16:24:00,1,0.93148196,1,1,Buy
853,AMC,2023-12-19 16:14:00,2023-12-19 16:20:00,1,0.9481865,1,1,Buy
9442,AMC,2023-12-19 20:15:00,2023-12-19 20:45:00,1,0.9526705,1,1,Buy
1247,AMC,2023-12-20 10:02:00,2023-12-20 10:26:00,1,0.5060038,1,1,Hold
511,AMC,2023-12-20 23:00:00,2023-12-20 23:19:00,1,0.96421516,1,1,Buy
7225,AMC,2023-12-21 04:40:00,2023-12-21 04:58:00,0,0.5635834,1,0,Hold
5392,AMC,2023-12-21 15:07:00,2023-12-21 15:27:00,0,0.08422933,0,0,Sell
6838,AMC,2023-12-22 05:18:00,2023-12-22 05:40:00,0,0.4801891,0,0,Hold
6864,AMC,2023-12-22 09:25:00,2023-12-22 09:36:00,1,0.461099,0,1,Hold
4524,AMC,2023-12-22 21:21:00,2023-12-22 21:33:00,1,0.9188358,1,1,Buy
9131,AMC,2023-12-23 00:00:00,2023-12-23 00:23:00,1,0.45981306,0,1,Hold
1964,AMC,2023-12-23 07:14:00,2023-12-23 07:36:00,1,0.25332868,0,1,Sell
9260,AMC,2023-12-23 19:11:00,2023-12-23 19:21:00,0,0.06812916,0,0,Sell
6828,AMC,2023-12-23 21:50:00,2023-12-23 22:15:00,0,0.051097196,0,0,Sell
1351,AMC,2023-12-24 10:06:00,2023-12-24 10:28:00,0,0.2960028,0,0,Sell
9518,AMC,2023-12-24 15:11:00,2023-12-24 15:41:00,1,0.05735213,0,1,Sell
3472,AMC,2023-12-24 22:06:00,2023-12-24 22:33:00,1,0.92504525,1,1,Buy
7080,AMC,2023-12-25 19:24:00,2023-12-25 19:42:00,1,0.3207187,0,1,Sell
9956,AMC,2023-12-25 23:33:00,2023-12-25 23:44:00,0,0.571642,1,0,Hold
3770,AMC,2023-12-26 08:01:00,2023-12-26 08:31:00,0,0.41392183,0,0,Hold
4714,AMC,2023-12-26 09:57:00,2023-12-26 10:06:00,0,0.080546126,0,0,Sell
8238,AMC,2023-12-27 09:35:00,2023-12-27 09:59:00,1,0.915896,1,1,Buy
9852,AMC,2023-12-28 13:16:00,2023-12-28 13:45:00,0,0.057418175,0,0,Sell
6602,AMC,2023-12-28 13:21:00,2023-12-28 13:33:00,0,0.05944583,0,0,Sell
5973,AMC,2023-12-29 00:32:00,2023-12-29 00:41:00,0,0.3878188,0,0,Sell
245,AMC,2023-12-29 01:27:00,2023-12-29 01:45:00,0,0.2933556,0,0,Sell
8692,AMC,2023-12-29 02:04:00,2023-12-29 02:21:00,0,0.3272048,0,0,Sell
182,AMC,2023-12-30 06:18:00,2023-12-30 06:44:00,1,0.27528667,0,1,Sell
4883,AMC,2023-12-30 14:48:00,2023-12-30 15:05:00,1,0.48783818,0,1,Hold
8656,AMC,2023-12-30 19:28:00,2023-12-30 19:57:00,1,0.9280951,1,1,Buy
5571,AMC,2023-12-30 21:20:00,2023-12-30 21:30:00,1,0.739191,1,1,Buy
1162,AMC,2023-12-31 02:12:00,2023-12-31 02:23:00,0,0.50926393,1,0,Hold
9809,AMC,2023-12-31 08:50:00,2023-12-31 09:03:00,0,0.93391347,1,0,Buy
1585,AMC,2023-12-31 15:37:00,2023-12-31 15:59:00,0,0.061426044,0,0,Sell
3445,AMC,2024-01-01 00:22:00,2024-01-01 00:30:00,1,0.3036672,0,1,Sell
7270,AMC,2024-01-01 07:24:00,2024-01-01 07:34:00,1,0.9312519,1,1,Buy
6713,AMC,2024-01-01 19:55:00,2024-01-01 20:20:00,0,0.39381894,0,0,Sell
2494,AMD,2023-01-01 02:03:00,2023-01-01 02:31:00,0,0.057245936,0,0,Sell
5269,AMD,2023-01-01 04:50:00,2023-01-01 04:57:00,0,0.061873455,0,0,Sell
8744,AMD,2023-01-01 20:37:00,2023-01-01 21:04:00,1,0.9316863,1,1,Buy
2419,AMD,2023-01-02 14:13:00,2023-01-02 14:34:00,1,0.9351232,1,1,Buy
7121,AMD,2023-01-02 18:41:00,2023-01-02 18:49:00,1,0.97680295,1,1,Buy
6893,AMD,2023-01-02 22:26:00,2023-01-02 22:41:00,1,0.9635886,1,1,Buy
8543,AMD,2023-01-03 01:18:00,2023-01-03 01:39:00,0,0.17883873,0,0,Sell
6951,AMD,2023-01-03 10:33:00,2023-01-03 10:50:00,0,0.114688314,0,0,Sell
2666,AMD,2023-01-03 14:39:00,2023-01-03 14:57:00,1,0.9681749,1,1,Buy
718,AMD,2023-01-03 21:14:00,2023-01-03 21:23:00,0,0.04405906,0,0,Sell
6068,AMD,2023-01-04 08:14:00,2023-01-04 08:25:00,1,0.402304,0,1,Hold
9481,AMD,2023-01-04 12:32:00,2023-01-04 12:40:00,1,0.07672995,0,1,Sell
9049,AMD,2023-01-04 22:39:00,2023-01-04 23:04:00,1,0.9535819,1,1,Buy
2313,AMD,2023-01-05 01:16:00,2023-01-05 01:28:00,0,0.09972464,0,0,Sell
6850,AMD,2023-01-06 04:22:00,2023-01-06 04:33:00,0,0.64351565,1,0,Buy
5257,AMD,2023-01-06 09:44:00,2023-01-06 09:52:00,0,0.07252725,0,0,Sell
7767,AMD,2023-01-06 12:39:00,2023-01-06 12:46:00,0,0.2712154,0,0,Sell
6823,AMD,2023-01-07 00:48:00,2023-01-07 01:07:00,0,0.54190546,1,0,Hold
486,AMD,2023-01-07 08:31:00,2023-01-07 08:57:00,0,0.9043901,1,0,Buy
3347,AMD,2023-01-07 23:06:00,2023-01-07 23:17:00,1,0.8990938,1,1,Buy
5494,AMD,2023-01-08 01:59:00,2023-01-08 02:20:00,1,0.9075398,1,1,Buy
161,AMD,2023-01-08 22:20:00,2023-01-08 22:33:00,0,0.31556186,0,0,Sell
4795,AMD,2023-01-09 02:02:00,2023-01-09 02:10:00,1,0.910965,1,1,Buy
9663,AMD,2023-01-09 11:39:00,2023-01-09 12:00:00,1,0.9341604,1,1,Buy
4218,AMD,2023-01-09 12:11:00,2023-01-09 12:41:00,0,0.14147443,0,0,Sell
4539,AMD,2023-01-09 20:00:00,2023-01-09 20:05:00,1,0.9415566,1,1,Buy
6393,AMD,2023-01-10 02:21:00,2023-01-10 02:36:00,1,0.9287167,1,1,Buy
7456,AMD,2023-01-10 04:04:00,2023-01-10 04:12:00,1,0.57600605,1,1,Hold
7030,AMD,2023-01-10 11:28:00,2023-01-10 11:45:00,1,0.9407758,1,1,Buy
8811,AMD,2023-01-10 12:46:00,2023-01-10 13:03:00,1,0.9332584,1,1,Buy
1665,AMD,2023-01-10 13:00:00,2023-01-10 13:18:00,0,0.07757347,0,0,Sell
6624,AMD,2023-01-10 20:34:00,2023-01-10 20:45:00,0,0.052140545,0,0,Sell
5167,AMD,2023-01-11 04:48:00,2023-01-11 05:16:00,0,0.2855808,0,0,Sell
5535,AMD,2023-01-11 13:42:00,2023-01-11 13:57:00,0,0.04710996,0,0,Sell
111,AMD,2023-01-12 00:46:00,2023-01-12 01:03:00,0,0.065594845,0,0,Sell
6471,AMD,2023-01-12 14:30:00,2023-01-12 14:45:00,1,0.8861183,1,1,Buy
1763,AMD,2023-01-13 13:07:00,2023-01-13 13:15:00,1,0.94129527,1,1,Buy
7118,AMD,2023-01-14 06:01:00,2023-01-14 06:07:00,0,0.38529044,0,0,Sell
4401,AMD,2023-01-14 16:55:00,2023-01-14 17:25:00,0,0.056728136,0,0,Sell
1089,AMD,2023-01-15 01:17:00,2023-01-15 01:43:00,1,0.9268369,1,1,Buy
3609,AMD,2023-01-16 22:53:00,2023-01-16 23:16:00,1,0.9319193,1,1,Buy
5327,AMD,2023-01-17 06:47:00,2023-01-17 07:15:00,1,0.37357444,0,1,Sell
1808,AMD,2023-01-17 15:10:00,2023-01-17 15:26:00,0,0.07609324,0,0,Sell
1512,AMD,2023-01-17 16:18:00,2023-01-17 16:32:00,1,0.9444681,1,1,Buy
4726,AMD,2023-01-19 01:39:00,2023-01-19 02:07:00,0,0.49456862,0,0,Hold
1820,AMD,2023-01-19 10:16:00,2023-01-19 10:32:00,0,0.07285192,0,0,Sell
6699,AMD,2023-01-19 21:05:00,2023-01-19 21:34:00,1,0.49983114,0,1,Hold
3371,AMD,2023-01-20 14:51:00,2023-01-20 14:56:00,0,0.055264924,0,0,Sell
1386,AMD,2023-01-21 14:57:00,2023-01-21 15:20:00,1,0.26775372,0,1,Sell
5586,AMD,2023-01-21 21:32:00,2023-01-21 21:58:00,1,0.9259115,1,1,Buy
3865,AMD,2023-01-22 01:31:00,2023-01-22 01:39:00,1,0.41731006,0,1,Hold
4683,AMD,2023-01-22 03:29:00,2023-01-22 03:40:00,1,0.93764603,1,1,Buy
6851,AMD,2023-01-22 06:52:00,2023-01-22 06:58:00,0,0.09866585,0,0,Sell
9076,AMD,2023-01-22 12:04:00,2023-01-22 12:25:00,0,0.056107834,0,0,Sell
2904,AMD,2023-01-22 19:24:00,2023-01-22 19:34:00,1,0.8943522,1,1,Buy
3467,AMD,2023-01-23 03:32:00,2023-01-23 03:40:00,1,0.18400444,0,1,Sell
991,AMD,2023-01-23 11:04:00,2023-01-23 11:15:00,1,0.9376868,1,1,Buy
3441,AMD,2023-01-23 16:28:00,2023-01-23 16:38:00,1,0.48910195,0,1,Hold
2585,AMD,2023-01-23 16:31:00,2023-01-23 16:44:00,1,0.63699055,1,1,Buy
4060,AMD,2023-01-25 12:44:00,2023-01-25 13:08:00,1,0.94869983,1,1,Buy
7367,AMD,2023-01-26 09:04:00,2023-01-26 09:29:00,0,0.075455785,0,0,Sell
249,AMD,2023-01-26 20:39:00,2023-01-26 20:47:00,1,0.95215356,1,1,Buy
3311,AMD,2023-01-27 17:51:00,2023-01-27 18:20:00,1,0.093904965,0,1,Sell
5166,AMD,2023-01-28 03:02:00,2023-01-28 03:24:00,0,0.08376977,0,0,Sell
4804,AMD,2023-01-29 10:04:00,2023-01-29 10:28:00,1,0.9513013,1,1,Buy
6586,AMD,2023-01-29 14:11:00,2023-01-29 14:17:00,0,0.13661703,0,0,Sell
9621,AMD,2023-01-30 13:03:00,2023-01-30 13:26:00,0,0.5236328,1,0,Hold
3753,AMD,2023-01-31 02:28:00,2023-01-31 02:45:00,1,0.9285581,1,1,Buy
3202,AMD,2023-01-31 19:49:00,2023-01-31 20:04:00,0,0.6361689,1,0,Buy
2375,AMD,2023-02-01 07:07:00,2023-02-01 07:24:00,1,0.9425971,1,1,Buy
5243,AMD,2023-02-02 08:39:00,2023-02-02 09:09:00,1,0.7052895,1,1,Buy
3059,AMD,2023-02-02 23:27:00,2023-02-02 23:49:00,0,0.27166036,0,0,Sell
38,AMD,2023-02-04 17:19:00,2023-02-04 17:32:00,1,0.9570565,1,1,Buy
803,AMD,2023-02-04 18:50:00,2023-02-04 18:57:00,1,0.9674421,1,1,Buy
6378,AMD,2023-02-05 10:24:00,2023-02-05 10:43:00,0,0.0972292,0,0,Sell
9961,AMD,2023-02-05 15:06:00,2023-02-05 15:14:00,1,0.9553102,1,1,Buy
487,AMD,2023-02-05 15:54:00,2023-02-05 16:08:00,0,0.08565224,0,0,Sell
6956,AMD,2023-02-05 17:56:00,2023-02-05 18:19:00,0,0.50515807,1,0,Hold
3137,AMD,2023-02-06 14:42:00,2023-02-06 15:00:00,0,0.08151447,0,0,Sell
9531,AMD,2023-02-08 11:28:00,2023-02-08 11:48:00,0,0.055946648,0,0,Sell
2826,AMD,2023-02-08 11:52:00,2023-02-08 12:13:00,0,0.27643436,0,0,Sell
8782,AMD,2023-02-09 05:27:00,2023-02-09 05:41:00,0,0.05736257,0,0,Sell
2073,AMD,2023-02-09 17:20:00,2023-02-09 17:30:00,0,0.10546826,0,0,Sell
1685,AMD,2023-02-10 18:10:00,2023-02-10 18:26:00,0,0.25461873,0,0,Sell
764,AMD,2023-02-10 20:57:00,2023-02-10 21:24:00,0,0.2618692,0,0,Sell
8032,AMD,2023-02-11 01:40:00,2023-02-11 01:54:00,0,0.2781279,0,0,Sell
3679,AMD,2023-02-12 06:40:00,2023-02-12 07:05:00,0,0.06255225,0,0,Sell
8646,AMD,2023-02-12 10:22:00,2023-02-12 10:27:00,0,0.06113619,0,0,Sell
1187,AMD,2023-02-13 14:50:00,2023-02-13 15:13:00,0,0.06773015,0,0,Sell
784,AMD,2023-02-13 23:55:00,2023-02-14 00:17:00,1,0.057065982,0,1,Sell
8151,AMD,2023-02-14 10:28:00,2023-02-14 10:55:00,1,0.8885442,1,1,Buy
3427,AMD,2023-02-14 11:33:00,2023-02-14 11:58:00,0,0.074529015,0,0,Sell
4435,AMD,2023-02-15 02:00:00,2023-02-15 02:30:00,0,0.07338967,0,0,Sell
9499,AMD,2023-02-15 04:06:00,2023-02-15 04:27:00,1,0.88145053,1,1,Buy
8307,AMD,2023-02-15 07:43:00,2023-02-15 08:07:00,1,0.935487,1,1,Buy
617,AMD,2023-02-15 16:18:00,2023-02-15 16:25:00,0,0.08252195,0,0,Sell
5689,AMD,2023-02-16 11:25:00,2023-02-16 11:54:00,0,0.07549768,0,0,Sell
7325,AMD,2023-02-17 02:59:00,2023-02-17 03:29:00,1,0.9233531,1,1,Buy
9351,AMD,2023-02-17 07:50:00,2023-02-17 08:10:00,0,0.3948451,0,0,Sell
4296,AMD,2023-02-17 12:00:00,2023-02-17 12:18:00,0,0.05338672,0,0,Sell
1802,AMD,2023-02-17 13:48:00,2023-02-17 13:59:00,0,0.03417308,0,0,Sell
9642,AMD,2023-02-17 18:31:00,2023-02-17 18:36:00,1,0.9150741,1,1,Buy
4830,AMD,2023-02-18 03:10:00,2023-02-18 03:23:00,0,0.06362343,0,0,Sell
4536,AMD,2023-02-18 11:50:00,2023-02-18 12:15:00,1,0.94614035,1,1,Buy
2773,AMD,2023-02-20 03:17:00,2023-02-20 03:27:00,0,0.07249917,0,0,Sell
3101,AMD,2023-02-20 16:35:00,2023-02-20 17:03:00,0,0.08614065,0,0,Sell
7596,AMD,2023-02-20 21:05:00,2023-02-20 21:21:00,0,0.041085355,0,0,Sell
9007,AMD,2023-02-20 23:36:00,2023-02-20 23:42:00,0,0.6160101,1,0,Buy
3022,AMD,2023-02-21 05:34:00,2023-02-21 05:54:00,1,0.8601416,1,1,Buy
337,AMD,2023-02-21 06:19:00,2023-02-21 06:26:00,1,0.3271986,0,1,Sell
3854,AMD,2023-02-21 09:56:00,2023-02-21 10:11:00,0,0.08554221,0,0,Sell
836,AMD,2023-02-21 15:31:00,2023-02-21 15:45:00,0,0.08521841,0,0,Sell
99,AMD,2023-02-21 22:01:00,2023-02-21 22:07:00,1,0.9284596,1,1,Buy
6521,AMD,2023-02-21 22:52:00,2023-02-21 23:21:00,0,0.06184058,0,0,Sell
5633,AMD,2023-02-22 08:28:00,2023-02-22 08:37:00,0,0.058489755,0,0,Sell
7545,AMD,2023-02-22 19:57:00,2023-02-22 20:20:00,0,0.060793843,0,0,Sell
2627,AMD,2023-02-24 00:02:00,2023-02-24 00:24:00,0,0.069296174,0,0,Sell
15,AMD,2023-02-24 16:05:00,2023-02-24 16:28:00,0,0.18190065,0,0,Sell
6651,AMD,2023-02-25 15:52:00,2023-02-25 16:22:00,1,0.9075278,1,1,Buy
7458,AMD,2023-02-25 21:59:00,2023-02-25 22:18:00,1,0.33028486,0,1,Sell
4228,AMD,2023-02-27 09:14:00,2023-02-27 09:35:00,1,0.9003233,1,1,Buy
6486,AMD,2023-02-27 12:21:00,2023-02-27 12:35:00,0,0.63609904,1,0,Buy
3745,AMD,2023-02-27 17:21:00,2023-02-27 17:46:00,0,0.9483192,1,0,Buy
4354,AMD,2023-02-27 19:22:00,2023-02-27 19:42:00,1,0.75607616,1,1,Buy
5077,AMD,2023-02-27 20:12:00,2023-02-27 20:20:00,1,0.95229083,1,1,Buy
998,AMD,2023-02-28 00:58:00,2023-02-28 01:13:00,0,0.3521249,0,0,Sell
9980,AMD,2023-02-28 04:36:00,2023-02-28 04:57:00,0,0.07810913,0,0,Sell
634,AMD,2023-02-28 16:40:00,2023-02-28 16:55:00,1,0.56801724,1,1,Hold
3806,AMD,2023-03-01 01:25:00,2023-03-01 01:54:00,1,0.89838964,1,1,Buy
3975,AMD,2023-03-01 01:43:00,2023-03-01 01:54:00,0,0.100532845,0,0,Sell
6348,AMD,2023-03-02 14:22:00,2023-03-02 14:29:00,0,0.92772776,1,0,Buy
2179,AMD,2023-03-02 17:16:00,2023-03-02 17:29:00,0,0.051062472,0,0,Sell
873,AMD,2023-03-03 02:27:00,2023-03-03 02:43:00,1,0.8867292,1,1,Buy
468,AMD,2023-03-03 04:40:00,2023-03-03 04:52:00,1,0.33207262,0,1,Sell
4869,AMD,2023-03-03 22:58:00,2023-03-03 23:09:00,0,0.48275346,0,0,Hold
2461,AMD,2023-03-04 00:53:00,2023-03-04 01:06:00,1,0.9168188,1,1,Buy
3846,AMD,2023-03-04 10:35:00,2023-03-04 10:56:00,0,0.9313984,1,0,Buy
6289,AMD,2023-03-05 18:36:00,2023-03-05 19:02:00,0,0.05462963,0,0,Sell
6691,AMD,2023-03-05 23:17:00,2023-03-05 23:44:00,0,0.065702245,0,0,Sell
8283,AMD,2023-03-06 00:27:00,2023-03-06 00:47:00,1,0.2741958,0,1,Sell
4926,AMD,2023-03-07 09:29:00,2023-03-07 09:43:00,0,0.8896506,1,0,Buy
5699,AMD,2023-03-08 00:56:00,2023-03-08 01:16:00,1,0.9018679,1,1,Buy
4961,AMD,2023-03-08 02:50:00,2023-03-08 02:57:00,0,0.085629575,0,0,Sell
1323,AMD,2023-03-08 18:27:00,2023-03-08 18:35:00,0,0.46935526,0,0,Hold
192,AMD,2023-03-09 09:54:00,2023-03-09 10:20:00,0,0.47725946,0,0,Hold
3200,AMD,2023-03-11 20:49:00,2023-03-11 20:54:00,0,0.07246645,0,0,Sell
2569,AMD,2023-03-12 03:52:00,2023-03-12 03:57:00,1,0.9276064,1,1,Buy
3505,AMD,2023-03-13 03:13:00,2023-03-13 03:40:00,0,0.07827001,0,0,Sell
2870,AMD,2023-03-13 07:24:00,2023-03-13 07:36:00,0,0.07737909,0,0,Sell
8780,AMD,2023-03-13 08:45:00,2023-03-13 08:55:00,1,0.9003881,1,1,Buy
7758,AMD,2023-03-13 09:36:00,2023-03-13 09:47:00,1,0.45955256,0,1,Hold
4680,AMD,2023-03-13 15:57:00,2023-03-13 16:04:00,1,0.9380257,1,1,Buy
509,AMD,2023-03-13 22:06:00,2023-03-13 22:24:00,0,0.06918985,0,0,Sell
9948,AMD,2023-03-14 05:06:00,2023-03-14 05:14:00,1,0.938114,1,1,Buy
9976,AMD,2023-03-14 10:05:00,2023-03-14 10:10:00,1,0.94492036,1,1,Buy
6192,AMD,2023-03-15 13:05:00,2023-03-15 13:12:00,0,0.08845516,0,0,Sell
7380,AMD,2023-03-15 17:17:00,2023-03-15 17:37:00,0,0.32695797,0,0,Sell
2680,AMD,2023-03-15 21:31:00,2023-03-15 21:47:00,1,0.9774753,1,1,Buy
6711,AMD,2023-03-17 21:32:00,2023-03-17 21:42:00,0,0.117980845,0,0,Sell
6087,AMD,2023-03-18 08:00:00,2023-03-18 08:25:00,1,0.9430055,1,1,Buy
8019,AMD,2023-03-19 12:55:00,2023-03-19 13:13:00,1,0.7299193,1,1,Buy
331,AMD,2023-03-19 14:57:00,2023-03-19 15:10:00,0,0.10410914,0,0,Sell
5151,AMD,2023-03-20 19:23:00,2023-03-20 19:53:00,1,0.9235279,1,1,Buy
1990,AMD,2023-03-21 05:30:00,2023-03-21 05:44:00,1,0.659453,1,1,Buy
5482,AMD,2023-03-21 06:24:00,2023-03-21 06:44:00,0,0.08873319,0,0,Sell
478,AMD,2023-03-21 13:53:00,2023-03-21 14:17:00,1,0.93327296,1,1,Buy
2719,AMD,2023-03-22 04:18:00,2023-03-22 04:39:00,0,0.103828155,0,0,Sell
5235,AMD,2023-03-22 09:55:00,2023-03-22 10:04:00,1,0.37642133,0,1,Sell
4521,AMD,2023-03-22 10:14:00,2023-03-22 10:22:00,1,0.52747685,1,1,Hold
2689,AMD,2023-03-22 19:49:00,2023-03-22 19:57:00,0,0.06851438,0,0,Sell
5504,AMD,2023-03-22 20:06:00,2023-03-22 20:24:00,1,0.43234017,0,1,Hold
1264,AMD,2023-03-23 03:37:00,2023-03-23 03:47:00,1,0.9099395,1,1,Buy
594,AMD,2023-03-24 11:04:00,2023-03-24 11:24:00,1,0.9346751,1,1,Buy
5560,AMD,2023-03-24 23:42:00,2023-03-25 00:08:00,1,0.9621433,1,1,Buy
9217,AMD,2023-03-26 09:52:00,2023-03-26 10:11:00,0,0.087552205,0,0,Sell
6826,AMD,2023-03-26 19:34:00,2023-03-26 19:58:00,0,0.49493152,0,0,Hold
9602,AMD,2023-03-28 02:13:00,2023-03-28 02:19:00,0,0.7011062,1,0,Buy
1841,AMD,2023-03-28 03:10:00,2023-03-28 03:21:00,1,0.36608374,0,1,Sell
5525,AMD,2023-03-28 11:27:00,2023-03-28 11:52:00,1,0.26171038,0,1,Sell
8618,AMD,2023-03-29 16:55:00,2023-03-29 17:22:00,0,0.41327843,0,0,Hold
7307,AMD,2023-03-29 18:05:00,2023-03-29 18:27:00,0,0.06933643,0,0,Sell
722,AMD,2023-03-30 14:21:00,2023-03-30 14:32:00,0,0.5902338,1,0,Hold
6121,AMD,2023-03-30 23:07:00,2023-03-30 23:32:00,1,0.9495367,1,1,Buy
7051,AMD,2023-03-31 09:47:00,2023-03-31 09:52:00,0,0.4942625,0,0,Hold
6529,AMD,2023-03-31 18:53:00,2023-03-31 19:15:00,1,0.5490896,1,1,Hold
9987,AMD,2023-03-31 21:11:00,2023-03-31 21:23:00,1,0.95299673,1,1,Buy
4246,AMD,2023-03-31 21:51:00,2023-03-31 21:59:00,1,0.957793,1,1,Buy
7346,AMD,2023-04-01 05:12:00,2023-04-01 05:32:00,1,0.5696346,1,1,Hold
7727,AMD,2023-04-01 10:47:00,2023-04-01 10:53:00,1,0.9507077,1,1,Buy
4960,AMD,2023-04-01 15:29:00,2023-04-01 15:54:00,1,0.96277726,1,1,Buy
6304,AMD,2023-04-01 17:57:00,2023-04-01 18:24:00,0,0.11119979,0,0,Sell
1122,AMD,2023-04-02 06:25:00,2023-04-02 06:48:00,0,0.0592689,0,0,Sell
104,AMD,2023-04-03 17:37:00,2023-04-03 17:59:00,0,0.5263839,1,0,Hold
8979,AMD,2023-04-04 00:51:00,2023-04-04 01:10:00,1,0.8961854,1,1,Buy
8907,AMD,2023-04-04 03:42:00,2023-04-04 04:00:00,1,0.3842665,0,1,Sell
4609,AMD,2023-04-04 16:14:00,2023-04-04 16:35:00,1,0.9479149,1,1,Buy
7069,AMD,2023-04-04 18:41:00,2023-04-04 19:04:00,0,0.0627649,0,0,Sell
6313,AMD,2023-04-05 04:12:00,2023-04-05 04:38:00,1,0.9433693,1,1,Buy
528,AMD,2023-04-05 16:15:00,2023-04-05 16:27:00,0,0.05151027,0,0,Sell
8645,AMD,2023-04-07 19:07:00,2023-04-07 19:28:00,0,0.039127834,0,0,Sell
4411,AMD,2023-04-08 10:41:00,2023-04-08 11:05:00,1,0.87710494,1,1,Buy
5528,AMD,2023-04-08 18:51:00,2023-04-08 19:20:00,1,0.8085476,1,1,Buy
4670,AMD,2023-04-09 04:46:00,2023-04-09 05:12:00,1,0.04592204,0,1,Sell
7282,AMD,2023-04-09 05:23:00,2023-04-09 05:37:00,0,0.3445568,0,0,Sell
7321,AMD,2023-04-09 17:18:00,2023-04-09 17:33:00,1,0.6324601,1,1,Buy
6152,AMD,2023-04-09 21:47:00,2023-04-09 21:56:00,0,0.4974568,0,0,Hold
2421,AMD,2023-04-10 16:49:00,2023-04-10 17:13:00,1,0.9431327,1,1,Buy
1357,AMD,2023-04-11 00:02:00,2023-04-11 00:23:00,1,0.92643154,1,1,Buy
4300,AMD,2023-04-11 14:52:00,2023-04-11 15:05:00,1,0.9437851,1,1,Buy
5296,AMD,2023-04-11 15:51:00,2023-04-11 15:59:00,1,0.89128155,1,1,Buy
4051,AMD,2023-04-11 23:05:00,2023-04-11 23:11:00,1,0.97462714,1,1,Buy
5464,AMD,2023-04-12 06:37:00,2023-04-12 06:50:00,0,0.13408804,0,0,Sell
3992,AMD,2023-04-12 07:44:00,2023-04-12 08:14:00,1,0.6547887,1,1,Buy
4353,AMD,2023-04-12 14:18:00,2023-04-12 14:43:00,1,0.95756847,1,1,Buy
2466,AMD,2023-04-12 14:38:00,2023-04-12 14:56:00,0,0.5047746,1,0,Hold
5614,AMD,2023-04-12 17:20:00,2023-04-12 17:50:00,0,0.0639577,0,0,Sell
5547,AMD,2023-04-12 21:02:00,2023-04-12 21:07:00,1,0.07891441,0,1,Sell
1230,AMD,2023-04-12 22:04:00,2023-04-12 22:24:00,0,0.91861403,1,0,Buy
2991,AMD,2023-04-13 10:36:00,2023-04-13 10:50:00,0,0.36400726,0,0,Sell
2600,AMD,2023-04-14 06:38:00,2023-04-14 06:53:00,1,0.19724481,0,1,Sell
1455,AMD,2023-04-14 13:08:00,2023-04-14 13:25:00,0,0.076753296,0,0,Sell
2211,AMD,2023-04-15 00:39:00,2023-04-15 00:48:00,1,0.9012504,1,1,Buy
4688,AMD,2023-04-15 02:09:00,2023-04-15 02:37:00,1,0.06660063,0,1,Sell
3036,AMD,2023-04-15 05:00:00,2023-04-15 05:15:00,0,0.08367582,0,0,Sell
4588,AMD,2023-04-15 14:37:00,2023-04-15 14:54:00,1,0.9355708,1,1,Buy
4461,AMD,2023-04-16 03:28:00,2023-04-16 03:47:00,0,0.09835511,0,0,Sell
2771,AMD,2023-04-18 06:40:00,2023-04-18 07:01:00,1,0.9222417,1,1,Buy
4914,AMD,2023-04-18 08:35:00,2023-04-18 08:48:00,0,0.061047923,0,0,Sell
6458,AMD,2023-04-19 16:45:00,2023-04-19 16:52:00,1,0.93072486,1,1,Buy
4631,AMD,2023-04-20 05:05:00,2023-04-20 05:33:00,1,0.9307743,1,1,Buy
1007,AMD,2023-04-20 21:19:00,2023-04-20 21:49:00,1,0.92463154,1,1,Buy
3783,AMD,2023-04-21 12:10:00,2023-04-21 12:20:00,0,0.055272143,0,0,Sell
4990,AMD,2023-04-21 16:52:00,2023-04-21 17:03:00,0,0.61076766,1,0,Buy
6509,AMD,2023-04-21 18:33:00,2023-04-21 18:53:00,1,0.32610133,0,1,Sell
9124,AMD,2023-04-21 18:48:00,2023-04-21 19:03:00,0,0.04887371,0,0,Sell
2874,AMD,2023-04-21 19:25:00,2023-04-21 19:48:00,1,0.32159334,0,1,Sell
2182,AMD,2023-04-22 07:15:00,2023-04-22 07:21:00,1,0.90675783,1,1,Buy
8972,AMD,2023-04-23 05:43:00,2023-04-23 06:10:00,0,0.058338482,0,0,Sell
2982,AMD,2023-04-23 12:47:00,2023-04-23 13:15:00,1,0.89826286,1,1,Buy
5419,AMD,2023-04-23 17:42:00,2023-04-23 18:07:00,1,0.51322895,1,1,Hold
9659,AMD,2023-04-23 21:03:00,2023-04-23 21:16:00,1,0.804331,1,1,Buy
7970,AMD,2023-04-24 05:36:00,2023-04-24 06:06:00,0,0.04617934,0,0,Sell
7509,AMD,2023-04-24 15:17:00,2023-04-24 15:29:00,0,0.046699096,0,0,Sell
8031,AMD,2023-04-24 19:25:00,2023-04-24 19:32:00,1,0.91654646,1,1,Buy
5841,AMD,2023-04-25 13:42:00,2023-04-25 14:06:00,1,0.9027427,1,1,Buy
4820,AMD,2023-04-26 00:41:00,2023-04-26 00:59:00,0,0.07629984,0,0,Sell
9393,AMD,2023-04-26 02:17:00,2023-04-26 02:34:00,1,0.6074691,1,1,Buy
27,AMD,2023-04-27 10:32:00,2023-04-27 10:55:00,0,0.121892706,0,0,Sell
9575,AMD,2023-04-27 10:53:00,2023-04-27 10:58:00,1,0.4008307,0,1,Hold
8210,AMD,2023-04-27 14:58:00,2023-04-27 15:07:00,0,0.3502216,0,0,Sell
5345,AMD,2023-04-27 16:36:00,2023-04-27 16:54:00,0,0.05322168,0,0,Sell
8,AMD,2023-04-28 02:34:00,2023-04-28 02:39:00,1,0.43901688,0,1,Hold
6752,AMD,2023-04-28 12:58:00,2023-04-28 13:27:00,1,0.9416964,1,1,Buy
8468,AMD,2023-04-28 19:24:00,2023-04-28 19:49:00,0,0.031602617,0,0,Sell
1741,AMD,2023-04-29 03:45:00,2023-04-29 03:57:00,1,0.89141583,1,1,Buy
3001,AMD,2023-04-30 01:50:00,2023-04-30 02:01:00,1,0.3553569,0,1,Sell
7838,AMD,2023-04-30 18:09:00,2023-04-30 18:25:00,1,0.93967915,1,1,Buy
2945,AMD,2023-04-30 19:06:00,2023-04-30 19:17:00,0,0.40080032,0,0,Hold
4368,AMD,2023-04-30 22:12:00,2023-04-30 22:24:00,1,0.6690812,1,1,Buy
9697,AMD,2023-05-02 00:48:00,2023-05-02 01:11:00,0,0.11763089,0,0,Sell
1586,AMD,2023-05-02 12:02:00,2023-05-02 12:13:00,0,0.39783067,0,0,Sell
9090,AMD,2023-05-03 04:13:00,2023-05-03 04:36:00,0,0.053065464,0,0,Sell
7337,AMD,2023-05-03 21:13:00,2023-05-03 21:30:00,0,0.29088342,0,0,Sell
6857,AMD,2023-05-04 01:36:00,2023-05-04 01:44:00,0,0.0668299,0,0,Sell
7192,AMD,2023-05-04 03:04:00,2023-05-04 03:09:00,1,0.14552425,0,1,Sell
7032,AMD,2023-05-04 17:10:00,2023-05-04 17:28:00,0,0.25011843,0,0,Sell
4138,AMD,2023-05-04 20:40:00,2023-05-04 21:09:00,0,0.055446938,0,0,Sell
9885,AMD,2023-05-04 22:41:00,2023-05-04 23:02:00,0,0.06055829,0,0,Sell
2422,AMD,2023-05-05 05:24:00,2023-05-05 05:36:00,0,0.06541795,0,0,Sell
9251,AMD,2023-05-05 07:12:00,2023-05-05 07:31:00,1,0.92823744,1,1,Buy
5090,AMD,2023-05-05 10:44:00,2023-05-05 11:14:00,0,0.08701065,0,0,Sell
2363,AMD,2023-05-05 20:31:00,2023-05-05 20:50:00,0,0.05199381,0,0,Sell
5451,AMD,2023-05-05 21:20:00,2023-05-05 21:44:00,0,0.05916114,0,0,Sell
9725,AMD,2023-05-06 17:37:00,2023-05-06 18:05:00,0,0.062268198,0,0,Sell
5099,AMD,2023-05-06 19:17:00,2023-05-06 19:34:00,1,0.048248343,0,1,Sell
597,AMD,2023-05-07 01:02:00,2023-05-07 01:21:00,1,0.9123192,1,1,Buy
9772,AMD,2023-05-07 12:31:00,2023-05-07 12:55:00,0,0.05022635,0,0,Sell
5989,AMD,2023-05-07 15:50:00,2023-05-07 16:14:00,0,0.04661557,0,0,Sell
2342,AMD,2023-05-08 04:20:00,2023-05-08 04:34:00,0,0.06605725,0,0,Sell
410,AMD,2023-05-08 19:44:00,2023-05-08 20:12:00,0,0.0700445,0,0,Sell
5692,AMD,2023-05-08 22:59:00,2023-05-08 23:04:00,0,0.052012064,0,0,Sell
3248,AMD,2023-05-09 15:08:00,2023-05-09 15:29:00,1,0.37759513,0,1,Sell
3363,AMD,2023-05-10 07:09:00,2023-05-10 07:16:00,1,0.89598763,1,1,Buy
3404,AMD,2023-05-10 16:49:00,2023-05-10 16:55:00,0,0.5054957,1,0,Hold
3305,AMD,2023-05-10 23:06:00,2023-05-10 23:19:00,0,0.06023377,0,0,Sell
9343,AMD,2023-05-11 04:15:00,2023-05-11 04:32:00,1,0.36321446,0,1,Sell
9674,AMD,2023-05-11 09:30:00,2023-05-11 09:43:00,0,0.3200815,0,0,Sell
4580,AMD,2023-05-11 13:01:00,2023-05-11 13:12:00,1,0.9006819,1,1,Buy
5911,AMD,2023-05-11 16:10:00,2023-05-11 16:22:00,0,0.046000868,0,0,Sell
3623,AMD,2023-05-12 03:54:00,2023-05-12 04:21:00,1,0.90310323,1,1,Buy
9784,AMD,2023-05-12 05:54:00,2023-05-12 06:11:00,1,0.91894704,1,1,Buy
6198,AMD,2023-05-13 13:53:00,2023-05-13 14:18:00,0,0.07467869,0,0,Sell
6053,AMD,2023-05-13 18:24:00,2023-05-13 18:34:00,1,0.9679769,1,1,Buy
4742,AMD,2023-05-14 04:05:00,2023-05-14 04:23:00,1,0.9515324,1,1,Buy
7451,AMD,2023-05-14 04:22:00,2023-05-14 04:41:00,0,0.84491944,1,0,Buy
6221,AMD,2023-05-14 05:52:00,2023-05-14 06:21:00,1,0.9288687,1,1,Buy
3043,AMD,2023-05-14 11:14:00,2023-05-14 11:42:00,1,0.9525761,1,1,Buy
908,AMD,2023-05-15 05:12:00,2023-05-15 05:30:00,1,0.67070574,1,1,Buy
7388,AMD,2023-05-15 08:47:00,2023-05-15 09:08:00,0,0.84672654,1,0,Buy
4311,AMD,2023-05-15 10:08:00,2023-05-15 10:37:00,0,0.09165117,0,0,Sell
3265,AMD,2023-05-15 15:40:00,2023-05-15 16:08:00,0,0.08639383,0,0,Sell
7887,AMD,2023-05-15 16:57:00,2023-05-15 17:26:00,0,0.063925676,0,0,Sell
7567,AMD,2023-05-15 18:33:00,2023-05-15 18:58:00,0,0.043796197,0,0,Sell
6709,AMD,2023-05-15 19:32:00,2023-05-15 20:01:00,0,0.4080898,0,0,Hold
5377,AMD,2023-05-15 19:56:00,2023-05-15 20:02:00,0,0.04528518,0,0,Sell
5426,AMD,2023-05-15 20:32:00,2023-05-15 21:00:00,0,0.03766144,0,0,Sell
8082,AMD,2023-05-16 21:04:00,2023-05-16 21:21:00,1,0.9372576,1,1,Buy
7487,AMD,2023-05-17 07:28:00,2023-05-17 07:43:00,1,0.39380947,0,1,Sell
2534,AMD,2023-05-17 09:05:00,2023-05-17 09:25:00,0,0.046511903,0,0,Sell
1816,AMD,2023-05-17 17:05:00,2023-05-17 17:25:00,0,0.6853484,1,0,Buy
3544,AMD,2023-05-17 21:16:00,2023-05-17 21:21:00,0,0.056186773,0,0,Sell
9210,AMD,2023-05-17 23:25:00,2023-05-17 23:40:00,1,0.26679805,0,1,Sell
8856,AMD,2023-05-18 03:30:00,2023-05-18 03:43:00,1,0.89826274,1,1,Buy
5366,AMD,2023-05-19 01:50:00,2023-05-19 02:01:00,0,0.080073185,0,0,Sell
8434,AMD,2023-05-19 04:19:00,2023-05-19 04:41:00,1,0.06882351,0,1,Sell
293,AMD,2023-05-19 15:52:00,2023-05-19 16:11:00,1,0.9413182,1,1,Buy
9633,AMD,2023-05-19 17:10:00,2023-05-19 17:18:00,1,0.9481294,1,1,Buy
6737,AMD,2023-05-20 20:04:00,2023-05-20 20:17:00,1,0.57552063,1,1,Hold
6277,AMD,2023-05-20 20:41:00,2023-05-20 20:49:00,1,0.940792,1,1,Buy
9527,AMD,2023-05-21 13:10:00,2023-05-21 13:15:00,0,0.074904084,0,0,Sell
3114,AMD,2023-05-22 01:42:00,2023-05-22 01:47:00,1,0.74557996,1,1,Buy
2187,AMD,2023-05-22 04:53:00,2023-05-22 05:17:00,1,0.45738393,0,1,Hold
3407,AMD,2023-05-22 08:25:00,2023-05-22 08:41:00,1,0.49362975,0,1,Hold
4602,AMD,2023-05-22 23:58:00,2023-05-23 00:19:00,1,0.9462891,1,1,Buy
743,AMD,2023-05-23 05:59:00,2023-05-23 06:17:00,0,0.1047963,0,0,Sell
1825,AMD,2023-05-24 02:29:00,2023-05-24 02:49:00,0,0.10071227,0,0,Sell
4373,AMD,2023-05-24 04:13:00,2023-05-24 04:38:00,0,0.42584956,0,0,Hold
5013,AMD,2023-05-24 10:20:00,2023-05-24 10:32:00,0,0.2426673,0,0,Sell
2813,AMD,2023-05-24 17:12:00,2023-05-24 17:30:00,0,0.042755704,0,0,Sell
6522,AMD,2023-05-25 19:04:00,2023-05-25 19:24:00,1,0.29562333,0,1,Sell
7745,AMD,2023-05-25 23:20:00,2023-05-25 23:28:00,1,0.9641275,1,1,Buy
8277,AMD,2023-05-26 00:29:00,2023-05-26 00:39:00,0,0.06771413,0,0,Sell
1973,AMD,2023-05-27 13:10:00,2023-05-27 13:32:00,0,0.055216175,0,0,Sell
5886,AMD,2023-05-27 20:45:00,2023-05-27 21:04:00,0,0.5073435,1,0,Hold
2938,AMD,2023-05-28 02:14:00,2023-05-28 02:21:00,1,0.45588967,0,1,Hold
463,AMD,2023-05-28 06:31:00,2023-05-28 06:37:00,1,0.36721873,0,1,Sell
3851,AMD,2023-05-28 19:05:00,2023-05-28 19:15:00,0,0.926236,1,0,Buy
8690,AMD,2023-05-29 00:55:00,2023-05-29 01:21:00,1,0.8880168,1,1,Buy
2537,AMD,2023-05-29 03:42:00,2023-05-29 03:50:00,0,0.088256784,0,0,Sell
4028,AMD,2023-05-29 19:05:00,2023-05-29 19:25:00,1,0.96000576,1,1,Buy
7171,AMD,2023-05-31 01:13:00,2023-05-31 01:24:00,0,0.28408802,0,0,Sell
2598,AMD,2023-06-01 18:35:00,2023-06-01 18:44:00,0,0.1201984,0,0,Sell
3323,AMD,2023-06-02 04:05:00,2023-06-02 04:31:00,0,0.46567893,0,0,Hold
6248,AMD,2023-06-03 08:28:00,2023-06-03 08:47:00,1,0.5207753,1,1,Hold
8382,AMD,2023-06-03 13:08:00,2023-06-03 13:38:00,0,0.038255032,0,0,Sell
9328,AMD,2023-06-04 10:56:00,2023-06-04 11:12:00,0,0.042276405,0,0,Sell
6492,AMD,2023-06-05 05:47:00,2023-06-05 06:00:00,1,0.233202,0,1,Sell
8880,AMD,2023-06-05 06:22:00,2023-06-05 06:31:00,0,0.081476316,0,0,Sell
2816,AMD,2023-06-05 14:53:00,2023-06-05 15:12:00,0,0.051359877,0,0,Sell
2493,AMD,2023-06-06 07:53:00,2023-06-06 08:21:00,1,0.92441374,1,1,Buy
2854,AMD,2023-06-06 21:09:00,2023-06-06 21:14:00,0,0.069309525,0,0,Sell
1697,AMD,2023-06-07 18:52:00,2023-06-07 18:59:00,1,0.92609954,1,1,Buy
1902,AMD,2023-06-07 21:43:00,2023-06-07 21:52:00,1,0.52829486,1,1,Hold
9786,AMD,2023-06-08 00:26:00,2023-06-08 00:31:00,0,0.109481074,0,0,Sell
4583,AMD,2023-06-08 09:48:00,2023-06-08 09:57:00,1,0.26130593,0,1,Sell
3151,AMD,2023-06-08 14:55:00,2023-06-08 15:04:00,1,0.5787931,1,1,Hold
2230,AMD,2023-06-08 17:16:00,2023-06-08 17:46:00,1,0.92757374,1,1,Buy
7113,AMD,2023-06-09 12:47:00,2023-06-09 12:52:00,1,0.92738026,1,1,Buy
4703,AMD,2023-06-10 04:45:00,2023-06-10 04:51:00,1,0.06602397,0,1,Sell
881,AMD,2023-06-10 08:33:00,2023-06-10 08:48:00,1,0.3848958,0,1,Sell
332,AMD,2023-06-11 03:24:00,2023-06-11 03:42:00,0,0.08933358,0,0,Sell
3935,AMD,2023-06-11 12:48:00,2023-06-11 13:13:00,1,0.9483976,1,1,Buy
2022,AMD,2023-06-11 14:03:00,2023-06-11 14:31:00,1,0.9464322,1,1,Buy
276,AMD,2023-06-11 22:19:00,2023-06-11 22:38:00,0,0.6477364,1,0,Buy
3064,AMD,2023-06-12 00:22:00,2023-06-12 00:50:00,0,0.13052289,0,0,Sell
1284,AMD,2023-06-12 17:33:00,2023-06-12 17:59:00,0,0.046642367,0,0,Sell
371,AMD,2023-06-12 20:22:00,2023-06-12 20:44:00,0,0.045804463,0,0,Sell
1783,AMD,2023-06-13 03:12:00,2023-06-13 03:17:00,1,0.058351528,0,1,Sell
1965,AMD,2023-06-13 12:42:00,2023-06-13 13:05:00,0,0.21545197,0,0,Sell
7927,AMD,2023-06-13 14:39:00,2023-06-13 14:44:00,1,0.8343541,1,1,Buy
3429,AMD,2023-06-13 22:09:00,2023-06-13 22:27:00,0,0.06301212,0,0,Sell
7039,AMD,2023-06-15 06:18:00,2023-06-15 06:32:00,0,0.06779759,0,0,Sell
7278,AMD,2023-06-15 18:53:00,2023-06-15 19:00:00,1,0.9356679,1,1,Buy
4936,AMD,2023-06-17 19:54:00,2023-06-17 20:04:00,0,0.059522804,0,0,Sell
2586,AMD,2023-06-19 12:06:00,2023-06-19 12:22:00,1,0.06139021,0,1,Sell
9497,AMD,2023-06-19 13:01:00,2023-06-19 13:11:00,0,0.09635734,0,0,Sell
5062,AMD,2023-06-19 16:50:00,2023-06-19 17:20:00,1,0.9197437,1,1,Buy
3006,AMD,2023-06-20 08:45:00,2023-06-20 08:58:00,0,0.46026534,0,0,Hold
7680,AMD,2023-06-20 16:20:00,2023-06-20 16:48:00,0,0.058543716,0,0,Sell
8686,AMD,2023-06-20 16:48:00,2023-06-20 17:01:00,0,0.058288153,0,0,Sell
917,AMD,2023-06-21 06:25:00,2023-06-21 06:31:00,0,0.61701715,1,0,Buy
2746,AMD,2023-06-21 14:54:00,2023-06-21 15:24:00,0,0.049283627,0,0,Sell
3244,AMD,2023-06-22 22:00:00,2023-06-22 22:10:00,0,0.26210967,0,0,Sell
2631,AMD,2023-06-23 08:46:00,2023-06-23 09:10:00,1,0.051976886,0,1,Sell
8060,AMD,2023-06-23 18:22:00,2023-06-23 18:31:00,1,0.5086292,1,1,Hold
7537,AMD,2023-06-24 14:43:00,2023-06-24 15:07:00,0,0.0730218,0,0,Sell
6404,AMD,2023-06-25 06:33:00,2023-06-25 07:03:00,1,0.22479533,0,1,Sell
1575,AMD,2023-06-25 10:39:00,2023-06-25 11:02:00,1,0.3179599,0,1,Sell
9315,AMD,2023-06-26 03:33:00,2023-06-26 03:55:00,0,0.09354091,0,0,Sell
253,AMD,2023-06-26 19:25:00,2023-06-26 19:34:00,0,0.35480878,0,0,Sell
4097,AMD,2023-06-26 22:32:00,2023-06-26 22:41:00,0,0.43253946,0,0,Hold
5842,AMD,2023-06-27 22:21:00,2023-06-27 22:39:00,1,0.9372655,1,1,Buy
9455,AMD,2023-06-28 09:09:00,2023-06-28 09:37:00,0,0.0058410736,0,0,Sell
5139,AMD,2023-06-28 10:59:00,2023-06-28 11:24:00,1,0.3617905,0,1,Sell
3874,AMD,2023-06-29 03:30:00,2023-06-29 03:35:00,1,0.060880005,0,1,Sell
8846,AMD,2023-06-29 05:19:00,2023-06-29 05:38:00,0,0.009081106,0,0,Sell
275,AMD,2023-06-29 12:35:00,2023-06-29 12:45:00,1,0.34889382,0,1,Sell
8623,AMD,2023-06-30 11:38:00,2023-06-30 11:54:00,0,0.5278508,1,0,Hold
8974,AMD,2023-07-01 14:14:00,2023-07-01 14:41:00,0,0.033736788,0,0,Sell
9132,AMD,2023-07-01 16:19:00,2023-07-01 16:35:00,0,0.029006364,0,0,Sell
5227,AMD,2023-07-02 13:21:00,2023-07-02 13:37:00,1,0.107685246,0,1,Sell
3069,AMD,2023-07-02 14:02:00,2023-07-02 14:12:00,0,0.043439627,0,0,Sell
9281,AMD,2023-07-02 15:14:00,2023-07-02 15:24:00,1,0.88590276,1,1,Buy
709,AMD,2023-07-03 14:02:00,2023-07-03 14:29:00,0,0.7067697,1,0,Buy
7303,AMD,2023-07-03 14:50:00,2023-07-03 15:11:00,0,0.30145013,0,0,Sell
9374,AMD,2023-07-03 21:29:00,2023-07-03 21:41:00,1,0.9304081,1,1,Buy
3915,AMD,2023-07-04 01:49:00,2023-07-04 02:04:00,1,0.9269748,1,1,Buy
3150,AMD,2023-07-04 20:24:00,2023-07-04 20:53:00,0,0.943393,1,0,Buy
6287,AMD,2023-07-05 04:02:00,2023-07-05 04:13:00,0,0.09323592,0,0,Sell
3772,AMD,2023-07-05 10:23:00,2023-07-05 10:31:00,1,0.9456707,1,1,Buy
1005,AMD,2023-07-06 05:14:00,2023-07-06 05:34:00,1,0.93260443,1,1,Buy
1992,AMD,2023-07-06 20:03:00,2023-07-06 20:23:00,1,0.99420136,1,1,Buy
5853,AMD,2023-07-07 15:34:00,2023-07-07 15:43:00,0,0.52683467,1,0,Hold
9322,AMD,2023-07-08 01:27:00,2023-07-08 01:57:00,1,0.42845836,0,1,Hold
5962,AMD,2023-07-08 05:13:00,2023-07-08 05:38:00,1,0.9861958,1,1,Buy
1710,AMD,2023-07-09 19:29:00,2023-07-09 19:35:00,0,0.97111636,1,0,Buy
7521,AMD,2023-07-10 05:01:00,2023-07-10 05:20:00,1,0.3882228,0,1,Sell
2279,AMD,2023-07-11 00:58:00,2023-07-11 01:03:00,1,0.9076268,1,1,Buy
3198,AMD,2023-07-11 06:11:00,2023-07-11 06:29:00,0,0.4507329,0,0,Hold
9727,AMD,2023-07-12 15:30:00,2023-07-12 15:49:00,1,0.9146008,1,1,Buy
6601,AMD,2023-07-12 21:57:00,2023-07-12 22:20:00,0,0.34334743,0,0,Sell
147,AMD,2023-07-13 08:25:00,2023-07-13 08:30:00,1,0.51689905,1,1,Hold
7793,AMD,2023-07-13 09:29:00,2023-07-13 09:38:00,0,0.094799265,0,0,Sell
3037,AMD,2023-07-13 12:32:00,2023-07-13 12:39:00,1,0.96047705,1,1,Buy
856,AMD,2023-07-13 17:08:00,2023-07-13 17:38:00,0,0.080520704,0,0,Sell
3118,AMD,2023-07-14 17:49:00,2023-07-14 18:05:00,0,0.08418448,0,0,Sell
6650,AMD,2023-07-14 20:00:00,2023-07-14 20:09:00,0,0.06748227,0,0,Sell
3640,AMD,2023-07-15 04:09:00,2023-07-15 04:30:00,1,0.93225217,1,1,Buy
7601,AMD,2023-07-15 09:15:00,2023-07-15 09:44:00,1,0.38373068,0,1,Sell
3914,AMD,2023-07-15 09:23:00,2023-07-15 09:46:00,0,0.15734337,0,0,Sell
6916,AMD,2023-07-15 13:08:00,2023-07-15 13:33:00,1,0.93711203,1,1,Buy
7807,AMD,2023-07-15 20:16:00,2023-07-15 20:22:00,0,0.27654326,0,0,Sell
844,AMD,2023-07-15 22:45:00,2023-07-15 23:08:00,1,0.951521,1,1,Buy
5496,AMD,2023-07-16 06:36:00,2023-07-16 07:02:00,1,0.9283594,1,1,Buy
6457,AMD,2023-07-16 20:03:00,2023-07-16 20:21:00,0,0.060099877,0,0,Sell
7480,AMD,2023-07-17 02:56:00,2023-07-17 03:17:00,1,0.3942301,0,1,Sell
1633,AMD,2023-07-17 09:50:00,2023-07-17 10:02:00,0,0.08034154,0,0,Sell
5468,AMD,2023-07-17 15:42:00,2023-07-17 16:07:00,0,0.55909234,1,0,Hold
1310,AMD,2023-07-18 00:03:00,2023-07-18 00:31:00,0,0.07713051,0,0,Sell
2623,AMD,2023-07-18 01:06:00,2023-07-18 01:24:00,0,0.6965732,1,0,Buy
4347,AMD,2023-07-18 03:42:00,2023-07-18 04:11:00,0,0.0793117,0,0,Sell
2707,AMD,2023-07-18 04:11:00,2023-07-18 04:18:00,1,0.9173866,1,1,Buy
7062,AMD,2023-07-18 14:48:00,2023-07-18 15:07:00,1,0.9357061,1,1,Buy
3486,AMD,2023-07-18 18:52:00,2023-07-18 19:22:00,0,0.10028273,0,0,Sell
2151,AMD,2023-07-18 23:04:00,2023-07-18 23:22:00,1,0.954794,1,1,Buy
7998,AMD,2023-07-19 02:45:00,2023-07-19 02:56:00,1,0.9319592,1,1,Buy
7226,AMD,2023-07-19 02:47:00,2023-07-19 03:07:00,0,0.46174204,0,0,Hold
1388,AMD,2023-07-19 16:27:00,2023-07-19 16:47:00,1,0.47569904,0,1,Hold
8067,AMD,2023-07-19 19:35:00,2023-07-19 20:01:00,0,0.075353846,0,0,Sell
1851,AMD,2023-07-20 12:45:00,2023-07-20 12:51:00,1,0.054585654,0,1,Sell
9220,AMD,2023-07-22 18:06:00,2023-07-22 18:30:00,0,0.04393431,0,0,Sell
8933,AMD,2023-07-23 11:12:00,2023-07-23 11:39:00,1,0.92067605,1,1,Buy
1170,AMD,2023-07-24 06:37:00,2023-07-24 07:00:00,1,0.92980134,1,1,Buy
5388,AMD,2023-07-25 02:59:00,2023-07-25 03:05:00,0,0.08675441,0,0,Sell
5416,AMD,2023-07-25 07:11:00,2023-07-25 07:26:00,0,0.07534765,0,0,Sell
7678,AMD,2023-07-25 15:45:00,2023-07-25 16:05:00,1,0.93506956,1,1,Buy
664,AMD,2023-07-25 19:23:00,2023-07-25 19:52:00,0,0.11976611,0,0,Sell
3624,AMD,2023-07-25 19:27:00,2023-07-25 19:34:00,0,0.060314395,0,0,Sell
6523,AMD,2023-07-25 22:56:00,2023-07-25 23:24:00,1,0.9550726,1,1,Buy
3901,AMD,2023-07-26 00:49:00,2023-07-26 01:09:00,0,0.08681452,0,0,Sell
5652,AMD,2023-07-26 05:04:00,2023-07-26 05:23:00,0,0.057295453,0,0,Sell
3701,AMD,2023-07-26 14:51:00,2023-07-26 15:18:00,1,0.8255072,1,1,Buy
5374,AMD,2023-07-26 20:23:00,2023-07-26 20:52:00,0,0.1019463,0,0,Sell
5433,AMD,2023-07-26 21:57:00,2023-07-26 22:25:00,1,0.9537847,1,1,Buy
5636,AMD,2023-07-27 05:23:00,2023-07-27 05:44:00,0,0.09939461,0,0,Sell
9229,AMD,2023-07-27 08:32:00,2023-07-27 08:44:00,0,0.06396616,0,0,Sell
8027,AMD,2023-07-28 18:42:00,2023-07-28 19:09:00,0,0.06840209,0,0,Sell
9291,AMD,2023-07-28 21:37:00,2023-07-28 21:53:00,1,0.90245736,1,1,Buy
4389,AMD,2023-07-29 00:17:00,2023-07-29 00:43:00,0,0.5751244,1,0,Hold
9638,AMD,2023-07-29 08:25:00,2023-07-29 08:53:00,0,0.037271805,0,0,Sell
7803,AMD,2023-07-29 18:20:00,2023-07-29 18:46:00,0,0.051831953,0,0,Sell
7142,AMD,2023-07-29 19:28:00,2023-07-29 19:50:00,1,0.9371094,1,1,Buy
7955,AMD,2023-07-31 03:13:00,2023-07-31 03:26:00,0,0.6064044,1,0,Buy
2440,AMD,2023-07-31 11:40:00,2023-07-31 12:00:00,1,0.92538154,1,1,Buy
8561,AMD,2023-07-31 15:32:00,2023-07-31 15:52:00,1,0.5502467,1,1,Hold
6434,AMD,2023-07-31 20:11:00,2023-07-31 20:41:00,1,0.94226366,1,1,Buy
1746,AMD,2023-07-31 23:29:00,2023-07-31 23:49:00,1,0.959588,1,1,Buy
9350,AMD,2023-08-02 05:21:00,2023-08-02 05:47:00,1,0.7747942,1,1,Buy
8265,AMD,2023-08-02 05:23:00,2023-08-02 05:29:00,1,0.9422003,1,1,Buy
8255,AMD,2023-08-02 21:24:00,2023-08-02 21:34:00,0,0.07871483,0,0,Sell
8439,AMD,2023-08-03 15:10:00,2023-08-03 15:23:00,0,0.061360173,0,0,Sell
2729,AMD,2023-08-03 23:04:00,2023-08-03 23:14:00,0,0.04951224,0,0,Sell
6245,AMD,2023-08-04 19:50:00,2023-08-04 19:59:00,1,0.9471054,1,1,Buy
4915,AMD,2023-08-05 13:27:00,2023-08-05 13:52:00,1,0.91692704,1,1,Buy
3641,AMD,2023-08-06 04:33:00,2023-08-06 05:03:00,1,0.9192181,1,1,Buy
8400,AMD,2023-08-06 09:44:00,2023-08-06 10:06:00,0,0.5036272,1,0,Hold
9776,AMD,2023-08-06 11:49:00,2023-08-06 12:17:00,1,0.95866346,1,1,Buy
2782,AMD,2023-08-06 12:54:00,2023-08-06 13:14:00,1,0.47040352,0,1,Hold
8460,AMD,2023-08-06 19:54:00,2023-08-06 20:23:00,1,0.9561742,1,1,Buy
9569,AMD,2023-08-06 23:54:00,2023-08-07 00:15:00,1,0.86383677,1,1,Buy
4462,AMD,2023-08-07 00:21:00,2023-08-07 00:44:00,0,0.62461156,1,0,Buy
6607,AMD,2023-08-08 04:10:00,2023-08-08 04:15:00,0,0.49419686,0,0,Hold
9448,AMD,2023-08-08 19:14:00,2023-08-08 19:21:00,0,0.09656821,0,0,Sell
9644,AMD,2023-08-09 20:37:00,2023-08-09 20:57:00,1,0.94810903,1,1,Buy
4845,AMD,2023-08-10 05:33:00,2023-08-10 06:00:00,0,0.056734692,0,0,Sell
6705,AMD,2023-08-10 12:05:00,2023-08-10 12:24:00,1,0.93453866,1,1,Buy
8816,AMD,2023-08-10 21:08:00,2023-08-10 21:20:00,1,0.94335216,1,1,Buy
7940,AMD,2023-08-11 14:36:00,2023-08-11 14:57:00,0,0.5194724,1,0,Hold
6744,AMD,2023-08-11 17:53:00,2023-08-11 17:58:00,0,0.7684123,1,0,Buy
8823,AMD,2023-08-12 13:00:00,2023-08-12 13:11:00,0,0.10392274,0,0,Sell
3907,AMD,2023-08-12 15:35:00,2023-08-12 15:49:00,0,0.92865354,1,0,Buy
6901,AMD,2023-08-12 16:33:00,2023-08-12 16:53:00,1,0.18558201,0,1,Sell
6863,AMD,2023-08-14 01:50:00,2023-08-14 01:57:00,0,0.08747342,0,0,Sell
3810,AMD,2023-08-14 07:34:00,2023-08-14 08:02:00,0,0.15496294,0,0,Sell
4476,AMD,2023-08-14 14:11:00,2023-08-14 14:30:00,0,0.048818715,0,0,Sell
1379,AMD,2023-08-15 14:45:00,2023-08-15 15:08:00,0,0.7219225,1,0,Buy
2915,AMD,2023-08-15 15:24:00,2023-08-15 15:37:00,0,0.043261,0,0,Sell
9566,AMD,2023-08-16 03:53:00,2023-08-16 04:08:00,0,0.6100147,1,0,Buy
3092,AMD,2023-08-16 21:12:00,2023-08-16 21:25:00,1,0.28263524,0,1,Sell
9478,AMD,2023-08-17 17:22:00,2023-08-17 17:36:00,1,0.9171264,1,1,Buy
109,AMD,2023-08-18 00:30:00,2023-08-18 00:37:00,1,0.9024744,1,1,Buy
8227,AMD,2023-08-18 07:13:00,2023-08-18 07:42:00,0,0.030713176,0,0,Sell
9698,AMD,2023-08-18 17:46:00,2023-08-18 17:57:00,0,0.29654542,0,0,Sell
9128,AMD,2023-08-18 22:16:00,2023-08-18 22:39:00,0,0.7083981,1,0,Buy
5091,AMD,2023-08-19 06:30:00,2023-08-19 06:43:00,1,0.22708449,0,1,Sell
3798,AMD,2023-08-19 22:06:00,2023-08-19 22:22:00,0,0.02648204,0,0,Sell
1184,AMD,2023-08-20 04:53:00,2023-08-20 05:12:00,0,0.059613332,0,0,Sell
5444,AMD,2023-08-20 10:21:00,2023-08-20 10:47:00,0,0.45949426,0,0,Hold
1761,AMD,2023-08-21 12:23:00,2023-08-21 12:35:00,0,0.3185514,0,0,Sell
2882,AMD,2023-08-22 06:12:00,2023-08-22 06:29:00,0,0.0637741,0,0,Sell
3868,AMD,2023-08-22 07:31:00,2023-08-22 08:01:00,0,0.06309401,0,0,Sell
9810,AMD,2023-08-22 12:22:00,2023-08-22 12:51:00,1,0.42953232,0,1,Hold
2069,AMD,2023-08-22 13:04:00,2023-08-22 13:12:00,1,0.8915632,1,1,Buy
7992,AMD,2023-08-22 16:45:00,2023-08-22 16:54:00,0,0.28704682,0,0,Sell
8100,AMD,2023-08-22 17:57:00,2023-08-22 18:26:00,1,0.9268455,1,1,Buy
1877,AMD,2023-08-22 18:32:00,2023-08-22 18:49:00,0,0.35907125,0,0,Sell
250,AMD,2023-08-22 19:17:00,2023-08-22 19:30:00,1,0.93636304,1,1,Buy
1628,AMD,2023-08-23 03:51:00,2023-08-23 04:15:00,0,0.35027853,0,0,Sell
2838,AMD,2023-08-23 07:40:00,2023-08-23 07:49:00,0,0.07640045,0,0,Sell
8269,AMD,2023-08-23 10:29:00,2023-08-23 10:41:00,1,0.35714313,0,1,Sell
7976,AMD,2023-08-24 15:55:00,2023-08-24 16:10:00,0,0.04787129,0,0,Sell
2476,AMD,2023-08-25 00:07:00,2023-08-25 00:28:00,1,0.87633836,1,1,Buy
4417,AMD,2023-08-25 13:43:00,2023-08-25 14:02:00,0,0.22652733,0,0,Sell
1721,AMD,2023-08-26 01:57:00,2023-08-26 02:11:00,1,0.9216885,1,1,Buy
230,AMD,2023-08-26 10:54:00,2023-08-26 11:00:00,1,0.9475122,1,1,Buy
8333,AMD,2023-08-26 19:28:00,2023-08-26 19:51:00,1,0.95040005,1,1,Buy
2367,AMD,2023-08-27 02:05:00,2023-08-27 02:35:00,1,0.2688614,0,1,Sell
7474,AMD,2023-08-27 16:18:00,2023-08-27 16:34:00,0,0.951341,1,0,Buy
7359,AMD,2023-08-27 18:21:00,2023-08-27 18:51:00,1,0.96366286,1,1,Buy
9494,AMD,2023-08-28 06:22:00,2023-08-28 06:39:00,0,0.09108557,0,0,Sell
4574,AMD,2023-08-28 08:30:00,2023-08-28 08:37:00,0,0.07828477,0,0,Sell
5189,AMD,2023-08-28 21:13:00,2023-08-28 21:36:00,0,0.05528949,0,0,Sell
3809,AMD,2023-08-29 00:52:00,2023-08-29 01:11:00,0,0.2763835,0,0,Sell
4562,AMD,2023-08-29 10:45:00,2023-08-29 11:08:00,0,0.087751575,0,0,Sell
2787,AMD,2023-08-29 11:48:00,2023-08-29 12:13:00,0,0.44703385,0,0,Hold
6203,AMD,2023-08-30 12:20:00,2023-08-30 12:46:00,1,0.23889963,0,1,Sell
1573,AMD,2023-08-30 23:15:00,2023-08-30 23:40:00,1,0.5278647,1,1,Hold
8259,AMD,2023-08-31 02:31:00,2023-08-31 02:39:00,1,0.36997283,0,1,Sell
2848,AMD,2023-08-31 13:31:00,2023-08-31 13:50:00,0,0.058359437,0,0,Sell
7712,AMD,2023-08-31 15:18:00,2023-08-31 15:40:00,1,0.9326035,1,1,Buy
6347,AMD,2023-08-31 16:16:00,2023-08-31 16:44:00,0,0.057167105,0,0,Sell
7208,AMD,2023-08-31 17:18:00,2023-08-31 17:24:00,1,0.9210829,1,1,Buy
7161,AMD,2023-09-01 23:29:00,2023-09-01 23:48:00,0,0.25111255,0,0,Sell
6702,AMD,2023-09-02 07:53:00,2023-09-02 08:09:00,1,0.41515005,0,1,Hold
5142,AMD,2023-09-02 11:23:00,2023-09-02 11:35:00,0,0.07893729,0,0,Sell
8571,AMD,2023-09-03 16:31:00,2023-09-03 16:41:00,0,0.06681378,0,0,Sell
8939,AMD,2023-09-05 05:33:00,2023-09-05 05:54:00,0,0.0645772,0,0,Sell
6769,AMD,2023-09-06 02:08:00,2023-09-06 02:26:00,0,0.47465375,0,0,Hold
6498,AMD,2023-09-06 05:48:00,2023-09-06 06:09:00,1,0.92521584,1,1,Buy
2525,AMD,2023-09-06 12:23:00,2023-09-06 12:34:00,1,0.9432778,1,1,Buy
7339,AMD,2023-09-07 16:44:00,2023-09-07 17:03:00,0,0.48919806,0,0,Hold
4661,AMD,2023-09-08 08:49:00,2023-09-08 09:00:00,0,0.06601828,0,0,Sell
1782,AMD,2023-09-08 12:31:00,2023-09-08 12:58:00,1,0.94483125,1,1,Buy
3967,AMD,2023-09-08 17:39:00,2023-09-08 17:54:00,0,0.060647734,0,0,Sell
4446,AMD,2023-09-09 07:25:00,2023-09-09 07:32:00,1,0.75622696,1,1,Buy
4894,AMD,2023-09-10 15:48:00,2023-09-10 15:59:00,1,0.9160699,1,1,Buy
8467,AMD,2023-09-11 05:14:00,2023-09-11 05:27:00,1,0.6632099,1,1,Buy
5723,AMD,2023-09-12 13:20:00,2023-09-12 13:46:00,1,0.4306319,0,1,Hold
3351,AMD,2023-09-12 20:05:00,2023-09-12 20:11:00,1,0.9588159,1,1,Buy
2144,AMD,2023-09-13 11:51:00,2023-09-13 12:17:00,1,0.6063533,1,1,Buy
8426,AMD,2023-09-13 17:22:00,2023-09-13 17:31:00,0,0.09040032,0,0,Sell
9681,AMD,2023-09-14 20:57:00,2023-09-14 21:12:00,1,0.96115476,1,1,Buy
2339,AMD,2023-09-15 11:00:00,2023-09-15 11:09:00,1,0.96506894,1,1,Buy
302,AMD,2023-09-15 12:13:00,2023-09-15 12:31:00,1,0.6383063,1,1,Buy
9334,AMD,2023-09-15 16:04:00,2023-09-15 16:29:00,1,0.3722491,0,1,Sell
6450,AMD,2023-09-15 17:36:00,2023-09-15 17:49:00,0,0.07511827,0,0,Sell
393,AMD,2023-09-17 08:23:00,2023-09-17 08:42:00,1,0.946928,1,1,Buy
6750,AMD,2023-09-17 16:08:00,2023-09-17 16:20:00,0,0.06902066,0,0,Sell
9965,AMD,2023-09-18 00:23:00,2023-09-18 00:32:00,1,0.9121264,1,1,Buy
7102,AMD,2023-09-18 06:40:00,2023-09-18 06:58:00,0,0.03598982,0,0,Sell
1229,AMD,2023-09-18 13:58:00,2023-09-18 14:07:00,0,0.23893613,0,0,Sell
7904,AMD,2023-09-18 16:08:00,2023-09-18 16:23:00,0,0.24368154,0,0,Sell
2919,AMD,2023-09-19 17:16:00,2023-09-19 17:31:00,1,0.8751279,1,1,Buy
436,AMD,2023-09-20 16:27:00,2023-09-20 16:45:00,1,0.42924654,0,1,Hold
2453,AMD,2023-09-21 03:51:00,2023-09-21 04:09:00,0,0.06647145,0,0,Sell
9509,AMD,2023-09-21 05:10:00,2023-09-21 05:19:00,0,0.08140795,0,0,Sell
9110,AMD,2023-09-21 10:50:00,2023-09-21 11:20:00,1,0.68281335,1,1,Buy
5326,AMD,2023-09-22 07:21:00,2023-09-22 07:27:00,0,0.521268,1,0,Hold
7979,AMD,2023-09-22 12:39:00,2023-09-22 12:44:00,1,0.91705316,1,1,Buy
1982,AMD,2023-09-22 18:30:00,2023-09-22 18:57:00,1,0.9485577,1,1,Buy
5840,AMD,2023-09-22 22:30:00,2023-09-22 22:38:00,0,0.78679866,1,0,Buy
1576,AMD,2023-09-23 11:44:00,2023-09-23 12:04:00,0,0.11574596,0,0,Sell
3652,AMD,2023-09-24 01:52:00,2023-09-24 02:06:00,1,0.94549674,1,1,Buy
7498,AMD,2023-09-24 01:52:00,2023-09-24 02:16:00,1,0.43292812,0,1,Hold
129,AMD,2023-09-25 06:41:00,2023-09-25 06:57:00,1,0.6985299,1,1,Buy
2530,AMD,2023-09-26 01:56:00,2023-09-26 02:01:00,1,0.91636163,1,1,Buy
5527,AMD,2023-09-27 06:55:00,2023-09-27 07:03:00,0,0.78304875,1,0,Buy
5759,AMD,2023-09-27 20:31:00,2023-09-27 20:43:00,0,0.07528105,0,0,Sell
1589,AMD,2023-09-28 02:42:00,2023-09-28 03:03:00,0,0.31159937,0,0,Sell
4222,AMD,2023-09-29 13:42:00,2023-09-29 13:53:00,0,0.440014,0,0,Hold
2657,AMD,2023-09-29 22:41:00,2023-09-29 23:07:00,0,0.057970926,0,0,Sell
2093,AMD,2023-10-01 22:05:00,2023-10-01 22:15:00,1,0.91533154,1,1,Buy
8474,AMD,2023-10-02 11:29:00,2023-10-02 11:45:00,0,0.43319026,0,0,Hold
1799,AMD,2023-10-02 23:39:00,2023-10-02 23:55:00,1,0.9367046,1,1,Buy
8761,AMD,2023-10-03 01:32:00,2023-10-03 01:43:00,0,0.39531022,0,0,Sell
1266,AMD,2023-10-03 06:37:00,2023-10-03 07:06:00,0,0.10011664,0,0,Sell
418,AMD,2023-10-03 23:19:00,2023-10-03 23:27:00,1,0.4181515,0,1,Hold
8297,AMD,2023-10-04 02:38:00,2023-10-04 02:51:00,0,0.3588585,0,0,Sell
9070,AMD,2023-10-04 23:30:00,2023-10-04 23:53:00,0,0.37699562,0,0,Sell
4310,AMD,2023-10-05 22:42:00,2023-10-05 23:00:00,0,0.3168262,0,0,Sell
8847,AMD,2023-10-07 08:39:00,2023-10-07 08:45:00,1,0.33496886,0,1,Sell
3182,AMD,2023-10-07 10:36:00,2023-10-07 10:49:00,0,0.06396033,0,0,Sell
5566,AMD,2023-10-07 19:34:00,2023-10-07 20:04:00,1,0.8974741,1,1,Buy
6333,AMD,2023-10-07 23:55:00,2023-10-08 00:25:00,0,0.7187484,1,0,Buy
5107,AMD,2023-10-08 07:05:00,2023-10-08 07:33:00,0,0.051671386,0,0,Sell
6580,AMD,2023-10-08 17:08:00,2023-10-08 17:36:00,0,0.065039545,0,0,Sell
8613,AMD,2023-10-09 02:52:00,2023-10-09 03:11:00,1,0.4122626,0,1,Hold
1998,AMD,2023-10-09 12:42:00,2023-10-09 12:54:00,0,0.068399414,0,0,Sell
3954,AMD,2023-10-10 15:39:00,2023-10-10 15:52:00,1,0.74551135,1,1,Buy
6327,AMD,2023-10-10 18:08:00,2023-10-10 18:34:00,1,0.81426305,1,1,Buy
3097,AMD,2023-10-10 22:24:00,2023-10-10 22:41:00,1,0.59027123,1,1,Hold
9532,AMD,2023-10-11 05:01:00,2023-10-11 05:26:00,1,0.93102026,1,1,Buy
8256,AMD,2023-10-11 06:05:00,2023-10-11 06:29:00,0,0.5540113,1,0,Hold
3342,AMD,2023-10-12 05:22:00,2023-10-12 05:28:00,1,0.9330279,1,1,Buy
4598,AMD,2023-10-12 07:28:00,2023-10-12 07:46:00,0,0.11097893,0,0,Sell
9951,AMD,2023-10-12 07:33:00,2023-10-12 07:45:00,1,0.93753654,1,1,Buy
6405,AMD,2023-10-12 09:36:00,2023-10-12 10:05:00,1,0.93649435,1,1,Buy
5804,AMD,2023-10-14 07:26:00,2023-10-14 07:52:00,0,0.1300358,0,0,Sell
6155,AMD,2023-10-14 08:56:00,2023-10-14 09:19:00,1,0.95024264,1,1,Buy
2288,AMD,2023-10-15 12:47:00,2023-10-15 13:06:00,0,0.10008243,0,0,Sell
4457,AMD,2023-10-15 21:42:00,2023-10-15 22:04:00,1,0.07488502,0,1,Sell
4749,AMD,2023-10-16 01:52:00,2023-10-16 02:00:00,0,0.08840581,0,0,Sell
1872,AMD,2023-10-16 02:15:00,2023-10-16 02:45:00,1,0.84037733,1,1,Buy
3275,AMD,2023-10-16 14:16:00,2023-10-16 14:42:00,1,0.073798314,0,1,Sell
1324,AMD,2023-10-18 00:57:00,2023-10-18 01:13:00,0,0.076910414,0,0,Sell
5798,AMD,2023-10-18 06:16:00,2023-10-18 06:27:00,0,0.0704689,0,0,Sell
8636,AMD,2023-10-18 13:17:00,2023-10-18 13:38:00,1,0.95736724,1,1,Buy
6698,AMD,2023-10-18 14:38:00,2023-10-18 14:50:00,1,0.4513111,0,1,Hold
2894,AMD,2023-10-19 05:19:00,2023-10-19 05:47:00,1,0.6172869,1,1,Buy
5161,AMD,2023-10-19 11:38:00,2023-10-19 11:55:00,0,0.59483,1,0,Hold
5179,AMD,2023-10-19 23:25:00,2023-10-19 23:44:00,1,0.9750699,1,1,Buy
9446,AMD,2023-10-20 06:01:00,2023-10-20 06:19:00,1,0.9326221,1,1,Buy
9973,AMD,2023-10-20 11:09:00,2023-10-20 11:26:00,1,0.09322979,0,1,Sell
9660,AMD,2023-10-20 19:07:00,2023-10-20 19:31:00,1,0.955491,1,1,Buy
5700,AMD,2023-10-21 05:31:00,2023-10-21 05:58:00,0,0.1036069,0,0,Sell
20,AMD,2023-10-21 14:31:00,2023-10-21 14:36:00,1,0.95545053,1,1,Buy
137,AMD,2023-10-21 18:46:00,2023-10-21 19:12:00,0,0.11286834,0,0,Sell
8715,AMD,2023-10-22 08:04:00,2023-10-22 08:25:00,1,0.94707674,1,1,Buy
8411,AMD,2023-10-23 04:41:00,2023-10-23 04:47:00,0,0.43547404,0,0,Hold
1953,AMD,2023-10-23 05:08:00,2023-10-23 05:16:00,0,0.0789115,0,0,Sell
5979,AMD,2023-10-23 07:21:00,2023-10-23 07:41:00,1,0.40287924,0,1,Hold
3540,AMD,2023-10-23 16:32:00,2023-10-23 16:57:00,0,0.053583898,0,0,Sell
1098,AMD,2023-10-24 18:48:00,2023-10-24 19:03:00,0,0.07031206,0,0,Sell
9652,AMD,2023-10-25 08:10:00,2023-10-25 08:23:00,0,0.05556583,0,0,Sell
7318,AMD,2023-10-27 22:59:00,2023-10-27 23:06:00,1,0.17971452,0,1,Sell
5959,AMD,2023-10-28 01:53:00,2023-10-28 02:17:00,0,0.54616576,1,0,Hold
655,AMD,2023-10-28 12:09:00,2023-10-28 12:34:00,1,0.92621183,1,1,Buy
4279,AMD,2023-10-29 00:10:00,2023-10-29 00:39:00,0,0.07203949,0,0,Sell
8949,AMD,2023-10-29 03:03:00,2023-10-29 03:28:00,0,0.07432655,0,0,Sell
6292,AMD,2023-10-29 11:42:00,2023-10-29 11:55:00,0,0.10275546,0,0,Sell
8090,AMD,2023-10-29 12:30:00,2023-10-29 12:46:00,0,0.56393266,1,0,Hold
2835,AMD,2023-10-29 21:40:00,2023-10-29 22:07:00,0,0.8647723,1,0,Buy
2189,AMD,2023-10-30 12:23:00,2023-10-30 12:30:00,0,0.059083186,0,0,Sell
4527,AMD,2023-10-30 12:55:00,2023-10-30 13:05:00,1,0.9132231,1,1,Buy
2709,AMD,2023-10-30 14:52:00,2023-10-30 15:12:00,1,0.9243609,1,1,Buy
8258,AMD,2023-10-31 09:52:00,2023-10-31 10:02:00,0,0.060490713,0,0,Sell
1438,AMD,2023-10-31 20:14:00,2023-10-31 20:43:00,1,0.9447598,1,1,Buy
7011,AMD,2023-11-01 00:06:00,2023-11-01 00:27:00,1,0.44126815,0,1,Hold
6374,AMD,2023-11-01 17:31:00,2023-11-01 17:50:00,0,0.47310287,0,0,Hold
3589,AMD,2023-11-01 19:22:00,2023-11-01 19:35:00,1,0.60250914,1,1,Buy
3197,AMD,2023-11-01 22:05:00,2023-11-01 22:13:00,1,0.96735907,1,1,Buy
7522,AMD,2023-11-02 03:45:00,2023-11-02 04:05:00,0,0.26520813,0,0,Sell
4522,AMD,2023-11-02 04:04:00,2023-11-02 04:13:00,1,0.32551625,0,1,Sell
9946,AMD,2023-11-02 06:31:00,2023-11-02 06:47:00,0,0.06440467,0,0,Sell
9730,AMD,2023-11-02 13:15:00,2023-11-02 13:44:00,0,0.23781466,0,0,Sell
3440,AMD,2023-11-02 14:03:00,2023-11-02 14:19:00,0,0.039876916,0,0,Sell
7010,AMD,2023-11-02 17:44:00,2023-11-02 18:11:00,0,0.07244837,0,0,Sell
7915,AMD,2023-11-02 20:55:00,2023-11-02 21:06:00,0,0.03917388,0,0,Sell
739,AMD,2023-11-03 12:51:00,2023-11-03 13:10:00,1,0.8123908,1,1,Buy
3181,AMD,2023-11-03 16:44:00,2023-11-03 16:56:00,1,0.88941497,1,1,Buy
4698,AMD,2023-11-03 18:19:00,2023-11-03 18:29:00,1,0.49793226,0,1,Hold
1929,AMD,2023-11-03 21:27:00,2023-11-03 21:47:00,1,0.48820126,0,1,Hold
149,AMD,2023-11-04 01:37:00,2023-11-04 01:42:00,1,0.9315136,1,1,Buy
2309,AMD,2023-11-04 08:52:00,2023-11-04 09:11:00,0,0.5396488,1,0,Hold
9473,AMD,2023-11-04 11:01:00,2023-11-04 11:08:00,0,0.081556715,0,0,Sell
1916,AMD,2023-11-05 14:28:00,2023-11-05 14:36:00,0,0.26927504,0,0,Sell
897,AMD,2023-11-05 18:11:00,2023-11-05 18:23:00,1,0.95903826,1,1,Buy
8363,AMD,2023-11-05 19:31:00,2023-11-05 19:37:00,0,0.04597315,0,0,Sell
72,AMD,2023-11-06 10:18:00,2023-11-06 10:27:00,0,0.25522244,0,0,Sell
417,AMD,2023-11-06 10:54:00,2023-11-06 10:59:00,1,0.9249157,1,1,Buy
9904,AMD,2023-11-08 04:59:00,2023-11-08 05:18:00,0,0.065446675,0,0,Sell
681,AMD,2023-11-08 10:23:00,2023-11-08 10:36:00,1,0.3006661,0,1,Sell
2351,AMD,2023-11-09 01:00:00,2023-11-09 01:09:00,1,0.9094864,1,1,Buy
7616,AMD,2023-11-09 13:51:00,2023-11-09 13:59:00,0,0.046343,0,0,Sell
4482,AMD,2023-11-10 10:17:00,2023-11-10 10:40:00,0,0.048890986,0,0,Sell
3911,AMD,2023-11-11 07:33:00,2023-11-11 07:42:00,0,0.09300735,0,0,Sell
216,AMD,2023-11-11 08:53:00,2023-11-11 08:59:00,0,0.59860426,1,0,Hold
5226,AMD,2023-11-11 10:12:00,2023-11-11 10:30:00,0,0.77620345,1,0,Buy
6194,AMD,2023-11-11 10:56:00,2023-11-11 11:10:00,1,0.4232366,0,1,Hold
4897,AMD,2023-11-12 11:47:00,2023-11-12 11:58:00,0,0.7939022,1,0,Buy
1019,AMD,2023-11-12 19:31:00,2023-11-12 19:36:00,1,0.932659,1,1,Buy
5329,AMD,2023-11-12 22:01:00,2023-11-12 22:17:00,1,0.949309,1,1,Buy
7476,AMD,2023-11-12 23:10:00,2023-11-12 23:24:00,1,0.9635871,1,1,Buy
5690,AMD,2023-11-12 23:53:00,2023-11-13 00:00:00,1,0.9725749,1,1,Buy
3585,AMD,2023-11-13 01:15:00,2023-11-13 01:29:00,0,0.10783264,0,0,Sell
2115,AMD,2023-11-13 19:59:00,2023-11-13 20:15:00,1,0.94870186,1,1,Buy
1749,AMD,2023-11-15 03:12:00,2023-11-15 03:18:00,0,0.06532523,0,0,Sell
5465,AMD,2023-11-15 04:43:00,2023-11-15 05:10:00,0,0.07571804,0,0,Sell
2603,AMD,2023-11-16 00:19:00,2023-11-16 00:25:00,0,0.051698543,0,0,Sell
9410,AMD,2023-11-16 08:48:00,2023-11-16 08:54:00,1,0.9030974,1,1,Buy
9175,AMD,2023-11-16 11:32:00,2023-11-16 11:37:00,1,0.57279795,1,1,Hold
8175,AMD,2023-11-16 12:26:00,2023-11-16 12:49:00,0,0.04027527,0,0,Sell
5217,AMD,2023-11-17 08:06:00,2023-11-17 08:32:00,1,0.93127775,1,1,Buy
2876,AMD,2023-11-17 22:44:00,2023-11-17 22:58:00,1,0.95945764,1,1,Buy
1868,AMD,2023-11-18 00:10:00,2023-11-18 00:32:00,1,0.92933077,1,1,Buy
2027,AMD,2023-11-18 08:24:00,2023-11-18 08:43:00,0,0.42093188,0,0,Hold
2615,AMD,2023-11-18 16:35:00,2023-11-18 17:00:00,0,0.07370346,0,0,Sell
3604,AMD,2023-11-19 11:48:00,2023-11-19 12:11:00,0,0.4296046,0,0,Hold
5123,AMD,2023-11-19 12:23:00,2023-11-19 12:37:00,0,0.062685154,0,0,Sell
1850,AMD,2023-11-20 14:19:00,2023-11-20 14:29:00,0,0.39436814,0,0,Sell
2696,AMD,2023-11-21 01:55:00,2023-11-21 02:00:00,1,0.87940544,1,1,Buy
4026,AMD,2023-11-21 18:31:00,2023-11-21 18:36:00,0,0.05134747,0,0,Sell
6594,AMD,2023-11-21 20:11:00,2023-11-21 20:33:00,1,0.9595665,1,1,Buy
6326,AMD,2023-11-22 01:30:00,2023-11-22 01:58:00,1,0.47640058,0,1,Hold
5148,AMD,2023-11-23 05:37:00,2023-11-23 05:57:00,1,0.95038956,1,1,Buy
5292,AMD,2023-11-24 15:41:00,2023-11-24 16:07:00,1,0.35140514,0,1,Sell
7502,AMD,2023-11-24 20:37:00,2023-11-24 20:50:00,0,0.15807205,0,0,Sell
1923,AMD,2023-11-25 09:02:00,2023-11-25 09:09:00,0,0.48800665,0,0,Hold
4146,AMD,2023-11-25 12:16:00,2023-11-25 12:21:00,0,0.08201134,0,0,Sell
3916,AMD,2023-11-26 07:16:00,2023-11-26 07:31:00,1,0.94108206,1,1,Buy
8305,AMD,2023-11-26 08:29:00,2023-11-26 08:55:00,1,0.382412,0,1,Sell
3602,AMD,2023-11-26 13:46:00,2023-11-26 14:15:00,0,0.41631114,0,0,Hold
7352,AMD,2023-11-27 04:53:00,2023-11-27 05:10:00,1,0.31035048,0,1,Sell
1555,AMD,2023-11-28 08:01:00,2023-11-28 08:19:00,1,0.9555149,1,1,Buy
8602,AMD,2023-11-29 07:03:00,2023-11-29 07:08:00,0,0.8837243,1,0,Buy
3180,AMD,2023-11-29 17:50:00,2023-11-29 18:10:00,1,0.95697254,1,1,Buy
3978,AMD,2023-11-30 18:04:00,2023-11-30 18:21:00,1,0.9529966,1,1,Buy
2584,AMD,2023-11-30 22:44:00,2023-11-30 22:55:00,1,0.9576234,1,1,Buy
2320,AMD,2023-12-01 03:55:00,2023-12-01 04:06:00,0,0.11588346,0,0,Sell
7841,AMD,2023-12-01 08:59:00,2023-12-01 09:05:00,1,0.96426845,1,1,Buy
2965,AMD,2023-12-01 12:27:00,2023-12-01 12:56:00,1,0.9391717,1,1,Buy
1294,AMD,2023-12-03 07:21:00,2023-12-03 07:42:00,0,0.18993568,0,0,Sell
1832,AMD,2023-12-03 10:35:00,2023-12-03 10:57:00,1,0.94901067,1,1,Buy
6045,AMD,2023-12-04 07:22:00,2023-12-04 07:28:00,0,0.18421106,0,0,Sell
8160,AMD,2023-12-04 07:59:00,2023-12-04 08:26:00,1,0.48644963,0,1,Hold
184,AMD,2023-12-04 10:02:00,2023-12-04 10:25:00,0,0.080145136,0,0,Sell
9429,AMD,2023-12-04 10:20:00,2023-12-04 10:29:00,1,0.9413709,1,1,Buy
3080,AMD,2023-12-05 08:05:00,2023-12-05 08:17:00,1,0.9257114,1,1,Buy
1389,AMD,2023-12-05 16:16:00,2023-12-05 16:25:00,0,0.07509007,0,0,Sell
1237,AMD,2023-12-06 00:03:00,2023-12-06 00:27:00,1,0.89021,1,1,Buy
8589,AMD,2023-12-06 06:10:00,2023-12-06 06:32:00,0,0.067336224,0,0,Sell
3734,AMD,2023-12-06 16:45:00,2023-12-06 17:04:00,1,0.24486755,0,1,Sell
4551,AMD,2023-12-07 02:35:00,2023-12-07 02:55:00,1,0.9132562,1,1,Buy
4416,AMD,2023-12-07 07:31:00,2023-12-07 07:56:00,1,0.9496315,1,1,Buy
5720,AMD,2023-12-07 20:13:00,2023-12-07 20:35:00,1,0.82624733,1,1,Buy
6894,AMD,2023-12-08 05:53:00,2023-12-08 06:00:00,1,0.94049555,1,1,Buy
5704,AMD,2023-12-08 09:54:00,2023-12-08 10:20:00,0,0.132988,0,0,Sell
6421,AMD,2023-12-08 13:55:00,2023-12-08 14:22:00,0,0.6362452,1,0,Buy
6617,AMD,2023-12-09 05:45:00,2023-12-09 06:07:00,0,0.3613875,0,0,Sell
6400,AMD,2023-12-09 07:05:00,2023-12-09 07:28:00,1,0.06698766,0,1,Sell
4122,AMD,2023-12-09 07:08:00,2023-12-09 07:22:00,1,0.92799836,1,1,Buy
4447,AMD,2023-12-10 02:50:00,2023-12-10 03:07:00,1,0.5189042,1,1,Hold
3539,AMD,2023-12-10 12:24:00,2023-12-10 12:42:00,0,0.063528575,0,0,Sell
8408,AMD,2023-12-11 04:55:00,2023-12-11 05:18:00,0,0.69235563,1,0,Buy
5174,AMD,2023-12-11 08:29:00,2023-12-11 08:51:00,1,0.8866559,1,1,Buy
6379,AMD,2023-12-11 16:21:00,2023-12-11 16:50:00,1,0.9307786,1,1,Buy
6453,AMD,2023-12-11 17:16:00,2023-12-11 17:23:00,0,0.051781464,0,0,Sell
8154,AMD,2023-12-11 20:33:00,2023-12-11 21:03:00,1,0.9430395,1,1,Buy
8554,AMD,2023-12-11 21:04:00,2023-12-11 21:28:00,0,0.44960973,0,0,Hold
7054,AMD,2023-12-13 18:47:00,2023-12-13 19:04:00,1,0.92779464,1,1,Buy
4481,AMD,2023-12-15 13:45:00,2023-12-15 14:06:00,0,0.33887887,0,0,Sell
9990,AMD,2023-12-16 04:29:00,2023-12-16 04:48:00,0,0.075212136,0,0,Sell
5885,AMD,2023-12-16 14:25:00,2023-12-16 14:55:00,0,0.05201856,0,0,Sell
9361,AMD,2023-12-17 00:00:00,2023-12-17 00:11:00,0,0.062301554,0,0,Sell
1377,AMD,2023-12-17 12:59:00,2023-12-17 13:13:00,0,0.043873403,0,0,Sell
7801,AMD,2023-12-17 17:19:00,2023-12-17 17:38:00,0,0.2184421,0,0,Sell
4773,AMD,2023-12-17 23:51:00,2023-12-18 00:10:00,0,0.04681472,0,0,Sell
678,AMD,2023-12-18 00:31:00,2023-12-18 00:54:00,0,0.313696,0,0,Sell
4786,AMD,2023-12-18 21:10:00,2023-12-18 21:27:00,1,0.9197507,1,1,Buy
4785,AMD,2023-12-20 04:02:00,2023-12-20 04:28:00,1,0.9519652,1,1,Buy
1666,AMD,2023-12-20 17:12:00,2023-12-20 17:29:00,1,0.9555125,1,1,Buy
9814,AMD,2023-12-20 21:45:00,2023-12-20 22:04:00,1,0.97479135,1,1,Buy
4333,AMD,2023-12-21 14:57:00,2023-12-21 15:25:00,1,0.96596056,1,1,Buy
7511,AMD,2023-12-21 19:50:00,2023-12-21 20:08:00,1,0.6913021,1,1,Buy
9144,AMD,2023-12-22 10:51:00,2023-12-22 11:13:00,0,0.5558221,1,0,Hold
1011,AMD,2023-12-22 12:41:00,2023-12-22 12:58:00,1,0.93617165,1,1,Buy
3167,AMD,2023-12-22 16:08:00,2023-12-22 16:38:00,1,0.17119367,0,1,Sell
26,AMD,2023-12-22 19:35:00,2023-12-22 20:03:00,1,0.95332044,1,1,Buy
1582,AMD,2023-12-23 03:56:00,2023-12-23 04:05:00,1,0.28809443,0,1,Sell
1926,AMD,2023-12-23 08:36:00,2023-12-23 08:45:00,0,0.5843199,1,0,Hold
1984,AMD,2023-12-24 06:31:00,2023-12-24 06:42:00,1,0.93059796,1,1,Buy
7855,AMD,2023-12-25 09:58:00,2023-12-25 10:06:00,1,0.9200424,1,1,Buy
5913,AMD,2023-12-25 20:23:00,2023-12-25 20:48:00,0,0.08579709,0,0,Sell
423,AMD,2023-12-26 04:57:00,2023-12-26 05:03:00,0,0.80540246,1,0,Buy
5567,AMD,2023-12-26 10:24:00,2023-12-26 10:39:00,1,0.91724837,1,1,Buy
8658,AMD,2023-12-26 14:02:00,2023-12-26 14:21:00,0,0.053315874,0,0,Sell
3196,AMD,2023-12-26 14:12:00,2023-12-26 14:39:00,0,0.06350594,0,0,Sell
4833,AMD,2023-12-27 12:02:00,2023-12-27 12:18:00,1,0.91996026,1,1,Buy
2510,AMD,2023-12-27 19:40:00,2023-12-27 19:54:00,1,0.44856846,0,1,Hold
2881,AMD,2023-12-27 22:44:00,2023-12-27 23:02:00,1,0.9398828,1,1,Buy
8587,AMD,2023-12-28 11:46:00,2023-12-28 12:16:00,1,0.9423567,1,1,Buy
5314,AMD,2023-12-28 15:23:00,2023-12-28 15:43:00,1,0.9484004,1,1,Buy
8771,AMD,2023-12-29 10:05:00,2023-12-29 10:31:00,0,0.5956407,1,0,Hold
1108,AMD,2023-12-29 11:31:00,2023-12-29 11:37:00,0,0.07266311,0,0,Sell
2400,AMD,2023-12-29 17:12:00,2023-12-29 17:40:00,1,0.5763728,1,1,Hold
8685,AMD,2023-12-30 12:07:00,2023-12-30 12:32:00,1,0.20610188,0,1,Sell
3875,AMD,2023-12-31 07:47:00,2023-12-31 08:00:00,1,0.46851566,0,1,Hold
7410,AMD,2023-12-31 19:09:00,2023-12-31 19:31:00,1,0.899317,1,1,Buy
470,AMD,2024-01-01 18:06:00,2024-01-01 18:25:00,0,0.09883208,0,0,Sell
6912,AMD,2024-01-01 21:36:00,2024-01-01 21:43:00,0,0.12838429,0,0,Sell
1024,BB,2023-01-01 21:14:00,2023-01-01 21:41:00,1,0.7890686,1,1,Buy
4993,BB,2023-01-02 23:55:00,2023-01-03 00:24:00,0,0.08185678,0,0,Sell
7500,BB,2023-01-03 12:35:00,2023-01-03 13:02:00,1,0.94574356,1,1,Buy
2908,BB,2023-01-03 18:37:00,2023-01-03 18:59:00,1,0.10387473,0,1,Sell
5072,BB,2023-01-04 00:22:00,2023-01-04 00:27:00,1,0.9243188,1,1,Buy
2410,BB,2023-01-04 13:47:00,2023-01-04 13:57:00,0,0.13104288,0,0,Sell
5131,BB,2023-01-05 04:06:00,2023-01-05 04:35:00,1,0.57667917,1,1,Hold
4625,BB,2023-01-05 06:59:00,2023-01-05 07:04:00,0,0.32446107,0,0,Sell
5809,BB,2023-01-05 19:01:00,2023-01-05 19:08:00,0,0.055559725,0,0,Sell
2401,BB,2023-01-05 21:47:00,2023-01-05 22:04:00,0,0.03491471,0,0,Sell
5701,BB,2023-01-06 03:46:00,2023-01-06 03:57:00,0,0.05528131,0,0,Sell
2201,BB,2023-01-06 11:03:00,2023-01-06 11:08:00,0,0.09059345,0,0,Sell
7182,BB,2023-01-06 16:43:00,2023-01-06 17:08:00,0,0.19225664,0,0,Sell
2303,BB,2023-01-07 05:55:00,2023-01-07 06:01:00,1,0.9203107,1,1,Buy
4913,BB,2023-01-09 21:33:00,2023-01-09 21:40:00,1,0.13491753,0,1,Sell
7079,BB,2023-01-10 12:23:00,2023-01-10 12:36:00,0,0.07676879,0,0,Sell
7473,BB,2023-01-10 20:54:00,2023-01-10 21:17:00,0,0.52099293,1,0,Hold
1406,BB,2023-01-11 12:14:00,2023-01-11 12:29:00,0,0.93236893,1,0,Buy
7840,BB,2023-01-12 02:08:00,2023-01-12 02:22:00,0,0.04982366,0,0,Sell
3251,BB,2023-01-12 06:03:00,2023-01-12 06:29:00,1,0.94135803,1,1,Buy
9690,BB,2023-01-12 09:11:00,2023-01-12 09:32:00,0,0.66920227,1,0,Buy
1742,BB,2023-01-12 10:08:00,2023-01-12 10:25:00,0,0.052048177,0,0,Sell
8273,BB,2023-01-12 12:15:00,2023-01-12 12:41:00,1,0.9427324,1,1,Buy
8065,BB,2023-01-12 14:22:00,2023-01-12 14:36:00,0,0.5661253,1,0,Hold
9505,BB,2023-01-13 13:45:00,2023-01-13 13:51:00,1,0.09715734,0,1,Sell
1053,BB,2023-01-15 02:24:00,2023-01-15 02:49:00,0,0.5476907,1,0,Hold
9819,BB,2023-01-15 03:52:00,2023-01-15 04:01:00,0,0.45048925,0,0,Hold
8126,BB,2023-01-15 14:30:00,2023-01-15 14:40:00,1,0.94016373,1,1,Buy
385,BB,2023-01-15 15:08:00,2023-01-15 15:35:00,1,0.93792605,1,1,Buy
810,BB,2023-01-15 19:23:00,2023-01-15 19:33:00,0,0.05991897,0,0,Sell
9320,BB,2023-01-16 09:34:00,2023-01-16 09:41:00,0,0.06841109,0,0,Sell
5801,BB,2023-01-16 09:48:00,2023-01-16 10:09:00,1,0.4391669,0,1,Hold
6093,BB,2023-01-17 12:02:00,2023-01-17 12:18:00,0,0.045749433,0,0,Sell
4376,BB,2023-01-18 02:45:00,2023-01-18 02:51:00,1,0.88615966,1,1,Buy
7791,BB,2023-01-18 03:34:00,2023-01-18 03:39:00,0,0.2328414,0,0,Sell
1157,BB,2023-01-18 04:49:00,2023-01-18 05:08:00,1,0.5024791,1,1,Hold
5158,BB,2023-01-18 18:38:00,2023-01-18 19:04:00,1,0.3881648,0,1,Sell
126,BB,2023-01-19 04:24:00,2023-01-19 04:39:00,1,0.9055829,1,1,Buy
3312,BB,2023-01-19 21:43:00,2023-01-19 21:55:00,1,0.9433893,1,1,Buy
6323,BB,2023-01-20 13:59:00,2023-01-20 14:14:00,0,0.0856376,0,0,Sell
7846,BB,2023-01-20 18:15:00,2023-01-20 18:44:00,1,0.93771386,1,1,Buy
5990,BB,2023-01-20 19:17:00,2023-01-20 19:34:00,0,0.8422353,1,0,Buy
6773,BB,2023-01-21 00:48:00,2023-01-21 01:17:00,1,0.09438471,0,1,Sell
2588,BB,2023-01-21 07:57:00,2023-01-21 08:27:00,0,0.9124029,1,0,Buy
2280,BB,2023-01-21 16:50:00,2023-01-21 17:00:00,1,0.9403043,1,1,Buy
2647,BB,2023-01-21 22:02:00,2023-01-21 22:24:00,0,0.49807575,0,0,Hold
818,BB,2023-01-22 09:12:00,2023-01-22 09:37:00,0,0.06865347,0,0,Sell
5002,BB,2023-01-23 00:06:00,2023-01-23 00:31:00,1,0.9342378,1,1,Buy
87,BB,2023-01-23 00:23:00,2023-01-23 00:42:00,0,0.09632154,0,0,Sell
9054,BB,2023-01-23 00:59:00,2023-01-23 01:20:00,0,0.10665322,0,0,Sell
308,BB,2023-01-23 10:37:00,2023-01-23 11:03:00,0,0.06774979,0,0,Sell
9365,BB,2023-01-24 05:38:00,2023-01-24 05:43:00,0,0.08580491,0,0,Sell
5641,BB,2023-01-25 05:53:00,2023-01-25 06:10:00,1,0.8861675,1,1,Buy
6780,BB,2023-01-26 03:23:00,2023-01-26 03:48:00,0,0.07617532,0,0,Sell
8845,BB,2023-01-26 12:53:00,2023-01-26 13:09:00,1,0.9308814,1,1,Buy
7026,BB,2023-01-26 23:51:00,2023-01-27 00:14:00,1,0.94164324,1,1,Buy
6556,BB,2023-01-27 10:47:00,2023-01-27 10:52:00,1,0.07813643,0,1,Sell
9669,BB,2023-01-27 21:38:00,2023-01-27 22:07:00,0,0.79028946,1,0,Buy
6738,BB,2023-01-28 08:44:00,2023-01-28 09:12:00,1,0.94101524,1,1,Buy
8089,BB,2023-01-28 11:37:00,2023-01-28 11:58:00,0,0.49934378,0,0,Hold
8625,BB,2023-01-29 02:19:00,2023-01-29 02:36:00,1,0.42280522,0,1,Hold
3678,BB,2023-01-29 15:56:00,2023-01-29 16:09:00,1,0.5853382,1,1,Hold
61,BB,2023-01-29 15:58:00,2023-01-29 16:23:00,1,0.94201493,1,1,Buy
1649,BB,2023-01-31 02:11:00,2023-01-31 02:27:00,1,0.10160748,0,1,Sell
5771,BB,2023-01-31 06:11:00,2023-01-31 06:23:00,1,0.91631746,1,1,Buy
7605,BB,2023-01-31 20:20:00,2023-01-31 20:25:00,1,0.653779,1,1,Buy
1632,BB,2023-02-01 12:07:00,2023-02-01 12:24:00,1,0.96071094,1,1,Buy
3823,BB,2023-02-01 13:27:00,2023-02-01 13:51:00,1,0.5690263,1,1,Hold
2323,BB,2023-02-01 15:24:00,2023-02-01 15:53:00,0,0.4724878,0,0,Hold
2067,BB,2023-02-01 15:53:00,2023-02-01 16:02:00,0,0.06308669,0,0,Sell
2485,BB,2023-02-02 11:27:00,2023-02-02 11:39:00,1,0.05259072,0,1,Sell
6359,BB,2023-02-03 11:54:00,2023-02-03 12:05:00,1,0.9122387,1,1,Buy
7047,BB,2023-02-03 21:59:00,2023-02-03 22:04:00,0,0.4663819,0,0,Hold
2855,BB,2023-02-04 11:04:00,2023-02-04 11:29:00,0,0.058199864,0,0,Sell
7602,BB,2023-02-05 05:49:00,2023-02-05 05:56:00,0,0.06947572,0,0,Sell
7071,BB,2023-02-05 05:54:00,2023-02-05 06:22:00,1,0.16309588,0,1,Sell
8085,BB,2023-02-06 00:39:00,2023-02-06 01:05:00,1,0.9098515,1,1,Buy
8295,BB,2023-02-06 06:31:00,2023-02-06 06:59:00,0,0.10645106,0,0,Sell
3391,BB,2023-02-06 11:59:00,2023-02-06 12:22:00,1,0.6388089,1,1,Buy
7496,BB,2023-02-07 08:04:00,2023-02-07 08:20:00,1,0.58090746,1,1,Hold
4327,BB,2023-02-07 11:10:00,2023-02-07 11:40:00,1,0.9545669,1,1,Buy
2155,BB,2023-02-07 20:21:00,2023-02-07 20:26:00,1,0.97581613,1,1,Buy
228,BB,2023-02-08 01:54:00,2023-02-08 02:15:00,0,0.78199625,1,0,Buy
9926,BB,2023-02-08 06:57:00,2023-02-08 07:20:00,1,0.9550549,1,1,Buy
1249,BB,2023-02-09 03:21:00,2023-02-09 03:36:00,0,0.1741473,0,0,Sell
9607,BB,2023-02-09 09:20:00,2023-02-09 09:29:00,0,0.7113846,1,0,Buy
2554,BB,2023-02-10 11:54:00,2023-02-10 12:03:00,1,0.9402297,1,1,Buy
1126,BB,2023-02-10 14:20:00,2023-02-10 14:29:00,0,0.06343448,0,0,Sell
3748,BB,2023-02-11 07:05:00,2023-02-11 07:34:00,1,0.9308354,1,1,Buy
1951,BB,2023-02-11 11:07:00,2023-02-11 11:26:00,1,0.93331707,1,1,Buy
6425,BB,2023-02-11 20:45:00,2023-02-11 21:13:00,0,0.8695574,1,0,Buy
3756,BB,2023-02-12 01:31:00,2023-02-12 01:47:00,1,0.9495531,1,1,Buy
2379,BB,2023-02-12 10:04:00,2023-02-12 10:24:00,1,0.8190146,1,1,Buy
3266,BB,2023-02-12 17:30:00,2023-02-12 17:36:00,1,0.9702085,1,1,Buy
3350,BB,2023-02-13 09:44:00,2023-02-13 10:06:00,1,0.48449045,0,1,Hold
8663,BB,2023-02-13 11:11:00,2023-02-13 11:22:00,0,0.09362636,0,0,Sell
2336,BB,2023-02-13 16:02:00,2023-02-13 16:14:00,0,0.5508645,1,0,Hold
2751,BB,2023-02-14 01:52:00,2023-02-14 02:12:00,0,0.30972314,0,0,Sell
829,BB,2023-02-14 02:33:00,2023-02-14 02:48:00,0,0.09132511,0,0,Sell
5054,BB,2023-02-15 07:11:00,2023-02-15 07:31:00,1,0.45325443,0,1,Hold
4970,BB,2023-02-15 08:09:00,2023-02-15 08:17:00,0,0.06763223,0,0,Sell
9736,BB,2023-02-15 13:16:00,2023-02-15 13:24:00,0,0.07505595,0,0,Sell
6065,BB,2023-02-15 21:46:00,2023-02-15 21:58:00,0,0.5381922,1,0,Hold
8980,BB,2023-02-16 04:40:00,2023-02-16 05:07:00,0,0.08321701,0,0,Sell
2318,BB,2023-02-17 08:16:00,2023-02-17 08:42:00,0,0.0523608,0,0,Sell
5817,BB,2023-02-17 22:23:00,2023-02-17 22:52:00,0,0.2849481,0,0,Sell
580,BB,2023-02-18 04:37:00,2023-02-18 04:56:00,0,0.29670107,0,0,Sell
4356,BB,2023-02-19 19:10:00,2023-02-19 19:32:00,0,0.047568165,0,0,Sell
8118,BB,2023-02-20 00:46:00,2023-02-20 00:54:00,0,0.8786239,1,0,Buy
4677,BB,2023-02-20 04:27:00,2023-02-20 04:39:00,0,0.08417606,0,0,Sell
4832,BB,2023-02-20 18:43:00,2023-02-20 19:06:00,1,0.91490656,1,1,Buy
8746,BB,2023-02-21 16:13:00,2023-02-21 16:35:00,1,0.9301475,1,1,Buy
3530,BB,2023-02-21 18:54:00,2023-02-21 19:11:00,1,0.9436723,1,1,Buy
4226,BB,2023-02-22 06:13:00,2023-02-22 06:41:00,0,0.11750254,0,0,Sell
8490,BB,2023-02-22 09:30:00,2023-02-22 09:41:00,0,0.060138535,0,0,Sell
6302,BB,2023-02-22 11:38:00,2023-02-22 11:49:00,0,0.059594598,0,0,Sell
3908,BB,2023-02-22 17:19:00,2023-02-22 17:27:00,0,0.2274277,0,0,Sell
9942,BB,2023-02-23 03:49:00,2023-02-23 04:00:00,0,0.069032654,0,0,Sell
6548,BB,2023-02-24 01:59:00,2023-02-24 02:26:00,1,0.85751414,1,1,Buy
6187,BB,2023-02-24 13:30:00,2023-02-24 13:43:00,0,0.049555607,0,0,Sell
774,BB,2023-02-24 16:10:00,2023-02-24 16:30:00,1,0.94403285,1,1,Buy
1806,BB,2023-02-24 22:24:00,2023-02-24 22:33:00,0,0.61638176,1,0,Buy
7635,BB,2023-02-25 09:29:00,2023-02-25 09:39:00,0,0.07779413,0,0,Sell
9443,BB,2023-02-25 14:04:00,2023-02-25 14:33:00,1,0.9323214,1,1,Buy
7281,BB,2023-02-28 00:34:00,2023-02-28 01:00:00,0,0.36195758,0,0,Sell
2823,BB,2023-02-28 01:34:00,2023-02-28 01:44:00,0,0.09078956,0,0,Sell
2458,BB,2023-02-28 05:20:00,2023-02-28 05:27:00,1,0.41341797,0,1,Hold
2013,BB,2023-03-02 16:06:00,2023-03-02 16:12:00,0,0.046730246,0,0,Sell
4170,BB,2023-03-02 16:56:00,2023-03-02 17:03:00,0,0.047804642,0,0,Sell
3169,BB,2023-03-02 17:22:00,2023-03-02 17:46:00,0,0.032827374,0,0,Sell
6263,BB,2023-03-02 23:43:00,2023-03-02 23:57:00,1,0.84074455,1,1,Buy
3515,BB,2023-03-03 01:25:00,2023-03-03 01:32:00,0,0.04762405,0,0,Sell
7173,BB,2023-03-03 10:58:00,2023-03-03 11:14:00,1,0.9475045,1,1,Buy
3274,BB,2023-03-04 03:47:00,2023-03-04 03:57:00,0,0.07341983,0,0,Sell
2445,BB,2023-03-04 19:52:00,2023-03-04 20:01:00,0,0.056943316,0,0,Sell
8864,BB,2023-03-05 12:11:00,2023-03-05 12:26:00,0,0.1969558,0,0,Sell
1008,BB,2023-03-05 12:44:00,2023-03-05 12:55:00,0,0.10169281,0,0,Sell
7691,BB,2023-03-06 10:29:00,2023-03-06 10:51:00,1,0.89863694,1,1,Buy
7612,BB,2023-03-06 22:35:00,2023-03-06 22:58:00,1,0.54746133,1,1,Hold
5791,BB,2023-03-07 08:08:00,2023-03-07 08:32:00,1,0.92725366,1,1,Buy
9412,BB,2023-03-07 13:39:00,2023-03-07 14:06:00,0,0.5066783,1,0,Hold
9717,BB,2023-03-07 22:01:00,2023-03-07 22:08:00,0,0.08874902,0,0,Sell
8322,BB,2023-03-08 06:28:00,2023-03-08 06:40:00,1,0.5641143,1,1,Hold
4656,BB,2023-03-08 14:32:00,2023-03-08 14:40:00,1,0.9507053,1,1,Buy
3475,BB,2023-03-08 15:38:00,2023-03-08 15:48:00,0,0.059123468,0,0,Sell
5242,BB,2023-03-08 16:02:00,2023-03-08 16:23:00,0,0.049768444,0,0,Sell
4873,BB,2023-03-08 23:29:00,2023-03-08 23:44:00,0,0.05452181,0,0,Sell
8081,BB,2023-03-09 07:51:00,2023-03-09 08:19:00,0,0.044274755,0,0,Sell
6037,BB,2023-03-09 10:13:00,2023-03-09 10:37:00,0,0.048677918,0,0,Sell
4917,BB,2023-03-09 19:37:00,2023-03-09 19:43:00,0,0.43695483,0,0,Hold
4511,BB,2023-03-09 20:24:00,2023-03-09 20:31:00,1,0.4338245,0,1,Hold
598,BB,2023-03-09 23:32:00,2023-03-09 23:43:00,0,0.040353812,0,0,Sell
1588,BB,2023-03-10 05:36:00,2023-03-10 05:54:00,1,0.35376963,0,1,Sell
5104,BB,2023-03-10 13:27:00,2023-03-10 13:32:00,0,0.05748727,0,0,Sell
380,BB,2023-03-10 17:51:00,2023-03-10 18:11:00,1,0.38529643,0,1,Sell
5427,BB,2023-03-12 02:37:00,2023-03-12 02:54:00,1,0.9404322,1,1,Buy
4987,BB,2023-03-12 18:12:00,2023-03-12 18:36:00,0,0.4680721,0,0,Hold
9614,BB,2023-03-13 00:29:00,2023-03-13 00:55:00,1,0.6148629,1,1,Buy
4057,BB,2023-03-13 23:08:00,2023-03-13 23:21:00,1,0.9628404,1,1,Buy
5640,BB,2023-03-14 08:56:00,2023-03-14 09:09:00,0,0.6575871,1,0,Buy
4484,BB,2023-03-14 19:18:00,2023-03-14 19:42:00,0,0.051378943,0,0,Sell
1692,BB,2023-03-15 10:03:00,2023-03-15 10:26:00,1,0.9354483,1,1,Buy
2345,BB,2023-03-15 10:03:00,2023-03-15 10:24:00,1,0.21318309,0,1,Sell
7661,BB,2023-03-15 15:04:00,2023-03-15 15:13:00,1,0.24072598,0,1,Sell
3189,BB,2023-03-15 18:33:00,2023-03-15 18:41:00,1,0.939762,1,1,Buy
5517,BB,2023-03-16 01:01:00,2023-03-16 01:23:00,0,0.09867179,0,0,Sell
1289,BB,2023-03-16 20:13:00,2023-03-16 20:21:00,0,0.050121024,0,0,Sell
5518,BB,2023-03-16 23:36:00,2023-03-17 00:05:00,1,0.72878444,1,1,Buy
9221,BB,2023-03-17 03:47:00,2023-03-17 04:04:00,0,0.329536,0,0,Sell
562,BB,2023-03-17 15:16:00,2023-03-17 15:22:00,0,0.03430464,0,0,Sell
2271,BB,2023-03-18 10:02:00,2023-03-18 10:13:00,1,0.912512,1,1,Buy
2088,BB,2023-03-18 14:02:00,2023-03-18 14:18:00,0,0.043973982,0,0,Sell
7544,BB,2023-03-19 12:28:00,2023-03-19 12:57:00,1,0.9308289,1,1,Buy
3883,BB,2023-03-20 00:46:00,2023-03-20 01:04:00,0,0.46089616,0,0,Hold
7170,BB,2023-03-20 14:08:00,2023-03-20 14:19:00,0,0.06753348,0,0,Sell
6648,BB,2023-03-22 04:33:00,2023-03-22 05:03:00,0,0.09009937,0,0,Sell
3143,BB,2023-03-22 08:32:00,2023-03-22 09:02:00,1,0.9389567,1,1,Buy
395,BB,2023-03-22 19:24:00,2023-03-22 19:37:00,1,0.4880865,0,1,Hold
9699,BB,2023-03-23 02:53:00,2023-03-23 03:23:00,0,0.8830211,1,0,Buy
2785,BB,2023-03-23 14:51:00,2023-03-23 15:20:00,0,0.04743615,0,0,Sell
5956,BB,2023-03-23 17:37:00,2023-03-23 17:44:00,0,0.054589614,0,0,Sell
9354,BB,2023-03-24 01:08:00,2023-03-24 01:17:00,1,0.8222426,1,1,Buy
1297,BB,2023-03-24 08:53:00,2023-03-24 09:14:00,0,0.052954577,0,0,Sell
3658,BB,2023-03-24 20:56:00,2023-03-24 21:03:00,0,0.19670284,0,0,Sell
4966,BB,2023-03-24 22:01:00,2023-03-24 22:24:00,0,0.044812787,0,0,Sell
1149,BB,2023-03-24 23:58:00,2023-03-25 00:27:00,0,0.05188603,0,0,Sell
9397,BB,2023-03-25 08:45:00,2023-03-25 09:02:00,0,0.038939115,0,0,Sell
8552,BB,2023-03-25 22:11:00,2023-03-25 22:21:00,1,0.8567313,1,1,Buy
7996,BB,2023-03-26 02:30:00,2023-03-26 02:41:00,0,0.33373654,0,0,Sell
5370,BB,2023-03-26 02:32:00,2023-03-26 02:53:00,0,0.049286455,0,0,Sell
8454,BB,2023-03-27 03:27:00,2023-03-27 03:54:00,1,0.44550142,0,1,Hold
4216,BB,2023-03-27 03:46:00,2023-03-27 03:55:00,0,0.07286741,0,0,Sell
6186,BB,2023-03-27 07:35:00,2023-03-27 07:55:00,0,0.34557113,0,0,Sell
341,BB,2023-03-27 18:18:00,2023-03-27 18:36:00,1,0.88245827,1,1,Buy
1500,BB,2023-03-28 12:40:00,2023-03-28 12:54:00,0,0.06547337,0,0,Sell
8952,BB,2023-03-28 14:33:00,2023-03-28 14:56:00,0,0.048215773,0,0,Sell
7300,BB,2023-03-30 18:09:00,2023-03-30 18:25:00,0,0.3286604,0,0,Sell
5924,BB,2023-03-30 19:27:00,2023-03-30 19:39:00,1,0.9373822,1,1,Buy
252,BB,2023-03-30 20:38:00,2023-03-30 21:08:00,1,0.9286431,1,1,Buy
7559,BB,2023-04-01 01:54:00,2023-04-01 02:16:00,0,0.07042578,0,0,Sell
6128,BB,2023-04-01 21:34:00,2023-04-01 21:46:00,1,0.96283585,1,1,Buy
9062,BB,2023-04-02 01:55:00,2023-04-02 02:24:00,0,0.53878284,1,0,Hold
3408,BB,2023-04-02 03:28:00,2023-04-02 03:53:00,0,0.094772525,0,0,Sell
6849,BB,2023-04-02 10:45:00,2023-04-02 11:15:00,1,0.9499792,1,1,Buy
8674,BB,2023-04-02 17:23:00,2023-04-02 17:37:00,1,0.95849466,1,1,Buy
4346,BB,2023-04-02 21:45:00,2023-04-02 22:09:00,0,0.079668134,0,0,Sell
8854,BB,2023-04-03 08:01:00,2023-04-03 08:10:00,1,0.93720824,1,1,Buy
7690,BB,2023-04-03 13:54:00,2023-04-03 14:13:00,0,0.37762105,0,0,Sell
7778,BB,2023-04-04 01:16:00,2023-04-04 01:23:00,1,0.92102224,1,1,Buy
2005,BB,2023-04-04 16:08:00,2023-04-04 16:13:00,1,0.41116503,0,1,Hold
1164,BB,2023-04-04 20:10:00,2023-04-04 20:34:00,1,0.7000174,1,1,Buy
5800,BB,2023-04-05 00:46:00,2023-04-05 01:08:00,1,0.9359579,1,1,Buy
1163,BB,2023-04-05 05:19:00,2023-04-05 05:32:00,1,0.93802613,1,1,Buy
1210,BB,2023-04-05 12:19:00,2023-04-05 12:28:00,0,0.10714805,0,0,Sell
2475,BB,2023-04-05 22:10:00,2023-04-05 22:35:00,0,0.07852102,0,0,Sell
8596,BB,2023-04-05 23:31:00,2023-04-05 23:59:00,1,0.9422589,1,1,Buy
9471,BB,2023-04-06 04:15:00,2023-04-06 04:40:00,1,0.45639235,0,1,Hold
5922,BB,2023-04-06 04:48:00,2023-04-06 05:08:00,1,0.9346124,1,1,Buy
9719,BB,2023-04-06 09:53:00,2023-04-06 10:13:00,0,0.11534165,0,0,Sell
3276,BB,2023-04-06 12:41:00,2023-04-06 13:01:00,1,0.095365405,0,1,Sell
9584,BB,2023-04-07 01:00:00,2023-04-07 01:12:00,1,0.942007,1,1,Buy
7901,BB,2023-04-07 01:24:00,2023-04-07 01:49:00,1,0.58287495,1,1,Hold
3103,BB,2023-04-07 01:25:00,2023-04-07 01:34:00,0,0.56488717,1,0,Hold
8981,BB,2023-04-07 11:47:00,2023-04-07 11:55:00,1,0.6519125,1,1,Buy
4633,BB,2023-04-07 22:30:00,2023-04-07 22:38:00,0,0.44678923,0,0,Hold
8287,BB,2023-04-08 03:57:00,2023-04-08 04:09:00,1,0.5308082,1,1,Hold
4672,BB,2023-04-08 04:18:00,2023-04-08 04:43:00,1,0.9213374,1,1,Buy
7205,BB,2023-04-08 04:32:00,2023-04-08 04:45:00,1,0.34104842,0,1,Sell
8425,BB,2023-04-08 04:42:00,2023-04-08 05:10:00,0,0.7200116,1,0,Buy
6499,BB,2023-04-08 07:48:00,2023-04-08 08:06:00,0,0.054494403,0,0,Sell
7086,BB,2023-04-09 06:45:00,2023-04-09 07:07:00,0,0.059335433,0,0,Sell
4198,BB,2023-04-11 11:26:00,2023-04-11 11:43:00,1,0.9121806,1,1,Buy
9540,BB,2023-04-11 23:55:00,2023-04-12 00:06:00,0,0.082655884,0,0,Sell
9581,BB,2023-04-12 02:13:00,2023-04-12 02:36:00,0,0.41782328,0,0,Hold
8397,BB,2023-04-12 19:45:00,2023-04-12 20:07:00,1,0.91807085,1,1,Buy
8852,BB,2023-04-12 21:31:00,2023-04-12 21:50:00,0,0.2839664,0,0,Sell
488,BB,2023-04-12 21:57:00,2023-04-12 22:09:00,0,0.057658833,0,0,Sell
176,BB,2023-04-12 23:10:00,2023-04-12 23:20:00,1,0.37383935,0,1,Sell
9463,BB,2023-04-13 05:57:00,2023-04-13 06:12:00,0,0.06496734,0,0,Sell
3979,BB,2023-04-14 01:39:00,2023-04-14 02:02:00,0,0.06326927,0,0,Sell
7025,BB,2023-04-14 14:28:00,2023-04-14 14:41:00,1,0.8757176,1,1,Buy
5805,BB,2023-04-15 00:13:00,2023-04-15 00:32:00,0,0.034516595,0,0,Sell
2111,BB,2023-04-16 02:39:00,2023-04-16 02:47:00,0,0.04261612,0,0,Sell
2556,BB,2023-04-16 05:05:00,2023-04-16 05:13:00,1,0.82611567,1,1,Buy
9858,BB,2023-04-16 06:28:00,2023-04-16 06:53:00,0,0.02518697,0,0,Sell
4875,BB,2023-04-17 11:59:00,2023-04-17 12:25:00,1,0.85262305,1,1,Buy
641,BB,2023-04-17 13:38:00,2023-04-17 13:57:00,1,0.5165748,1,1,Hold
2845,BB,2023-04-17 20:05:00,2023-04-17 20:18:00,0,0.6693559,1,0,Buy
7624,BB,2023-04-20 05:14:00,2023-04-20 05:40:00,1,0.33934495,0,1,Sell
6748,BB,2023-04-21 23:58:00,2023-04-22 00:10:00,0,0.06437691,0,0,Sell
9014,BB,2023-04-22 05:51:00,2023-04-22 06:17:00,0,0.052442215,0,0,Sell
4283,BB,2023-04-22 17:42:00,2023-04-22 17:56:00,0,0.05385794,0,0,Sell
3562,BB,2023-04-22 20:37:00,2023-04-22 20:52:00,1,0.059675302,0,1,Sell
4045,BB,2023-04-23 06:09:00,2023-04-23 06:29:00,0,0.06417863,0,0,Sell
5625,BB,2023-04-23 13:39:00,2023-04-23 13:45:00,0,0.50589967,1,0,Hold
572,BB,2023-04-23 15:44:00,2023-04-23 16:13:00,0,0.04645898,0,0,Sell
787,BB,2023-04-24 13:57:00,2023-04-24 14:17:00,0,0.045396037,0,0,Sell
5097,BB,2023-04-24 14:43:00,2023-04-24 15:12:00,0,0.052921586,0,0,Sell
7035,BB,2023-04-24 21:35:00,2023-04-24 21:55:00,1,0.47099417,0,1,Hold
8217,BB,2023-04-25 13:35:00,2023-04-25 14:00:00,1,0.53076893,1,1,Hold
4923,BB,2023-04-25 18:52:00,2023-04-25 19:11:00,0,0.06502595,0,0,Sell
8115,BB,2023-04-25 21:49:00,2023-04-25 21:58:00,0,0.083035894,0,0,Sell
6771,BB,2023-04-26 02:49:00,2023-04-26 03:06:00,0,0.097600915,0,0,Sell
1218,BB,2023-04-26 22:33:00,2023-04-26 22:56:00,0,0.30518195,0,0,Sell
7484,BB,2023-04-27 02:28:00,2023-04-27 02:48:00,1,0.852037,1,1,Buy
6797,BB,2023-04-27 04:28:00,2023-04-27 04:41:00,1,0.78221864,1,1,Buy
9986,BB,2023-04-27 05:45:00,2023-04-27 06:02:00,1,0.31978336,0,1,Sell
3418,BB,2023-04-27 20:30:00,2023-04-27 20:55:00,0,0.08495667,0,0,Sell
3535,BB,2023-04-27 23:45:00,2023-04-27 23:55:00,0,0.08114143,0,0,Sell
9765,BB,2023-04-27 23:56:00,2023-04-28 00:03:00,1,0.92044795,1,1,Buy
6220,BB,2023-04-28 13:16:00,2023-04-28 13:27:00,1,0.92180926,1,1,Buy
3699,BB,2023-04-29 01:40:00,2023-04-29 01:58:00,0,0.080391765,0,0,Sell
322,BB,2023-04-29 06:07:00,2023-04-29 06:36:00,0,0.29082006,0,0,Sell
9635,BB,2023-04-29 13:48:00,2023-04-29 14:04:00,0,0.87939787,1,0,Buy
1436,BB,2023-04-29 20:31:00,2023-04-29 20:37:00,1,0.94308966,1,1,Buy
7029,BB,2023-04-30 09:39:00,2023-04-30 09:51:00,1,0.9168041,1,1,Buy
3899,BB,2023-04-30 11:55:00,2023-04-30 12:21:00,1,0.59470856,1,1,Hold
7377,BB,2023-05-01 02:29:00,2023-05-01 02:36:00,1,0.89837545,1,1,Buy
5531,BB,2023-05-01 23:29:00,2023-05-01 23:41:00,0,0.08262712,0,0,Sell
9613,BB,2023-05-03 09:34:00,2023-05-03 09:39:00,0,0.06880574,0,0,Sell
6897,BB,2023-05-03 21:43:00,2023-05-03 21:51:00,0,0.053859387,0,0,Sell
9631,BB,2023-05-04 00:23:00,2023-05-04 00:37:00,0,0.08823438,0,0,Sell
4552,BB,2023-05-04 05:46:00,2023-05-04 05:53:00,0,0.042253736,0,0,Sell
1505,BB,2023-05-04 22:59:00,2023-05-04 23:04:00,1,0.8952664,1,1,Buy
8565,BB,2023-05-06 08:00:00,2023-05-06 08:21:00,0,0.32718188,0,0,Sell
5188,BB,2023-05-06 13:44:00,2023-05-06 14:13:00,1,0.9247729,1,1,Buy
7951,BB,2023-05-06 22:33:00,2023-05-06 22:40:00,0,0.940882,1,0,Buy
3829,BB,2023-05-07 01:03:00,2023-05-07 01:17:00,1,0.9660388,1,1,Buy
384,BB,2023-05-07 01:50:00,2023-05-07 02:01:00,0,0.8687624,1,0,Buy
5651,BB,2023-05-07 16:24:00,2023-05-07 16:52:00,0,0.768303,1,0,Buy
5716,BB,2023-05-09 07:57:00,2023-05-09 08:05:00,1,0.93475693,1,1,Buy
4941,BB,2023-05-09 08:23:00,2023-05-09 08:42:00,0,0.4629554,0,0,Hold
2862,BB,2023-05-09 18:36:00,2023-05-09 18:44:00,1,0.94360584,1,1,Buy
4559,BB,2023-05-10 12:42:00,2023-05-10 12:58:00,1,0.9503126,1,1,Buy
351,BB,2023-05-10 13:36:00,2023-05-10 13:48:00,0,0.12066706,0,0,Sell
9563,BB,2023-05-10 21:59:00,2023-05-10 22:07:00,1,0.57057714,1,1,Hold
2184,BB,2023-05-11 00:34:00,2023-05-11 00:41:00,1,0.61226326,1,1,Buy
8938,BB,2023-05-11 03:15:00,2023-05-11 03:37:00,1,0.09430544,0,1,Sell
1228,BB,2023-05-12 11:19:00,2023-05-12 11:44:00,1,0.9417586,1,1,Buy
8327,BB,2023-05-13 10:01:00,2023-05-13 10:17:00,1,0.52207315,1,1,Hold
9773,BB,2023-05-13 22:02:00,2023-05-13 22:19:00,1,0.7753521,1,1,Buy
1931,BB,2023-05-13 22:11:00,2023-05-13 22:21:00,0,0.08527344,0,0,Sell
3732,BB,2023-05-14 01:51:00,2023-05-14 02:11:00,1,0.93112177,1,1,Buy
7024,BB,2023-05-14 14:19:00,2023-05-14 14:44:00,0,0.05294758,0,0,Sell
7393,BB,2023-05-16 09:14:00,2023-05-16 09:29:00,0,0.05046018,0,0,Sell
1120,BB,2023-05-17 04:30:00,2023-05-17 04:39:00,1,0.2553241,0,1,Sell
9755,BB,2023-05-17 16:37:00,2023-05-17 17:04:00,0,0.070926175,0,0,Sell
8159,BB,2023-05-17 18:47:00,2023-05-17 18:52:00,0,0.25515094,0,0,Sell
8493,BB,2023-05-18 03:34:00,2023-05-18 03:51:00,0,0.24714403,0,0,Sell
5191,BB,2023-05-18 07:26:00,2023-05-18 07:49:00,0,0.073728435,0,0,Sell
660,BB,2023-05-18 07:38:00,2023-05-18 08:04:00,1,0.92799425,1,1,Buy
7660,BB,2023-05-18 09:42:00,2023-05-18 10:06:00,1,0.93435943,1,1,Buy
6854,BB,2023-05-18 22:44:00,2023-05-18 23:02:00,1,0.42798454,0,1,Hold
3925,BB,2023-05-19 06:57:00,2023-05-19 07:21:00,1,0.95019376,1,1,Buy
7914,BB,2023-05-19 07:51:00,2023-05-19 08:11:00,1,0.39434522,0,1,Sell
8917,BB,2023-05-19 08:59:00,2023-05-19 09:12:00,0,0.110128015,0,0,Sell
2980,BB,2023-05-19 15:29:00,2023-05-19 15:40:00,0,0.09262115,0,0,Sell
5541,BB,2023-05-20 05:56:00,2023-05-20 06:26:00,0,0.086096965,0,0,Sell
7326,BB,2023-05-20 07:37:00,2023-05-20 07:59:00,1,0.812876,1,1,Buy
3913,BB,2023-05-20 08:46:00,2023-05-20 09:05:00,0,0.27287075,0,0,Sell
6872,BB,2023-05-20 08:56:00,2023-05-20 09:17:00,1,0.9552155,1,1,Buy
2204,BB,2023-05-20 22:36:00,2023-05-20 22:59:00,0,0.619453,1,0,Buy
4935,BB,2023-05-21 10:15:00,2023-05-21 10:32:00,1,0.94704294,1,1,Buy
1882,BB,2023-05-22 04:58:00,2023-05-22 05:05:00,1,0.51720655,1,1,Hold
4157,BB,2023-05-22 07:52:00,2023-05-22 08:03:00,1,0.93550086,1,1,Buy
1197,BB,2023-05-22 16:16:00,2023-05-22 16:37:00,0,0.0781574,0,0,Sell
2002,BB,2023-05-22 21:49:00,2023-05-22 22:18:00,1,0.9530206,1,1,Buy
7978,BB,2023-05-23 03:18:00,2023-05-23 03:23:00,1,0.92540455,1,1,Buy
7975,BB,2023-05-24 15:56:00,2023-05-24 16:13:00,0,0.08385913,0,0,Sell
4066,BB,2023-05-25 12:47:00,2023-05-25 12:56:00,1,0.90364695,1,1,Buy
1579,BB,2023-05-25 22:04:00,2023-05-25 22:10:00,0,0.07535097,0,0,Sell
4622,BB,2023-05-26 01:06:00,2023-05-26 01:31:00,0,0.059375066,0,0,Sell
2129,BB,2023-05-26 23:18:00,2023-05-26 23:41:00,0,0.30840695,0,0,Sell
5628,BB,2023-05-27 08:20:00,2023-05-27 08:26:00,0,0.48146465,0,0,Hold
5459,BB,2023-05-27 10:17:00,2023-05-27 10:40:00,0,0.259247,0,0,Sell
9285,BB,2023-05-27 15:38:00,2023-05-27 15:47:00,1,0.31519267,0,1,Sell
9596,BB,2023-05-28 00:53:00,2023-05-28 01:07:00,0,0.09386622,0,0,Sell
2217,BB,2023-05-28 12:29:00,2023-05-28 12:53:00,1,0.9317764,1,1,Buy
8355,BB,2023-05-28 16:08:00,2023-05-28 16:30:00,0,0.060051978,0,0,Sell
9573,BB,2023-05-28 23:24:00,2023-05-28 23:52:00,1,0.9474288,1,1,Buy
2035,BB,2023-05-29 04:00:00,2023-05-29 04:15:00,0,0.07573699,0,0,Sell
3124,BB,2023-05-29 17:20:00,2023-05-29 17:38:00,1,0.4959325,0,1,Hold
3667,BB,2023-05-29 18:09:00,2023-05-29 18:17:00,1,0.34680012,0,1,Sell
5087,BB,2023-05-29 18:52:00,2023-05-29 19:18:00,1,0.52670455,1,1,Hold
8662,BB,2023-05-31 22:53:00,2023-05-31 23:15:00,0,0.06403873,0,0,Sell
6413,BB,2023-05-31 23:57:00,2023-06-01 00:07:00,0,0.27137864,0,0,Sell
35,BB,2023-06-01 05:57:00,2023-06-01 06:19:00,1,0.9352245,1,1,Buy
3594,BB,2023-06-01 11:27:00,2023-06-01 11:45:00,1,0.9402166,1,1,Buy
2888,BB,2023-06-01 12:31:00,2023-06-01 13:00:00,1,0.6371322,1,1,Buy
3120,BB,2023-06-02 01:33:00,2023-06-02 01:39:00,1,0.95417774,1,1,Buy
5792,BB,2023-06-02 13:38:00,2023-06-02 14:03:00,1,0.9646747,1,1,Buy
9453,BB,2023-06-02 22:05:00,2023-06-02 22:23:00,1,0.970656,1,1,Buy
8364,BB,2023-06-03 05:00:00,2023-06-03 05:16:00,1,0.12638426,0,1,Sell
5271,BB,2023-06-03 06:27:00,2023-06-03 06:44:00,0,0.1117172,0,0,Sell
4654,BB,2023-06-03 13:51:00,2023-06-03 14:01:00,1,0.94787204,1,1,Buy
270,BB,2023-06-03 14:06:00,2023-06-03 14:28:00,1,0.46338722,0,1,Hold
7937,BB,2023-06-04 14:49:00,2023-06-04 15:17:00,0,0.56853825,1,0,Hold
6634,BB,2023-06-04 17:11:00,2023-06-04 17:24:00,0,0.5144833,1,0,Hold
9244,BB,2023-06-04 23:24:00,2023-06-04 23:43:00,1,0.5923215,1,1,Hold
5309,BB,2023-06-05 06:59:00,2023-06-05 07:08:00,0,0.07688367,0,0,Sell
7294,BB,2023-06-05 14:53:00,2023-06-05 15:06:00,1,0.37825078,0,1,Sell
6501,BB,2023-06-05 20:22:00,2023-06-05 20:52:00,1,0.45133883,0,1,Hold
7687,BB,2023-06-05 22:32:00,2023-06-05 22:52:00,1,0.9560612,1,1,Buy
4360,BB,2023-06-08 02:27:00,2023-06-08 02:49:00,0,0.10636387,0,0,Sell
8993,BB,2023-06-08 19:11:00,2023-06-08 19:27:00,1,0.58029497,1,1,Hold
7264,BB,2023-06-09 12:23:00,2023-06-09 12:49:00,0,0.07358089,0,0,Sell
4735,BB,2023-06-10 04:05:00,2023-06-10 04:27:00,1,0.9233446,1,1,Buy
3225,BB,2023-06-11 02:43:00,2023-06-11 02:57:00,1,0.20430878,0,1,Sell
8007,BB,2023-06-11 21:43:00,2023-06-11 22:01:00,0,0.18682832,0,0,Sell
9970,BB,2023-06-13 08:14:00,2023-06-13 08:31:00,0,0.057807326,0,0,Sell
7125,BB,2023-06-13 19:03:00,2023-06-13 19:22:00,1,0.90446246,1,1,Buy
3900,BB,2023-06-14 01:16:00,2023-06-14 01:37:00,0,0.30480042,0,0,Sell
3220,BB,2023-06-15 01:02:00,2023-06-15 01:16:00,1,0.8822595,1,1,Buy
9610,BB,2023-06-16 18:01:00,2023-06-16 18:28:00,1,0.6521361,1,1,Buy
8548,BB,2023-06-16 21:02:00,2023-06-16 21:23:00,1,0.96344835,1,1,Buy
352,BB,2023-06-17 12:20:00,2023-06-17 12:25:00,1,0.41659224,0,1,Hold
2684,BB,2023-06-18 10:37:00,2023-06-18 10:49:00,0,0.87213856,1,0,Buy
971,BB,2023-06-19 03:17:00,2023-06-19 03:33:00,0,0.086799555,0,0,Sell
1112,BB,2023-06-19 23:47:00,2023-06-20 00:00:00,0,0.37461188,0,0,Sell
9458,BB,2023-06-20 17:36:00,2023-06-20 17:48:00,0,0.054307334,0,0,Sell
2397,BB,2023-06-21 12:17:00,2023-06-21 12:44:00,1,0.43417183,0,1,Hold
4541,BB,2023-06-23 01:57:00,2023-06-23 02:16:00,1,0.92734325,1,1,Buy
2226,BB,2023-06-23 04:50:00,2023-06-23 04:56:00,1,0.93554944,1,1,Buy
5995,BB,2023-06-23 09:31:00,2023-06-23 09:45:00,1,0.62079066,1,1,Buy
8122,BB,2023-06-23 23:44:00,2023-06-23 23:57:00,0,0.13348308,0,0,Sell
9553,BB,2023-06-24 03:18:00,2023-06-24 03:35:00,0,0.08420087,0,0,Sell
1362,BB,2023-06-24 07:48:00,2023-06-24 08:15:00,0,0.06818891,0,0,Sell
7623,BB,2023-06-24 11:27:00,2023-06-24 11:42:00,0,0.050814454,0,0,Sell
7720,BB,2023-06-25 10:05:00,2023-06-25 10:23:00,0,0.2999997,0,0,Sell
1425,BB,2023-06-25 14:52:00,2023-06-25 15:22:00,1,0.2581541,0,1,Sell
7797,BB,2023-06-25 15:48:00,2023-06-25 16:12:00,1,0.9452365,1,1,Buy
6964,BB,2023-06-26 12:08:00,2023-06-26 12:26:00,1,0.9505801,1,1,Buy
9672,BB,2023-06-28 07:10:00,2023-06-28 07:39:00,0,0.11124953,0,0,Sell
4465,BB,2023-06-29 07:51:00,2023-06-29 08:06:00,1,0.95121574,1,1,Buy
9555,BB,2023-06-29 21:20:00,2023-06-29 21:49:00,1,0.7671345,1,1,Buy
9483,BB,2023-07-01 03:41:00,2023-07-01 03:53:00,0,0.060339406,0,0,Sell
3542,BB,2023-07-01 10:19:00,2023-07-01 10:28:00,0,0.034691934,0,0,Sell
8345,BB,2023-07-01 20:55:00,2023-07-01 21:25:00,0,0.04524674,0,0,Sell
4369,BB,2023-07-02 01:13:00,2023-07-02 01:34:00,1,0.8707539,1,1,Buy
5572,BB,2023-07-02 08:39:00,2023-07-02 08:45:00,0,0.41286054,0,0,Hold
7878,BB,2023-07-03 02:52:00,2023-07-03 03:14:00,1,0.2615755,0,1,Sell
7122,BB,2023-07-03 15:15:00,2023-07-03 15:34:00,1,0.9384515,1,1,Buy
9972,BB,2023-07-03 22:53:00,2023-07-03 23:15:00,0,0.73542243,1,0,Buy
5311,BB,2023-07-04 11:39:00,2023-07-04 11:47:00,0,0.49680242,0,0,Hold
8000,BB,2023-07-04 17:51:00,2023-07-04 18:14:00,0,0.06708764,0,0,Sell
842,BB,2023-07-05 00:16:00,2023-07-05 00:22:00,0,0.08086158,0,0,Sell
364,BB,2023-07-05 06:20:00,2023-07-05 06:48:00,0,0.7152378,1,0,Buy
2143,BB,2023-07-05 12:19:00,2023-07-05 12:42:00,1,0.48896083,0,1,Hold
2317,BB,2023-07-07 07:13:00,2023-07-07 07:26:00,0,0.06673089,0,0,Sell
6014,BB,2023-07-07 07:33:00,2023-07-07 07:54:00,0,0.056097217,0,0,Sell
6132,BB,2023-07-08 09:39:00,2023-07-08 10:08:00,1,0.4202425,0,1,Hold
7357,BB,2023-07-08 16:55:00,2023-07-08 17:03:00,0,0.042500183,0,0,Sell
5330,BB,2023-07-08 17:30:00,2023-07-08 17:36:00,0,0.84299415,1,0,Buy
3723,BB,2023-07-08 18:21:00,2023-07-08 18:42:00,0,0.046679486,0,0,Sell
5671,BB,2023-07-09 15:29:00,2023-07-09 15:52:00,0,0.40204647,0,0,Hold
4937,BB,2023-07-10 01:16:00,2023-07-10 01:21:00,0,0.08784623,0,0,Sell
4687,BB,2023-07-10 02:11:00,2023-07-10 02:27:00,1,0.4529932,0,1,Hold
3885,BB,2023-07-10 05:52:00,2023-07-10 06:16:00,0,0.09228121,0,0,Sell
3269,BB,2023-07-10 14:56:00,2023-07-10 15:26:00,0,0.07463566,0,0,Sell
1332,BB,2023-07-10 21:51:00,2023-07-10 22:07:00,0,0.053519756,0,0,Sell
6633,BB,2023-07-11 15:06:00,2023-07-11 15:32:00,0,0.4236775,0,0,Hold
7453,BB,2023-07-11 18:21:00,2023-07-11 18:51:00,1,0.090532735,0,1,Sell
8110,BB,2023-07-11 22:15:00,2023-07-11 22:29:00,1,0.91872996,1,1,Buy
2504,BB,2023-07-12 01:32:00,2023-07-12 01:41:00,0,0.92374665,1,0,Buy
8890,BB,2023-07-13 06:50:00,2023-07-13 07:09:00,1,0.9377323,1,1,Buy
808,BB,2023-07-14 04:35:00,2023-07-14 05:04:00,0,0.10339684,0,0,Sell
6175,BB,2023-07-15 02:55:00,2023-07-15 03:13:00,0,0.07596209,0,0,Sell
892,BB,2023-07-15 09:11:00,2023-07-15 09:19:00,1,0.3917096,0,1,Sell
6888,BB,2023-07-16 03:18:00,2023-07-16 03:36:00,0,0.06890192,0,0,Sell
2154,BB,2023-07-16 05:10:00,2023-07-16 05:35:00,1,0.8891904,1,1,Buy
9489,BB,2023-07-16 15:15:00,2023-07-16 15:42:00,1,0.9514475,1,1,Buy
1750,BB,2023-07-17 17:49:00,2023-07-17 18:12:00,0,0.4843656,0,0,Hold
9989,BB,2023-07-17 20:07:00,2023-07-17 20:34:00,0,0.08611047,0,0,Sell
4718,BB,2023-07-18 15:53:00,2023-07-18 16:18:00,1,0.91925436,1,1,Buy
6123,BB,2023-07-19 20:26:00,2023-07-19 20:45:00,1,0.9306014,1,1,Buy
4284,BB,2023-07-19 21:18:00,2023-07-19 21:47:00,1,0.7264941,1,1,Buy
8192,BB,2023-07-20 14:19:00,2023-07-20 14:38:00,1,0.36145878,0,1,Sell
5365,BB,2023-07-20 15:55:00,2023-07-20 16:25:00,1,0.6732685,1,1,Buy
7985,BB,2023-07-22 04:01:00,2023-07-22 04:12:00,0,0.46422294,0,0,Hold
2442,BB,2023-07-22 20:34:00,2023-07-22 20:40:00,0,0.05361943,0,0,Sell
4665,BB,2023-07-22 21:43:00,2023-07-22 22:08:00,0,0.49656385,0,0,Hold
5967,BB,2023-07-23 00:10:00,2023-07-23 00:32:00,1,0.9030056,1,1,Buy
3005,BB,2023-07-23 01:43:00,2023-07-23 01:58:00,1,0.06914843,0,1,Sell
9146,BB,2023-07-23 04:05:00,2023-07-23 04:17:00,0,0.09478999,0,0,Sell
7668,BB,2023-07-23 08:54:00,2023-07-23 09:09:00,1,0.93993795,1,1,Buy
1708,BB,2023-07-24 18:29:00,2023-07-24 18:57:00,1,0.9431911,1,1,Buy
4395,BB,2023-07-24 20:39:00,2023-07-24 20:54:00,1,0.8444683,1,1,Buy
7186,BB,2023-07-24 20:55:00,2023-07-24 21:24:00,0,0.07509429,0,0,Sell
1592,BB,2023-07-25 01:31:00,2023-07-25 01:56:00,0,0.10294575,0,0,Sell
412,BB,2023-07-25 13:58:00,2023-07-25 14:27:00,1,0.94324374,1,1,Buy
220,BB,2023-07-26 04:25:00,2023-07-26 04:45:00,1,0.93204665,1,1,Buy
445,BB,2023-07-26 08:31:00,2023-07-26 08:37:00,0,0.063183144,0,0,Sell
4262,BB,2023-07-26 10:22:00,2023-07-26 10:47:00,0,0.067634575,0,0,Sell
9878,BB,2023-07-26 12:07:00,2023-07-26 12:19:00,0,0.09154571,0,0,Sell
3593,BB,2023-07-26 18:53:00,2023-07-26 19:19:00,0,0.23136765,0,0,Sell
2806,BB,2023-07-27 16:51:00,2023-07-27 16:59:00,0,0.23938823,0,0,Sell
5623,BB,2023-07-27 18:05:00,2023-07-27 18:33:00,1,0.6178299,1,1,Buy
6765,BB,2023-07-27 22:21:00,2023-07-27 22:49:00,1,0.78896046,1,1,Buy
8897,BB,2023-07-28 06:08:00,2023-07-28 06:35:00,0,0.38622358,0,0,Sell
6920,BB,2023-07-28 18:07:00,2023-07-28 18:18:00,1,0.9426677,1,1,Buy
8380,BB,2023-07-28 20:32:00,2023-07-28 20:38:00,0,0.52557707,1,0,Hold
4192,BB,2023-07-29 00:36:00,2023-07-29 00:48:00,0,0.0930666,0,0,Sell
3343,BB,2023-07-29 05:26:00,2023-07-29 05:37:00,0,0.40593925,0,0,Hold
6074,BB,2023-07-29 10:14:00,2023-07-29 10:36:00,1,0.9451549,1,1,Buy
5313,BB,2023-07-29 10:55:00,2023-07-29 11:05:00,1,0.9001006,1,1,Buy
8304,BB,2023-07-29 11:45:00,2023-07-29 11:51:00,0,0.061259747,0,0,Sell
9075,BB,2023-07-29 19:52:00,2023-07-29 20:02:00,1,0.95983243,1,1,Buy
8274,BB,2023-07-30 06:41:00,2023-07-30 07:09:00,0,0.08000867,0,0,Sell
6334,BB,2023-07-30 06:50:00,2023-07-30 07:20:00,1,0.7061878,1,1,Buy
3078,BB,2023-07-30 17:46:00,2023-07-30 17:59:00,1,0.95358586,1,1,Buy
1390,BB,2023-07-30 21:54:00,2023-07-30 22:01:00,0,0.0941387,0,0,Sell
2880,BB,2023-07-31 01:41:00,2023-07-31 02:06:00,0,0.41819122,0,0,Hold
918,BB,2023-07-31 11:31:00,2023-07-31 11:41:00,0,0.09653509,0,0,Sell
4501,BB,2023-07-31 14:01:00,2023-07-31 14:31:00,0,0.02621896,0,0,Sell
8029,BB,2023-07-31 16:48:00,2023-07-31 16:56:00,1,0.8318691,1,1,Buy
6485,BB,2023-08-01 00:00:00,2023-08-01 00:13:00,1,0.18563452,0,1,Sell
2764,BB,2023-08-01 00:50:00,2023-08-01 01:14:00,0,0.062048398,0,0,Sell
5663,BB,2023-08-01 11:09:00,2023-08-01 11:31:00,0,0.5440655,1,0,Hold
754,BB,2023-08-02 10:39:00,2023-08-02 11:04:00,0,0.051014688,0,0,Sell
6784,BB,2023-08-02 20:51:00,2023-08-02 21:18:00,0,0.043856803,0,0,Sell
9597,BB,2023-08-03 19:12:00,2023-08-03 19:34:00,0,0.05439998,0,0,Sell
4191,BB,2023-08-04 00:20:00,2023-08-04 00:40:00,0,0.3108072,0,0,Sell
9593,BB,2023-08-04 02:47:00,2023-08-04 02:59:00,0,0.056608636,0,0,Sell
5737,BB,2023-08-04 09:03:00,2023-08-04 09:23:00,0,0.06407834,0,0,Sell
6206,BB,2023-08-05 00:25:00,2023-08-05 00:41:00,1,0.899162,1,1,Buy
7930,BB,2023-08-06 00:36:00,2023-08-06 00:48:00,1,0.93702084,1,1,Buy
8290,BB,2023-08-06 09:20:00,2023-08-06 09:45:00,0,0.05921953,0,0,Sell
7468,BB,2023-08-06 15:27:00,2023-08-06 15:53:00,0,0.07056094,0,0,Sell
8339,BB,2023-08-06 16:22:00,2023-08-06 16:41:00,0,0.08513621,0,0,Sell
7184,BB,2023-08-06 19:17:00,2023-08-06 19:24:00,1,0.7878868,1,1,Buy
2625,BB,2023-08-07 15:37:00,2023-08-07 16:00:00,0,0.054661956,0,0,Sell
6083,BB,2023-08-07 16:09:00,2023-08-07 16:20:00,0,0.39975673,0,0,Sell
9882,BB,2023-08-07 22:54:00,2023-08-07 23:23:00,1,0.93209934,1,1,Buy
4886,BB,2023-08-08 16:20:00,2023-08-08 16:38:00,1,0.93578833,1,1,Buy
1046,BB,2023-08-08 18:56:00,2023-08-08 19:17:00,1,0.93882126,1,1,Buy
188,BB,2023-08-08 23:17:00,2023-08-08 23:47:00,1,0.96282774,1,1,Buy
1221,BB,2023-08-09 00:59:00,2023-08-09 01:12:00,1,0.92051184,1,1,Buy
6097,BB,2023-08-09 08:14:00,2023-08-09 08:36:00,1,0.6294622,1,1,Buy
5389,BB,2023-08-09 13:43:00,2023-08-09 13:59:00,1,0.95341027,1,1,Buy
1562,BB,2023-08-10 00:04:00,2023-08-10 00:15:00,1,0.92989534,1,1,Buy
8622,BB,2023-08-10 08:40:00,2023-08-10 09:06:00,1,0.9443099,1,1,Buy
8661,BB,2023-08-10 18:28:00,2023-08-10 18:49:00,0,0.6041672,1,0,Buy
2233,BB,2023-08-10 19:12:00,2023-08-10 19:31:00,1,0.9547669,1,1,Buy
5917,BB,2023-08-10 23:45:00,2023-08-10 23:53:00,1,0.96232456,1,1,Buy
5058,BB,2023-08-11 08:57:00,2023-08-11 09:06:00,1,0.9448739,1,1,Buy
5912,BB,2023-08-13 00:56:00,2023-08-13 01:14:00,1,0.926595,1,1,Buy
3529,BB,2023-08-13 00:57:00,2023-08-13 01:09:00,1,0.5043487,1,1,Hold
1313,BB,2023-08-13 08:33:00,2023-08-13 08:41:00,0,0.45971143,0,0,Hold
1133,BB,2023-08-13 12:27:00,2023-08-13 12:36:00,0,0.07032124,0,0,Sell
2452,BB,2023-08-13 17:46:00,2023-08-13 18:15:00,0,0.06129057,0,0,Sell
7784,BB,2023-08-13 19:58:00,2023-08-13 20:12:00,0,0.0146358125,0,0,Sell
9863,BB,2023-08-13 22:41:00,2023-08-13 22:56:00,0,0.017427186,0,0,Sell
5963,BB,2023-08-14 04:50:00,2023-08-14 05:11:00,0,0.029289542,0,0,Sell
4554,BB,2023-08-14 06:27:00,2023-08-14 06:41:00,1,0.301793,0,1,Sell
1839,BB,2023-08-14 07:57:00,2023-08-14 08:08:00,1,0.38908136,0,1,Sell
5667,BB,2023-08-14 15:15:00,2023-08-14 15:35:00,1,0.07447373,0,1,Sell
5854,BB,2023-08-14 23:19:00,2023-08-14 23:27:00,1,0.93996274,1,1,Buy
6202,BB,2023-08-15 04:23:00,2023-08-15 04:49:00,0,0.090797976,0,0,Sell
6999,BB,2023-08-16 00:14:00,2023-08-16 00:33:00,0,0.092281766,0,0,Sell
8107,BB,2023-08-16 03:20:00,2023-08-16 03:46:00,1,0.9318459,1,1,Buy
1055,BB,2023-08-16 07:17:00,2023-08-16 07:23:00,1,0.91932386,1,1,Buy
6041,BB,2023-08-16 12:07:00,2023-08-16 12:33:00,1,0.93907136,1,1,Buy
4366,BB,2023-08-16 12:58:00,2023-08-16 13:05:00,1,0.9495967,1,1,Buy
5753,BB,2023-08-16 17:32:00,2023-08-16 17:57:00,0,0.1331693,0,0,Sell
389,BB,2023-08-17 20:13:00,2023-08-17 20:30:00,1,0.967721,1,1,Buy
1910,BB,2023-08-18 02:04:00,2023-08-18 02:27:00,0,0.11701781,0,0,Sell
6947,BB,2023-08-18 04:24:00,2023-08-18 04:33:00,1,0.46351483,0,1,Hold
7345,BB,2023-08-18 16:59:00,2023-08-18 17:17:00,0,0.06895573,0,0,Sell
7244,BB,2023-08-19 06:13:00,2023-08-19 06:33:00,0,0.26578727,0,0,Sell
8860,BB,2023-08-19 18:04:00,2023-08-19 18:15:00,1,0.9552801,1,1,Buy
902,BB,2023-08-20 01:15:00,2023-08-20 01:41:00,1,0.61414206,1,1,Buy
2824,BB,2023-08-20 02:13:00,2023-08-20 02:25:00,1,0.19313525,0,1,Sell
7673,BB,2023-08-21 21:36:00,2023-08-21 21:52:00,1,0.9561462,1,1,Buy
3557,BB,2023-08-22 06:34:00,2023-08-22 06:55:00,1,0.9294738,1,1,Buy
9665,BB,2023-08-22 09:27:00,2023-08-22 09:53:00,0,0.47474316,0,0,Hold
3905,BB,2023-08-22 13:09:00,2023-08-22 13:29:00,0,0.53209305,1,0,Hold
9168,BB,2023-08-23 07:10:00,2023-08-23 07:35:00,0,0.06949147,0,0,Sell
3358,BB,2023-08-23 10:28:00,2023-08-23 10:49:00,1,0.24400543,0,1,Sell
7227,BB,2023-08-23 21:31:00,2023-08-23 21:52:00,1,0.9360118,1,1,Buy
7151,BB,2023-08-24 04:08:00,2023-08-24 04:28:00,0,0.8692504,1,0,Buy
4514,BB,2023-08-24 12:58:00,2023-08-24 13:20:00,1,0.948112,1,1,Buy
8802,BB,2023-08-26 09:58:00,2023-08-26 10:07:00,1,0.44114566,0,1,Hold
7060,BB,2023-08-26 21:35:00,2023-08-26 21:53:00,0,0.09357336,0,0,Sell
7774,BB,2023-08-27 01:43:00,2023-08-27 02:01:00,0,0.90749204,1,0,Buy
9967,BB,2023-08-27 02:54:00,2023-08-27 03:08:00,1,0.9024001,1,1,Buy
2856,BB,2023-08-27 17:47:00,2023-08-27 18:12:00,1,0.927875,1,1,Buy
6164,BB,2023-08-28 19:01:00,2023-08-28 19:28:00,1,0.9516936,1,1,Buy
6989,BB,2023-08-29 13:45:00,2023-08-29 13:51:00,0,0.10785604,0,0,Sell
1567,BB,2023-08-29 16:24:00,2023-08-29 16:45:00,1,0.15480365,0,1,Sell
1626,BB,2023-08-31 03:21:00,2023-08-31 03:47:00,0,0.07857417,0,0,Sell
2372,BB,2023-08-31 04:38:00,2023-08-31 05:00:00,1,0.9276742,1,1,Buy
3940,BB,2023-08-31 11:46:00,2023-08-31 11:58:00,0,0.3747492,0,0,Sell
2520,BB,2023-09-01 06:04:00,2023-09-01 06:26:00,0,0.068793245,0,0,Sell
7489,BB,2023-09-01 07:13:00,2023-09-01 07:30:00,0,0.04661109,0,0,Sell
6025,BB,2023-09-01 23:49:00,2023-09-02 00:09:00,1,0.38923976,0,1,Sell
5833,BB,2023-09-02 03:06:00,2023-09-02 03:19:00,1,0.90503037,1,1,Buy
1803,BB,2023-09-02 12:55:00,2023-09-02 13:05:00,0,0.06677987,0,0,Sell
1591,BB,2023-09-03 00:25:00,2023-09-03 00:44:00,0,0.07500172,0,0,Sell
123,BB,2023-09-03 17:00:00,2023-09-03 17:06:00,1,0.89065516,1,1,Buy
6696,BB,2023-09-04 01:18:00,2023-09-04 01:46:00,0,0.086149864,0,0,Sell
831,BB,2023-09-05 16:58:00,2023-09-05 17:27:00,0,0.057803247,0,0,Sell
4252,BB,2023-09-05 22:32:00,2023-09-05 22:47:00,1,0.90268993,1,1,Buy
8279,BB,2023-09-05 23:01:00,2023-09-05 23:16:00,1,0.4908282,0,1,Hold
185,BB,2023-09-06 10:21:00,2023-09-06 10:39:00,0,0.06000516,0,0,Sell
3256,BB,2023-09-07 03:10:00,2023-09-07 03:32:00,0,0.060288794,0,0,Sell
3721,BB,2023-09-07 13:00:00,2023-09-07 13:25:00,1,0.9303009,1,1,Buy
3680,BB,2023-09-07 20:14:00,2023-09-07 20:20:00,1,0.9294489,1,1,Buy
3902,BB,2023-09-08 01:59:00,2023-09-08 02:27:00,1,0.26517612,0,1,Sell
3608,BB,2023-09-08 13:43:00,2023-09-08 14:03:00,1,0.9392677,1,1,Buy
9037,BB,2023-09-08 14:58:00,2023-09-08 15:26:00,1,0.93810123,1,1,Buy
7558,BB,2023-09-09 01:20:00,2023-09-09 01:31:00,0,0.09117365,0,0,Sell
1888,BB,2023-09-09 09:41:00,2023-09-09 09:58:00,1,0.93144625,1,1,Buy
2108,BB,2023-09-09 15:32:00,2023-09-09 15:55:00,1,0.93459386,1,1,Buy
7649,BB,2023-09-09 17:58:00,2023-09-09 18:04:00,1,0.9461498,1,1,Buy
1067,BB,2023-09-10 10:04:00,2023-09-10 10:21:00,0,0.059678137,0,0,Sell
4174,BB,2023-09-10 10:31:00,2023-09-10 10:44:00,0,0.5671975,1,0,Hold
4807,BB,2023-09-12 10:39:00,2023-09-12 11:00:00,0,0.02930709,0,0,Sell
2353,BB,2023-09-14 03:40:00,2023-09-14 04:00:00,0,0.24125844,0,0,Sell
2575,BB,2023-09-14 13:15:00,2023-09-14 13:32:00,1,0.80410534,1,1,Buy
865,BB,2023-09-15 04:25:00,2023-09-15 04:34:00,1,0.8871606,1,1,Buy
7763,BB,2023-09-15 04:44:00,2023-09-15 05:08:00,0,0.04207707,0,0,Sell
9419,BB,2023-09-15 15:51:00,2023-09-15 16:12:00,0,0.07391435,0,0,Sell
1195,BB,2023-09-15 16:29:00,2023-09-15 16:37:00,1,0.7219757,1,1,Buy
1239,BB,2023-09-16 15:29:00,2023-09-16 15:39:00,1,0.48064694,0,1,Hold
1153,BB,2023-09-16 19:14:00,2023-09-16 19:37:00,0,0.0829356,0,0,Sell
8730,BB,2023-09-17 06:23:00,2023-09-17 06:53:00,0,0.057226684,0,0,Sell
5156,BB,2023-09-17 11:35:00,2023-09-17 11:56:00,1,0.9018164,1,1,Buy
8168,BB,2023-09-18 19:28:00,2023-09-18 19:58:00,0,0.089691535,0,0,Sell
799,BB,2023-09-18 20:36:00,2023-09-18 20:42:00,0,0.042409774,0,0,Sell
5710,BB,2023-09-19 02:23:00,2023-09-19 02:33:00,0,0.079615235,0,0,Sell
9180,BB,2023-09-19 20:52:00,2023-09-19 21:02:00,1,0.9458252,1,1,Buy
1732,BB,2023-09-20 06:05:00,2023-09-20 06:21:00,0,0.07242575,0,0,Sell
2558,BB,2023-09-20 06:17:00,2023-09-20 06:29:00,1,0.085735515,0,1,Sell
6258,BB,2023-09-20 17:27:00,2023-09-20 17:52:00,1,0.94171965,1,1,Buy
9331,BB,2023-09-21 04:05:00,2023-09-21 04:16:00,0,0.36751294,0,0,Sell
4515,BB,2023-09-21 11:25:00,2023-09-21 11:43:00,0,0.8030443,1,0,Buy
6781,BB,2023-09-22 01:47:00,2023-09-22 02:12:00,1,0.426606,0,1,Hold
7868,BB,2023-09-22 02:21:00,2023-09-22 02:49:00,1,0.9017016,1,1,Buy
1016,BB,2023-09-22 13:14:00,2023-09-22 13:37:00,0,0.06893002,0,0,Sell
5119,BB,2023-09-22 15:00:00,2023-09-22 15:08:00,0,0.72963107,1,0,Buy
2215,BB,2023-09-22 23:12:00,2023-09-22 23:36:00,1,0.918541,1,1,Buy
9189,BB,2023-09-23 02:41:00,2023-09-23 02:47:00,1,0.9384085,1,1,Buy
451,BB,2023-09-23 03:46:00,2023-09-23 04:06:00,0,0.066703685,0,0,Sell
651,BB,2023-09-23 09:19:00,2023-09-23 09:39:00,1,0.9328406,1,1,Buy
6219,BB,2023-09-23 13:32:00,2023-09-23 13:48:00,0,0.07462496,0,0,Sell
8951,BB,2023-09-23 15:08:00,2023-09-23 15:28:00,0,0.06432956,0,0,Sell
5949,BB,2023-09-23 15:42:00,2023-09-23 15:48:00,1,0.24145316,0,1,Sell
2095,BB,2023-09-24 02:03:00,2023-09-24 02:16:00,0,0.40027523,0,0,Hold
5726,BB,2023-09-24 04:33:00,2023-09-24 04:54:00,1,0.9182459,1,1,Buy
6122,BB,2023-09-25 05:47:00,2023-09-25 06:07:00,1,0.9203517,1,1,Buy
4951,BB,2023-09-25 12:11:00,2023-09-25 12:34:00,1,0.9383489,1,1,Buy
8793,BB,2023-09-25 14:14:00,2023-09-25 14:32:00,0,0.109697856,0,0,Sell
7920,BB,2023-09-25 19:20:00,2023-09-25 19:39:00,1,0.93609077,1,1,Buy
2221,BB,2023-09-25 23:30:00,2023-09-25 23:50:00,1,0.5133611,1,1,Hold
1898,BB,2023-09-26 17:31:00,2023-09-26 17:49:00,0,0.20836562,0,0,Sell
6391,BB,2023-09-26 20:56:00,2023-09-26 21:05:00,0,0.36268523,0,0,Sell
4499,BB,2023-09-27 02:06:00,2023-09-27 02:22:00,0,0.1031217,0,0,Sell
9160,BB,2023-09-27 02:36:00,2023-09-27 03:02:00,1,0.9248646,1,1,Buy
5082,BB,2023-09-27 21:26:00,2023-09-27 21:37:00,0,0.0658809,0,0,Sell
3659,BB,2023-09-27 22:12:00,2023-09-27 22:32:00,1,0.9570564,1,1,Buy
3576,BB,2023-09-28 00:11:00,2023-09-28 00:16:00,1,0.9320613,1,1,Buy
71,BB,2023-09-28 06:27:00,2023-09-28 06:53:00,0,0.08539872,0,0,Sell
3789,BB,2023-09-28 07:05:00,2023-09-28 07:32:00,0,0.8045964,1,0,Buy
4756,BB,2023-09-28 07:10:00,2023-09-28 07:32:00,0,0.079220794,0,0,Sell
1531,BB,2023-09-28 16:45:00,2023-09-28 17:07:00,0,0.4084364,0,0,Hold
5493,BB,2023-09-28 18:55:00,2023-09-28 19:14:00,0,0.1374091,0,0,Sell
6447,BB,2023-09-29 03:08:00,2023-09-29 03:17:00,1,0.9175708,1,1,Buy
2104,BB,2023-09-29 14:26:00,2023-09-29 14:52:00,1,0.08520406,0,1,Sell
767,BB,2023-09-29 19:06:00,2023-09-29 19:13:00,0,0.07039669,0,0,Sell
4224,BB,2023-09-29 22:13:00,2023-09-29 22:37:00,0,0.08043279,0,0,Sell
6423,BB,2023-09-30 20:32:00,2023-09-30 20:47:00,0,0.058043696,0,0,Sell
2052,BB,2023-10-01 03:28:00,2023-10-01 03:48:00,1,0.12887844,0,1,Sell
3315,BB,2023-10-01 10:39:00,2023-10-01 10:46:00,0,0.031732153,0,0,Sell
5558,BB,2023-10-01 17:53:00,2023-10-01 17:58:00,0,0.7718199,1,0,Buy
9785,BB,2023-10-02 00:18:00,2023-10-02 00:27:00,1,0.8930329,1,1,Buy
8473,BB,2023-10-02 08:16:00,2023-10-02 08:26:00,0,0.067989245,0,0,Sell
7417,BB,2023-10-03 01:03:00,2023-10-03 01:09:00,1,0.89698106,1,1,Buy
3870,BB,2023-10-04 08:34:00,2023-10-04 08:54:00,1,0.9112634,1,1,Buy
5619,BB,2023-10-04 09:37:00,2023-10-04 09:55:00,1,0.914102,1,1,Buy
9741,BB,2023-10-04 12:53:00,2023-10-04 13:11:00,1,0.20899133,0,1,Sell
6759,BB,2023-10-04 21:33:00,2023-10-04 21:38:00,1,0.9793408,1,1,Buy
1775,BB,2023-10-05 01:02:00,2023-10-05 01:31:00,1,0.94350135,1,1,Buy
4730,BB,2023-10-05 07:54:00,2023-10-05 08:06:00,1,0.9593254,1,1,Buy
7007,BB,2023-10-05 09:43:00,2023-10-05 09:54:00,0,0.08705176,0,0,Sell
3792,BB,2023-10-06 00:32:00,2023-10-06 00:59:00,1,0.9348729,1,1,Buy
5060,BB,2023-10-06 10:09:00,2023-10-06 10:21:00,1,0.9455423,1,1,Buy
3013,BB,2023-10-06 11:47:00,2023-10-06 11:58:00,0,0.05093734,0,0,Sell
1212,BB,2023-10-06 11:55:00,2023-10-06 12:11:00,0,0.2690451,0,0,Sell
6243,BB,2023-10-07 03:23:00,2023-10-07 03:37:00,1,0.5365577,1,1,Hold
8884,BB,2023-10-07 07:16:00,2023-10-07 07:22:00,1,0.40643346,0,1,Hold
2701,BB,2023-10-07 18:01:00,2023-10-07 18:20:00,0,0.4566872,0,0,Hold
1884,BB,2023-10-08 04:18:00,2023-10-08 04:29:00,0,0.9124065,1,0,Buy
8230,BB,2023-10-08 05:27:00,2023-10-08 05:42:00,0,0.053863056,0,0,Sell
8797,BB,2023-10-08 08:49:00,2023-10-08 08:58:00,0,0.04544992,0,0,Sell
6656,BB,2023-10-08 19:07:00,2023-10-08 19:32:00,1,0.36247048,0,1,Sell
8006,BB,2023-10-10 11:29:00,2023-10-10 11:55:00,0,0.049425025,0,0,Sell
6571,BB,2023-10-10 20:15:00,2023-10-10 20:23:00,0,0.03525853,0,0,Sell
7675,BB,2023-10-10 21:10:00,2023-10-10 21:23:00,1,0.06462514,0,1,Sell
2770,BB,2023-10-11 03:01:00,2023-10-11 03:29:00,0,0.30603322,0,0,Sell
3749,BB,2023-10-11 03:59:00,2023-10-11 04:20:00,1,0.90309095,1,1,Buy
6426,BB,2023-10-11 07:05:00,2023-10-11 07:26:00,1,0.9042571,1,1,Buy
6922,BB,2023-10-11 12:18:00,2023-10-11 12:47:00,1,0.8029051,1,1,Buy
3629,BB,2023-10-13 01:21:00,2023-10-13 01:47:00,0,0.07732774,0,0,Sell
4169,BB,2023-10-13 08:14:00,2023-10-13 08:22:00,0,0.051968757,0,0,Sell
4168,BB,2023-10-14 07:07:00,2023-10-14 07:31:00,0,0.049487934,0,0,Sell
9202,BB,2023-10-14 08:00:00,2023-10-14 08:10:00,1,0.867967,1,1,Buy
490,BB,2023-10-14 14:07:00,2023-10-14 14:29:00,0,0.029982865,0,0,Sell
4843,BB,2023-10-14 14:56:00,2023-10-14 15:04:00,0,0.057429023,0,0,Sell
2068,BB,2023-10-14 16:38:00,2023-10-14 17:04:00,1,0.7439602,1,1,Buy
628,BB,2023-10-14 20:49:00,2023-10-14 21:13:00,0,0.04180573,0,0,Sell
2648,BB,2023-10-15 02:24:00,2023-10-15 02:33:00,0,0.065735474,0,0,Sell
7932,BB,2023-10-15 03:21:00,2023-10-15 03:46:00,1,0.14921486,0,1,Sell
6632,BB,2023-10-15 04:01:00,2023-10-15 04:07:00,1,0.88453615,1,1,Buy
9108,BB,2023-10-15 08:54:00,2023-10-15 09:03:00,1,0.9189022,1,1,Buy
1985,BB,2023-10-15 23:42:00,2023-10-15 23:59:00,1,0.9678679,1,1,Buy
8137,BB,2023-10-16 02:37:00,2023-10-16 02:52:00,1,0.509773,1,1,Hold
780,BB,2023-10-16 12:30:00,2023-10-16 12:51:00,0,0.101907395,0,0,Sell
5397,BB,2023-10-16 16:39:00,2023-10-16 16:52:00,0,0.5267799,1,0,Hold
9103,BB,2023-10-16 17:05:00,2023-10-16 17:24:00,1,0.9217218,1,1,Buy
3025,BB,2023-10-17 18:06:00,2023-10-17 18:22:00,0,0.061010715,0,0,Sell
1151,BB,2023-10-17 19:53:00,2023-10-17 20:01:00,0,0.4126327,0,0,Hold
5423,BB,2023-10-17 19:56:00,2023-10-17 20:15:00,1,0.43203902,0,1,Hold
3149,BB,2023-10-18 15:36:00,2023-10-18 15:55:00,1,0.46610907,0,1,Hold
7812,BB,2023-10-18 16:15:00,2023-10-18 16:29:00,1,0.933049,1,1,Buy
1166,BB,2023-10-20 06:43:00,2023-10-20 07:03:00,1,0.94602466,1,1,Buy
1745,BB,2023-10-20 08:48:00,2023-10-20 09:09:00,0,0.068691514,0,0,Sell
5487,BB,2023-10-21 05:28:00,2023-10-21 05:53:00,0,0.06433333,0,0,Sell
7391,BB,2023-10-21 12:48:00,2023-10-21 13:17:00,1,0.52013785,1,1,Hold
1527,BB,2023-10-22 01:15:00,2023-10-22 01:41:00,0,0.054707546,0,0,Sell
2662,BB,2023-10-22 21:21:00,2023-10-22 21:37:00,0,0.045787666,0,0,Sell
2074,BB,2023-10-23 00:53:00,2023-10-23 01:08:00,1,0.08001453,0,1,Sell
2536,BB,2023-10-23 01:03:00,2023-10-23 01:21:00,1,0.46353585,0,1,Hold
1468,BB,2023-10-23 01:55:00,2023-10-23 02:15:00,0,0.3129672,0,0,Sell
2457,BB,2023-10-23 02:56:00,2023-10-23 03:24:00,0,0.08309217,0,0,Sell
1411,BB,2023-10-24 07:08:00,2023-10-24 07:24:00,1,0.53482515,1,1,Hold
937,BB,2023-10-25 04:40:00,2023-10-25 05:09:00,0,0.08433101,0,0,Sell
5876,BB,2023-10-25 09:27:00,2023-10-25 09:42:00,1,0.8911321,1,1,Buy
8885,BB,2023-10-26 02:09:00,2023-10-26 02:35:00,0,0.083149545,0,0,Sell
8315,BB,2023-10-26 12:51:00,2023-10-26 13:07:00,1,0.9164228,1,1,Buy
5116,BB,2023-10-26 17:51:00,2023-10-26 17:59:00,1,0.93672013,1,1,Buy
9314,BB,2023-10-28 00:08:00,2023-10-28 00:33:00,0,0.62713474,1,0,Buy
7743,BB,2023-10-29 13:57:00,2023-10-29 14:10:00,1,0.96189946,1,1,Buy
7181,BB,2023-10-29 18:13:00,2023-10-29 18:32:00,0,0.060925726,0,0,Sell
3717,BB,2023-10-30 00:49:00,2023-10-30 01:10:00,1,0.91420877,1,1,Buy
1912,BB,2023-10-30 03:41:00,2023-10-30 03:57:00,0,0.34524426,0,0,Sell
2149,BB,2023-10-30 05:50:00,2023-10-30 06:02:00,0,0.05199212,0,0,Sell
7360,BB,2023-10-30 13:58:00,2023-10-30 14:09:00,0,0.029603153,0,0,Sell
1563,BB,2023-10-31 13:07:00,2023-10-31 13:34:00,0,0.49959835,0,0,Hold
1713,BB,2023-10-31 17:10:00,2023-10-31 17:19:00,0,0.04610943,0,0,Sell
9439,BB,2023-11-01 03:56:00,2023-11-01 04:01:00,1,0.8415374,1,1,Buy
3569,BB,2023-11-01 11:34:00,2023-11-01 11:50:00,0,0.044765137,0,0,Sell
8169,BB,2023-11-01 11:35:00,2023-11-01 11:59:00,1,0.92451876,1,1,Buy
1613,BB,2023-11-01 20:36:00,2023-11-01 20:44:00,1,0.3593044,0,1,Sell
8149,BB,2023-11-01 22:01:00,2023-11-01 22:13:00,0,0.54191375,1,0,Hold
5214,BB,2023-11-02 03:38:00,2023-11-02 03:56:00,1,0.39629996,0,1,Sell
75,BB,2023-11-02 18:35:00,2023-11-02 18:56:00,1,0.7164396,1,1,Buy
5988,BB,2023-11-03 00:56:00,2023-11-03 01:12:00,1,0.9207605,1,1,Buy
2017,BB,2023-11-04 04:03:00,2023-11-04 04:22:00,1,0.9372796,1,1,Buy
2958,BB,2023-11-04 08:09:00,2023-11-04 08:22:00,1,0.9566045,1,1,Buy
2163,BB,2023-11-04 11:26:00,2023-11-04 11:55:00,0,0.0920879,0,0,Sell
5262,BB,2023-11-04 14:30:00,2023-11-04 14:57:00,0,0.5988828,1,0,Hold
1490,BB,2023-11-04 17:41:00,2023-11-04 18:01:00,1,0.40564856,0,1,Hold
9564,BB,2023-11-05 11:23:00,2023-11-05 11:40:00,1,0.93565935,1,1,Buy
5931,BB,2023-11-05 18:36:00,2023-11-05 18:44:00,0,0.065262444,0,0,Sell
2371,BB,2023-11-06 01:39:00,2023-11-06 02:03:00,0,0.09168936,0,0,Sell
4379,BB,2023-11-07 19:10:00,2023-11-07 19:26:00,1,0.9352284,1,1,Buy
2868,BB,2023-11-07 22:55:00,2023-11-07 23:14:00,0,0.08182353,0,0,Sell
508,BB,2023-11-08 10:40:00,2023-11-08 11:00:00,0,0.03628753,0,0,Sell
5711,BB,2023-11-08 17:10:00,2023-11-08 17:18:00,1,0.8704593,1,1,Buy
119,BB,2023-11-09 00:50:00,2023-11-09 01:04:00,0,0.06394505,0,0,Sell
1459,BB,2023-11-09 00:54:00,2023-11-09 01:07:00,1,0.8352609,1,1,Buy
9040,BB,2023-11-09 03:23:00,2023-11-09 03:50:00,1,0.6958131,1,1,Buy
2326,BB,2023-11-09 05:01:00,2023-11-09 05:24:00,0,0.61369175,1,0,Buy
1580,BB,2023-11-10 03:48:00,2023-11-10 04:07:00,0,0.42975354,0,0,Hold
3755,BB,2023-11-11 03:14:00,2023-11-11 03:24:00,0,0.8280899,1,0,Buy
1394,BB,2023-11-11 06:26:00,2023-11-11 06:44:00,1,0.9440281,1,1,Buy
3400,BB,2023-11-11 06:31:00,2023-11-11 06:58:00,0,0.06339731,0,0,Sell
3268,BB,2023-11-11 11:28:00,2023-11-11 11:46:00,1,0.935856,1,1,Buy
5244,BB,2023-11-11 21:50:00,2023-11-11 22:19:00,1,0.9554688,1,1,Buy
9272,BB,2023-11-12 09:13:00,2023-11-12 09:23:00,0,0.4542898,0,0,Hold
4317,BB,2023-11-12 16:17:00,2023-11-12 16:43:00,0,0.053026844,0,0,Sell
2793,BB,2023-11-12 23:07:00,2023-11-12 23:14:00,0,0.075992234,0,0,Sell
5694,BB,2023-11-13 02:28:00,2023-11-13 02:49:00,1,0.8895922,1,1,Buy
3236,BB,2023-11-13 09:18:00,2023-11-13 09:39:00,0,0.13491175,0,0,Sell
199,BB,2023-11-14 03:32:00,2023-11-14 03:40:00,0,0.37889725,0,0,Sell
7701,BB,2023-11-14 04:25:00,2023-11-14 04:51:00,1,0.92695796,1,1,Buy
8868,BB,2023-11-14 15:59:00,2023-11-14 16:22:00,0,0.3737829,0,0,Sell
6734,BB,2023-11-16 07:52:00,2023-11-16 08:13:00,1,0.36334094,0,1,Sell
354,BB,2023-11-16 09:11:00,2023-11-16 09:18:00,0,0.3267101,0,0,Sell
9708,BB,2023-11-16 19:53:00,2023-11-16 20:16:00,0,0.42213246,0,0,Hold
6573,BB,2023-11-18 09:29:00,2023-11-18 09:39:00,0,0.047557008,0,0,Sell
6779,BB,2023-11-18 12:28:00,2023-11-18 12:57:00,1,0.1666994,0,1,Sell
527,BB,2023-11-19 00:05:00,2023-11-19 00:18:00,1,0.9113503,1,1,Buy
1987,BB,2023-11-19 00:05:00,2023-11-19 00:19:00,0,0.07384572,0,0,Sell
5450,BB,2023-11-19 13:44:00,2023-11-19 13:52:00,0,0.84923935,1,0,Buy
6798,BB,2023-11-20 06:14:00,2023-11-20 06:25:00,1,0.4773029,0,1,Hold
5373,BB,2023-11-20 16:58:00,2023-11-20 17:15:00,0,0.07361695,0,0,Sell
6296,BB,2023-11-21 07:46:00,2023-11-21 08:06:00,0,0.8467769,1,0,Buy
4546,BB,2023-11-21 14:25:00,2023-11-21 14:33:00,1,0.91104823,1,1,Buy
3329,BB,2023-11-22 00:11:00,2023-11-22 00:25:00,1,0.9236608,1,1,Buy
6800,BB,2023-11-22 07:47:00,2023-11-22 07:58:00,1,0.52968144,1,1,Hold
854,BB,2023-11-22 14:04:00,2023-11-22 14:11:00,0,0.58953667,1,0,Hold
5916,BB,2023-11-22 16:41:00,2023-11-22 17:10:00,1,0.9532135,1,1,Buy
8962,BB,2023-11-23 01:00:00,2023-11-23 01:12:00,1,0.88724446,1,1,Buy
3768,BB,2023-11-23 02:23:00,2023-11-23 02:35:00,0,0.084757306,0,0,Sell
6205,BB,2023-11-23 02:54:00,2023-11-23 03:03:00,0,0.083933845,0,0,Sell
1109,BB,2023-11-24 06:20:00,2023-11-24 06:48:00,1,0.947868,1,1,Buy
2012,BB,2023-11-25 01:24:00,2023-11-25 01:44:00,0,0.50249904,1,0,Hold
2762,BB,2023-11-25 16:38:00,2023-11-25 17:00:00,1,0.9611015,1,1,Buy
2944,BB,2023-11-25 19:05:00,2023-11-25 19:28:00,0,0.71088976,1,0,Buy
5112,BB,2023-11-26 02:51:00,2023-11-26 03:15:00,0,0.5173884,1,0,Hold
3428,BB,2023-11-27 04:29:00,2023-11-27 04:42:00,0,0.07732837,0,0,Sell
2883,BB,2023-11-28 00:28:00,2023-11-28 00:37:00,1,0.6654433,1,1,Buy
5864,BB,2023-11-28 13:38:00,2023-11-28 13:46:00,0,0.050762452,0,0,Sell
8452,BB,2023-11-29 04:06:00,2023-11-29 04:35:00,0,0.07459487,0,0,Sell
9072,BB,2023-11-29 13:24:00,2023-11-29 13:37:00,0,0.14591277,0,0,Sell
2561,BB,2023-11-29 19:38:00,2023-11-29 19:46:00,0,0.053450257,0,0,Sell
723,BB,2023-11-30 02:41:00,2023-11-30 03:07:00,1,0.9072926,1,1,Buy
9816,BB,2023-11-30 19:49:00,2023-11-30 20:02:00,0,0.7113339,1,0,Buy
5645,BB,2023-12-01 21:05:00,2023-12-01 21:33:00,1,0.95211595,1,1,Buy
2009,BB,2023-12-02 15:53:00,2023-12-02 16:03:00,0,0.9069038,1,0,Buy
5043,BB,2023-12-03 14:32:00,2023-12-03 14:45:00,1,0.66259336,1,1,Buy
7233,BB,2023-12-03 16:13:00,2023-12-03 16:31:00,0,0.07790172,0,0,Sell
5159,BB,2023-12-04 03:24:00,2023-12-04 03:38:00,0,0.31749254,0,0,Sell
3533,BB,2023-12-04 10:32:00,2023-12-04 10:49:00,1,0.93664026,1,1,Buy
56,BB,2023-12-04 11:03:00,2023-12-04 11:13:00,1,0.9510108,1,1,Buy
4614,BB,2023-12-04 11:15:00,2023-12-04 11:26:00,0,0.108191535,0,0,Sell
7067,BB,2023-12-04 16:32:00,2023-12-04 16:53:00,1,0.94574034,1,1,Buy
8787,BB,2023-12-04 18:32:00,2023-12-04 18:47:00,0,0.08756584,0,0,Sell
9775,BB,2023-12-05 16:48:00,2023-12-05 17:14:00,0,0.08209114,0,0,Sell
9028,BB,2023-12-05 20:49:00,2023-12-05 21:18:00,0,0.05742755,0,0,Sell
8413,BB,2023-12-06 04:34:00,2023-12-06 04:57:00,0,0.059406027,0,0,Sell
8445,BB,2023-12-06 17:12:00,2023-12-06 17:41:00,1,0.9298968,1,1,Buy
9507,BB,2023-12-07 06:42:00,2023-12-07 06:59:00,1,0.70392585,1,1,Buy
1790,BB,2023-12-07 15:08:00,2023-12-07 15:21:00,0,0.08253611,0,0,Sell
8804,BB,2023-12-07 19:05:00,2023-12-07 19:10:00,0,0.090175875,0,0,Sell
2142,BB,2023-12-08 18:53:00,2023-12-08 19:04:00,0,0.06850269,0,0,Sell
8544,BB,2023-12-09 21:34:00,2023-12-09 22:00:00,1,0.9230281,1,1,Buy
9200,BB,2023-12-10 18:07:00,2023-12-10 18:30:00,1,0.89428914,1,1,Buy
6575,BB,2023-12-11 13:10:00,2023-12-11 13:20:00,1,0.9221911,1,1,Buy
6369,BB,2023-12-11 14:35:00,2023-12-11 14:55:00,1,0.81834257,1,1,Buy
3176,BB,2023-12-11 19:22:00,2023-12-11 19:38:00,1,0.4169313,0,1,Hold
7392,BB,2023-12-12 00:43:00,2023-12-12 01:09:00,0,0.4778073,0,0,Hold
4125,BB,2023-12-12 02:26:00,2023-12-12 02:51:00,0,0.11866715,0,0,Sell
8088,BB,2023-12-12 05:45:00,2023-12-12 05:56:00,0,0.087835364,0,0,Sell
154,BB,2023-12-12 19:52:00,2023-12-12 20:07:00,0,0.05007386,0,0,Sell
9238,BB,2023-12-13 14:27:00,2023-12-13 14:54:00,0,0.04591301,0,0,Sell
6869,BB,2023-12-14 01:43:00,2023-12-14 02:12:00,0,0.6959591,1,0,Buy
7415,BB,2023-12-14 18:44:00,2023-12-14 18:55:00,0,0.034113724,0,0,Sell
5273,BB,2023-12-15 00:59:00,2023-12-15 01:09:00,0,0.22179458,0,0,Sell
7169,BB,2023-12-16 04:12:00,2023-12-16 04:31:00,0,0.3163902,0,0,Sell
3577,BB,2023-12-16 09:24:00,2023-12-16 09:29:00,0,0.036622263,0,0,Sell
9522,BB,2023-12-17 00:13:00,2023-12-17 00:36:00,0,0.33890766,0,0,Sell
693,BB,2023-12-18 14:11:00,2023-12-18 14:17:00,0,0.046716344,0,0,Sell
8399,BB,2023-12-18 16:33:00,2023-12-18 16:55:00,1,0.34003586,0,1,Sell
9969,BB,2023-12-19 11:48:00,2023-12-19 11:53:00,0,0.044356626,0,0,Sell
2606,BB,2023-12-20 02:51:00,2023-12-20 02:57:00,0,0.40278468,0,0,Hold
1034,BB,2023-12-21 08:35:00,2023-12-21 08:51:00,0,0.079728015,0,0,Sell
7275,BB,2023-12-22 08:08:00,2023-12-22 08:14:00,1,0.6613551,1,1,Buy
1369,BB,2023-12-23 07:06:00,2023-12-23 07:20:00,0,0.9124929,1,0,Buy
5660,BB,2023-12-23 09:12:00,2023-12-23 09:17:00,0,0.3862847,0,0,Sell
6682,BB,2023-12-23 10:20:00,2023-12-23 10:33:00,0,0.47860262,0,0,Hold
4255,BB,2023-12-23 13:52:00,2023-12-23 14:20:00,0,0.05631323,0,0,Sell
8185,BB,2023-12-23 15:34:00,2023-12-23 16:00:00,0,0.5529164,1,0,Hold
2020,BB,2023-12-23 16:50:00,2023-12-23 16:56:00,0,0.6821698,1,0,Buy
1030,BB,2023-12-24 11:13:00,2023-12-24 11:39:00,0,0.8899519,1,0,Buy
6297,BB,2023-12-25 01:56:00,2023-12-25 02:16:00,1,0.87880594,1,1,Buy
1578,BB,2023-12-25 15:13:00,2023-12-25 15:22:00,1,0.9408394,1,1,Buy
1961,BB,2023-12-25 20:15:00,2023-12-25 20:21:00,0,0.09817723,0,0,Sell
4729,BB,2023-12-26 13:42:00,2023-12-26 13:59:00,0,0.07798799,0,0,Sell
1375,BB,2023-12-26 22:18:00,2023-12-26 22:39:00,0,0.069296315,0,0,Sell
7667,BB,2023-12-27 16:40:00,2023-12-27 16:54:00,1,0.4562554,0,1,Hold
8289,BB,2023-12-28 07:09:00,2023-12-28 07:18:00,1,0.27632532,0,1,Sell
3222,BB,2023-12-28 07:26:00,2023-12-28 07:55:00,1,0.90897316,1,1,Buy
2368,BB,2023-12-28 16:00:00,2023-12-28 16:14:00,0,0.29811576,0,0,Sell
298,BB,2023-12-28 23:06:00,2023-12-28 23:32:00,1,0.9582138,1,1,Buy
6858,BB,2023-12-28 23:29:00,2023-12-28 23:37:00,0,0.12064565,0,0,Sell
9034,BB,2023-12-30 02:04:00,2023-12-30 02:28:00,0,0.083095364,0,0,Sell
7515,BB,2023-12-30 08:56:00,2023-12-30 09:13:00,1,0.69215584,1,1,Buy
5548,BB,2023-12-30 20:35:00,2023-12-30 20:52:00,1,0.47309604,0,1,Hold
9787,BB,2023-12-31 12:29:00,2023-12-31 12:49:00,1,0.9636035,1,1,Buy
1097,BB,2023-12-31 12:44:00,2023-12-31 13:12:00,1,0.9581239,1,1,Buy
9163,BB,2024-01-01 07:32:00,2024-01-01 07:50:00,0,0.12974915,0,0,Sell
8918,BB,2024-01-01 16:42:00,2024-01-01 16:52:00,1,0.95747447,1,1,Buy
2456,BB,2024-01-01 17:33:00,2024-01-01 18:00:00,0,0.1268696,0,0,Sell
513,GME,2023-01-01 06:33:00,2023-01-01 06:41:00,0,0.057116985,0,0,Sell
3877,GME,2023-01-01 10:06:00,2023-01-01 10:33:00,0,0.046881653,0,0,Sell
3121,GME,2023-01-01 14:22:00,2023-01-01 14:42:00,1,0.9428785,1,1,Buy
2284,GME,2023-01-01 14:58:00,2023-01-01 15:16:00,1,0.94784474,1,1,Buy
4451,GME,2023-01-01 22:18:00,2023-01-01 22:48:00,0,0.060038466,0,0,Sell
2500,GME,2023-01-02 15:56:00,2023-01-02 16:15:00,1,0.58038205,1,1,Hold
3433,GME,2023-01-03 08:29:00,2023-01-03 08:43:00,1,0.92945075,1,1,Buy
69,GME,2023-01-04 01:07:00,2023-01-04 01:26:00,1,0.91931117,1,1,Buy
2604,GME,2023-01-04 03:33:00,2023-01-04 04:03:00,1,0.9293591,1,1,Buy
306,GME,2023-01-04 06:48:00,2023-01-04 06:55:00,0,0.52382624,1,0,Hold
1712,GME,2023-01-04 23:58:00,2023-01-05 00:27:00,0,0.085456885,0,0,Sell
9447,GME,2023-01-05 18:29:00,2023-01-05 18:48:00,1,0.9432632,1,1,Buy
2376,GME,2023-01-06 02:23:00,2023-01-06 02:47:00,1,0.6512744,1,1,Buy
1268,GME,2023-01-06 10:57:00,2023-01-06 11:04:00,1,0.93277514,1,1,Buy
6722,GME,2023-01-07 06:17:00,2023-01-07 06:46:00,0,0.0934647,0,0,Sell
4595,GME,2023-01-07 07:54:00,2023-01-07 08:14:00,0,0.08987687,0,0,Sell
9790,GME,2023-01-07 23:58:00,2023-01-08 00:07:00,1,0.9449335,1,1,Buy
5849,GME,2023-01-08 12:36:00,2023-01-08 12:43:00,0,0.07271956,0,0,Sell
3811,GME,2023-01-08 13:34:00,2023-01-08 14:03:00,1,0.95239514,1,1,Buy
1528,GME,2023-01-08 19:51:00,2023-01-08 20:21:00,0,0.0714532,0,0,Sell
6345,GME,2023-01-09 09:23:00,2023-01-09 09:40:00,0,0.25393048,0,0,Sell
5727,GME,2023-01-09 11:17:00,2023-01-09 11:33:00,0,0.059914563,0,0,Sell
4314,GME,2023-01-09 20:03:00,2023-01-09 20:25:00,0,0.06538594,0,0,Sell
6995,GME,2023-01-09 21:09:00,2023-01-09 21:34:00,0,0.044531178,0,0,Sell
1972,GME,2023-01-10 20:47:00,2023-01-10 21:09:00,0,0.045735437,0,0,Sell
4621,GME,2023-01-10 23:43:00,2023-01-11 00:07:00,1,0.8708382,1,1,Buy
5872,GME,2023-01-11 12:20:00,2023-01-11 12:33:00,0,0.3258892,0,0,Sell
3387,GME,2023-01-13 08:52:00,2023-01-13 09:11:00,0,0.05521534,0,0,Sell
964,GME,2023-01-14 07:45:00,2023-01-14 08:14:00,1,0.34642625,0,1,Sell
7899,GME,2023-01-15 11:36:00,2023-01-15 12:02:00,0,0.445188,0,0,Hold
7974,GME,2023-01-16 05:28:00,2023-01-16 05:57:00,1,0.08614277,0,1,Sell
8142,GME,2023-01-16 06:07:00,2023-01-16 06:14:00,1,0.8974101,1,1,Buy
5380,GME,2023-01-16 18:04:00,2023-01-16 18:10:00,0,0.11138522,0,0,Sell
6209,GME,2023-01-18 06:20:00,2023-01-18 06:30:00,0,0.26504964,0,0,Sell
4184,GME,2023-01-18 12:17:00,2023-01-18 12:34:00,1,0.9357377,1,1,Buy
4531,GME,2023-01-18 15:03:00,2023-01-18 15:18:00,0,0.51715785,1,0,Hold
1257,GME,2023-01-18 18:52:00,2023-01-18 19:21:00,0,0.080082566,0,0,Sell
1325,GME,2023-01-18 20:29:00,2023-01-18 20:34:00,0,0.07492266,0,0,Sell
8191,GME,2023-01-19 12:41:00,2023-01-19 12:54:00,1,0.9338092,1,1,Buy
5225,GME,2023-01-19 21:00:00,2023-01-19 21:25:00,0,0.49223015,0,0,Hold
5478,GME,2023-01-21 01:16:00,2023-01-21 01:42:00,1,0.914152,1,1,Buy
7615,GME,2023-01-21 06:26:00,2023-01-21 06:48:00,1,0.93852156,1,1,Buy
265,GME,2023-01-21 13:35:00,2023-01-21 13:50:00,0,0.82706416,1,0,Buy
2779,GME,2023-01-21 19:17:00,2023-01-21 19:34:00,1,0.8032405,1,1,Buy
7580,GME,2023-01-22 09:13:00,2023-01-22 09:21:00,0,0.0827766,0,0,Sell
6339,GME,2023-01-22 22:47:00,2023-01-22 23:12:00,1,0.47550115,0,1,Hold
9694,GME,2023-01-23 07:01:00,2023-01-23 07:16:00,1,0.37377205,0,1,Sell
9952,GME,2023-01-23 12:30:00,2023-01-23 12:39:00,0,0.07494657,0,0,Sell
3919,GME,2023-01-23 23:55:00,2023-01-24 00:13:00,0,0.06398679,0,0,Sell
6429,GME,2023-01-24 09:10:00,2023-01-24 09:18:00,1,0.31787932,0,1,Sell
2041,GME,2023-01-24 09:18:00,2023-01-24 09:43:00,0,0.06845668,0,0,Sell
7068,GME,2023-01-24 10:32:00,2023-01-24 10:43:00,1,0.9186591,1,1,Buy
4846,GME,2023-01-24 19:07:00,2023-01-24 19:17:00,0,0.074807726,0,0,Sell
5441,GME,2023-01-24 19:10:00,2023-01-24 19:39:00,0,0.056271303,0,0,Sell
9312,GME,2023-01-25 02:28:00,2023-01-25 02:41:00,1,0.5469319,1,1,Hold
9179,GME,2023-01-26 13:28:00,2023-01-26 13:38:00,0,0.48203337,0,0,Hold
4615,GME,2023-01-26 15:13:00,2023-01-26 15:20:00,0,0.040733226,0,0,Sell
7490,GME,2023-01-26 22:45:00,2023-01-26 23:05:00,0,0.08507885,0,0,Sell
1583,GME,2023-01-27 01:04:00,2023-01-27 01:17:00,1,0.06900978,0,1,Sell
4593,GME,2023-01-28 18:38:00,2023-01-28 19:03:00,1,0.04435203,0,1,Sell
2168,GME,2023-01-28 23:35:00,2023-01-28 23:45:00,0,0.10930995,0,0,Sell
7152,GME,2023-01-29 11:13:00,2023-01-29 11:31:00,1,0.46235445,0,1,Hold
3322,GME,2023-01-29 15:34:00,2023-01-29 15:42:00,1,0.40399387,0,1,Hold
5053,GME,2023-01-30 01:41:00,2023-01-30 01:56:00,1,0.5246006,1,1,Hold
7792,GME,2023-01-31 00:17:00,2023-01-31 00:33:00,1,0.8922157,1,1,Buy
3639,GME,2023-01-31 00:33:00,2023-01-31 00:55:00,1,0.9105106,1,1,Buy
2209,GME,2023-01-31 08:33:00,2023-01-31 08:48:00,0,0.109254695,0,0,Sell
1623,GME,2023-02-01 14:50:00,2023-02-01 14:58:00,0,0.105155915,0,0,Sell
4239,GME,2023-02-01 15:12:00,2023-02-01 15:23:00,0,0.58823407,1,0,Hold
5457,GME,2023-02-01 20:20:00,2023-02-01 20:44:00,1,0.94267,1,1,Buy
1610,GME,2023-02-01 21:05:00,2023-02-01 21:22:00,0,0.069777265,0,0,Sell
1453,GME,2023-02-01 22:07:00,2023-02-01 22:24:00,0,0.51658034,1,0,Hold
132,GME,2023-02-02 05:34:00,2023-02-02 05:40:00,0,0.073278785,0,0,Sell
1395,GME,2023-02-02 06:57:00,2023-02-02 07:06:00,1,0.93557495,1,1,Buy
4765,GME,2023-02-02 18:20:00,2023-02-02 18:32:00,1,0.9445188,1,1,Buy
2333,GME,2023-02-03 00:50:00,2023-02-03 01:14:00,1,0.5849322,1,1,Hold
2963,GME,2023-02-03 11:09:00,2023-02-03 11:25:00,0,0.07718356,0,0,Sell
7375,GME,2023-02-04 00:43:00,2023-02-04 01:06:00,1,0.9087069,1,1,Buy
9655,GME,2023-02-04 04:23:00,2023-02-04 04:39:00,0,0.9370216,1,0,Buy
1885,GME,2023-02-04 13:30:00,2023-02-04 13:58:00,1,0.95286053,1,1,Buy
4309,GME,2023-02-05 05:43:00,2023-02-05 06:09:00,1,0.94153625,1,1,Buy
1291,GME,2023-02-05 05:53:00,2023-02-05 06:18:00,0,0.59655046,1,0,Hold
9273,GME,2023-02-05 21:57:00,2023-02-05 22:26:00,1,0.9582612,1,1,Buy
530,GME,2023-02-06 17:36:00,2023-02-06 18:04:00,0,0.95149624,1,0,Buy
7449,GME,2023-02-06 19:24:00,2023-02-06 19:54:00,0,0.069853134,0,0,Sell
9386,GME,2023-02-06 19:54:00,2023-02-06 20:15:00,0,0.04656229,0,0,Sell
5251,GME,2023-02-07 15:26:00,2023-02-07 15:44:00,0,0.05138824,0,0,Sell
5288,GME,2023-02-08 05:02:00,2023-02-08 05:13:00,0,0.22411694,0,0,Sell
8647,GME,2023-02-08 06:21:00,2023-02-08 06:45:00,1,0.8623204,1,1,Buy
5184,GME,2023-02-08 10:02:00,2023-02-08 10:31:00,1,0.9406439,1,1,Buy
4022,GME,2023-02-08 14:32:00,2023-02-08 14:49:00,0,0.13510709,0,0,Sell
8036,GME,2023-02-08 16:52:00,2023-02-08 17:04:00,0,0.81580174,1,0,Buy
3119,GME,2023-02-09 22:07:00,2023-02-09 22:35:00,1,0.95961416,1,1,Buy
2228,GME,2023-02-10 06:16:00,2023-02-10 06:27:00,0,0.115265206,0,0,Sell
1002,GME,2023-02-11 04:33:00,2023-02-11 04:57:00,0,0.061372403,0,0,Sell
1439,GME,2023-02-12 19:24:00,2023-02-12 19:32:00,0,0.057244457,0,0,Sell
4493,GME,2023-02-13 13:35:00,2023-02-13 13:43:00,1,0.54316324,1,1,Hold
6464,GME,2023-02-13 22:01:00,2023-02-13 22:20:00,1,0.9403782,1,1,Buy
9562,GME,2023-02-14 00:31:00,2023-02-14 00:39:00,0,0.3507786,0,0,Sell
8670,GME,2023-02-14 00:34:00,2023-02-14 00:57:00,0,0.12614772,0,0,Sell
8568,GME,2023-02-14 10:51:00,2023-02-14 11:03:00,0,0.09854268,0,0,Sell
3489,GME,2023-02-15 00:41:00,2023-02-15 00:53:00,1,0.9088102,1,1,Buy
7429,GME,2023-02-15 20:11:00,2023-02-15 20:37:00,0,0.051452443,0,0,Sell
7830,GME,2023-02-15 23:39:00,2023-02-16 00:07:00,1,0.9278912,1,1,Buy
5029,GME,2023-02-16 01:03:00,2023-02-16 01:17:00,1,0.5041641,1,1,Hold
7984,GME,2023-02-16 22:10:00,2023-02-16 22:32:00,0,0.50097454,1,0,Hold
3365,GME,2023-02-17 03:05:00,2023-02-17 03:20:00,0,0.061389435,0,0,Sell
6879,GME,2023-02-17 05:48:00,2023-02-17 06:01:00,0,0.055318356,0,0,Sell
9757,GME,2023-02-17 07:49:00,2023-02-17 07:55:00,1,0.93528974,1,1,Buy
7187,GME,2023-02-17 14:47:00,2023-02-17 14:55:00,0,0.82271916,1,0,Buy
4151,GME,2023-02-17 21:38:00,2023-02-17 21:57:00,0,0.25803953,0,0,Sell
4922,GME,2023-02-18 11:55:00,2023-02-18 12:11:00,0,0.042411204,0,0,Sell
8336,GME,2023-02-18 11:56:00,2023-02-18 12:14:00,1,0.94269764,1,1,Buy
9452,GME,2023-02-18 12:04:00,2023-02-18 12:27:00,1,0.47302392,0,1,Hold
2243,GME,2023-02-18 12:30:00,2023-02-18 12:50:00,0,0.33350444,0,0,Sell
9879,GME,2023-02-19 17:21:00,2023-02-19 17:35:00,0,0.052221205,0,0,Sell
6324,GME,2023-02-20 16:35:00,2023-02-20 16:50:00,0,0.24461447,0,0,Sell
155,GME,2023-02-20 18:05:00,2023-02-20 18:12:00,0,0.07488864,0,0,Sell
8003,GME,2023-02-21 01:15:00,2023-02-21 01:44:00,0,0.28651252,0,0,Sell
7588,GME,2023-02-21 10:00:00,2023-02-21 10:06:00,1,0.22460316,0,1,Sell
5078,GME,2023-02-22 08:12:00,2023-02-22 08:40:00,0,0.23725063,0,0,Sell
3647,GME,2023-02-23 09:58:00,2023-02-23 10:28:00,1,0.90264535,1,1,Buy
8412,GME,2023-02-23 15:42:00,2023-02-23 16:03:00,0,0.06749355,0,0,Sell
474,GME,2023-02-23 16:57:00,2023-02-23 17:05:00,0,0.5983918,1,0,Hold
1733,GME,2023-02-24 01:32:00,2023-02-24 01:51:00,1,0.9193183,1,1,Buy
4109,GME,2023-02-24 11:07:00,2023-02-24 11:13:00,0,0.31997824,0,0,Sell
6274,GME,2023-02-24 15:43:00,2023-02-24 16:01:00,0,0.45521474,0,0,Hold
1086,GME,2023-02-24 17:07:00,2023-02-24 17:35:00,1,0.537679,1,1,Hold
7460,GME,2023-02-24 19:21:00,2023-02-24 19:30:00,1,0.56901133,1,1,Hold
9590,GME,2023-02-25 10:33:00,2023-02-25 10:47:00,0,0.07281221,0,0,Sell
3263,GME,2023-02-26 16:12:00,2023-02-26 16:33:00,1,0.40933314,0,1,Hold
9624,GME,2023-02-26 22:19:00,2023-02-26 22:39:00,1,0.94210464,1,1,Buy
4528,GME,2023-02-27 15:52:00,2023-02-27 16:20:00,0,0.46763924,0,0,Hold
1481,GME,2023-02-28 21:21:00,2023-02-28 21:45:00,1,0.8925461,1,1,Buy
8533,GME,2023-03-01 07:56:00,2023-03-01 08:08:00,1,0.47024852,0,1,Hold
194,GME,2023-03-01 16:43:00,2023-03-01 17:11:00,0,0.08806041,0,0,Sell
1883,GME,2023-03-01 19:51:00,2023-03-01 20:17:00,0,0.058238756,0,0,Sell
7309,GME,2023-03-02 00:01:00,2023-03-02 00:27:00,1,0.8951935,1,1,Buy
3165,GME,2023-03-02 04:44:00,2023-03-02 04:51:00,1,0.9237118,1,1,Buy
5395,GME,2023-03-02 12:25:00,2023-03-02 12:39:00,0,0.06471745,0,0,Sell
2463,GME,2023-03-02 14:08:00,2023-03-02 14:25:00,1,0.9592798,1,1,Buy
5030,GME,2023-03-03 08:50:00,2023-03-03 09:05:00,1,0.5586861,1,1,Hold
855,GME,2023-03-03 14:46:00,2023-03-03 15:11:00,1,0.9595882,1,1,Buy
4100,GME,2023-03-04 08:04:00,2023-03-04 08:34:00,0,0.13464624,0,0,Sell
4660,GME,2023-03-04 14:28:00,2023-03-04 14:45:00,1,0.06727247,0,1,Sell
5712,GME,2023-03-04 22:50:00,2023-03-04 23:05:00,0,0.59782463,1,0,Hold
8308,GME,2023-03-05 00:13:00,2023-03-05 00:36:00,1,0.9441372,1,1,Buy
5098,GME,2023-03-05 03:24:00,2023-03-05 03:49:00,0,0.48500323,0,0,Hold
1391,GME,2023-03-05 13:32:00,2023-03-05 13:42:00,1,0.6033385,1,1,Buy
2515,GME,2023-03-05 17:41:00,2023-03-05 18:02:00,1,0.9518083,1,1,Buy
7549,GME,2023-03-06 02:44:00,2023-03-06 03:12:00,0,0.113731116,0,0,Sell
9195,GME,2023-03-06 16:47:00,2023-03-06 16:54:00,1,0.9483267,1,1,Buy
2769,GME,2023-03-06 21:06:00,2023-03-06 21:26:00,1,0.62475294,1,1,Buy
5437,GME,2023-03-07 02:22:00,2023-03-07 02:40:00,0,0.09439105,0,0,Sell
3731,GME,2023-03-07 08:44:00,2023-03-07 09:06:00,1,0.1533304,0,1,Sell
7098,GME,2023-03-07 13:21:00,2023-03-07 13:45:00,1,0.50706893,1,1,Hold
1236,GME,2023-03-08 00:01:00,2023-03-08 00:14:00,0,0.78503895,1,0,Buy
6583,GME,2023-03-08 06:04:00,2023-03-08 06:18:00,0,0.21337058,0,0,Sell
7361,GME,2023-03-08 06:11:00,2023-03-08 06:40:00,1,0.90941554,1,1,Buy
949,GME,2023-03-08 06:35:00,2023-03-08 06:45:00,0,0.55148584,1,0,Hold
3154,GME,2023-03-08 07:39:00,2023-03-08 07:55:00,0,0.072476946,0,0,Sell
7212,GME,2023-03-08 19:44:00,2023-03-08 19:49:00,1,0.95331377,1,1,Buy
8790,GME,2023-03-09 09:16:00,2023-03-09 09:34:00,0,0.10721952,0,0,Sell
2001,GME,2023-03-09 12:12:00,2023-03-09 12:35:00,1,0.80846184,1,1,Buy
8800,GME,2023-03-09 18:58:00,2023-03-09 19:20:00,0,0.05519889,0,0,Sell
9850,GME,2023-03-10 04:01:00,2023-03-10 04:06:00,0,0.06621431,0,0,Sell
5323,GME,2023-03-10 13:49:00,2023-03-10 14:18:00,0,0.27829322,0,0,Sell
3460,GME,2023-03-10 16:35:00,2023-03-10 17:04:00,0,0.059616968,0,0,Sell
5784,GME,2023-03-10 18:05:00,2023-03-10 18:32:00,0,0.04980995,0,0,Sell
1320,GME,2023-03-11 15:57:00,2023-03-11 16:19:00,1,0.89011616,1,1,Buy
2127,GME,2023-03-11 19:37:00,2023-03-11 20:04:00,0,0.04011884,0,0,Sell
5606,GME,2023-03-11 20:54:00,2023-03-11 21:18:00,0,0.45846754,0,0,Hold
8664,GME,2023-03-11 22:37:00,2023-03-11 23:06:00,0,0.05754901,0,0,Sell
5027,GME,2023-03-11 23:29:00,2023-03-11 23:44:00,1,0.9402665,1,1,Buy
2413,GME,2023-03-12 01:51:00,2023-03-12 01:59:00,0,0.071109094,0,0,Sell
5994,GME,2023-03-12 21:13:00,2023-03-12 21:37:00,1,0.95490736,1,1,Buy
8094,GME,2023-03-13 08:11:00,2023-03-13 08:17:00,1,0.9175188,1,1,Buy
4500,GME,2023-03-13 17:29:00,2023-03-13 17:56:00,0,0.06124867,0,0,Sell
2502,GME,2023-03-14 09:55:00,2023-03-14 10:19:00,0,0.06215316,0,0,Sell
3399,GME,2023-03-14 12:01:00,2023-03-14 12:27:00,1,0.8924131,1,1,Buy
78,GME,2023-03-14 14:33:00,2023-03-14 14:44:00,1,0.93551975,1,1,Buy
9390,GME,2023-03-14 14:51:00,2023-03-14 15:08:00,0,0.053031262,0,0,Sell
8865,GME,2023-03-14 20:45:00,2023-03-14 21:15:00,0,0.07167577,0,0,Sell
66,GME,2023-03-15 03:33:00,2023-03-15 03:56:00,1,0.9069807,1,1,Buy
3729,GME,2023-03-15 17:01:00,2023-03-15 17:18:00,0,0.067967325,0,0,Sell
262,GME,2023-03-15 18:05:00,2023-03-15 18:35:00,1,0.86503565,1,1,Buy
3017,GME,2023-03-15 20:35:00,2023-03-15 20:56:00,1,0.3189927,0,1,Sell
8719,GME,2023-03-16 03:14:00,2023-03-16 03:37:00,1,0.91955626,1,1,Buy
5707,GME,2023-03-16 12:51:00,2023-03-16 13:18:00,1,0.9611372,1,1,Buy
4768,GME,2023-03-17 01:13:00,2023-03-17 01:37:00,1,0.61569214,1,1,Buy
710,GME,2023-03-17 14:25:00,2023-03-17 14:49:00,0,0.10854651,0,0,Sell
6137,GME,2023-03-17 19:29:00,2023-03-17 19:39:00,1,0.60805357,1,1,Buy
9617,GME,2023-03-17 23:46:00,2023-03-18 00:06:00,0,0.16428338,0,0,Sell
8758,GME,2023-03-18 01:58:00,2023-03-18 02:06:00,0,0.35180914,0,0,Sell
6357,GME,2023-03-19 10:04:00,2023-03-19 10:17:00,1,0.91930497,1,1,Buy
9342,GME,2023-03-20 06:50:00,2023-03-20 07:04:00,0,0.5457396,1,0,Hold
7705,GME,2023-03-20 07:00:00,2023-03-20 07:23:00,1,0.93460935,1,1,Buy
3465,GME,2023-03-20 21:31:00,2023-03-20 21:39:00,0,0.7458678,1,0,Buy
6874,GME,2023-03-21 02:41:00,2023-03-21 03:07:00,0,0.10417592,0,0,Sell
5069,GME,2023-03-21 06:12:00,2023-03-21 06:19:00,0,0.9292945,1,0,Buy
8840,GME,2023-03-21 07:46:00,2023-03-21 07:51:00,1,0.935195,1,1,Buy
1612,GME,2023-03-21 16:43:00,2023-03-21 17:11:00,0,0.062246144,0,0,Sell
2688,GME,2023-03-22 13:48:00,2023-03-22 14:03:00,0,0.058162957,0,0,Sell
2273,GME,2023-03-23 13:13:00,2023-03-23 13:20:00,0,0.042054676,0,0,Sell
2281,GME,2023-03-24 01:46:00,2023-03-24 02:15:00,0,0.061521623,0,0,Sell
8792,GME,2023-03-24 10:58:00,2023-03-24 11:23:00,0,0.18028031,0,0,Sell
8436,GME,2023-03-24 11:55:00,2023-03-24 12:01:00,0,0.40133578,0,0,Hold
3780,GME,2023-03-24 14:41:00,2023-03-24 14:59:00,1,0.26519343,0,1,Sell
3313,GME,2023-03-24 23:47:00,2023-03-25 00:10:00,0,0.052718166,0,0,Sell
40,GME,2023-03-25 02:58:00,2023-03-25 03:14:00,1,0.9144348,1,1,Buy
4388,GME,2023-03-26 05:46:00,2023-03-26 06:03:00,0,0.06013137,0,0,Sell
5207,GME,2023-03-26 14:52:00,2023-03-26 15:13:00,0,0.4203298,0,0,Hold
9212,GME,2023-03-27 00:49:00,2023-03-27 01:06:00,0,0.06196837,0,0,Sell
2531,GME,2023-03-27 02:57:00,2023-03-27 03:19:00,0,0.32260495,0,0,Sell
9149,GME,2023-03-27 04:17:00,2023-03-27 04:46:00,0,0.8213662,1,0,Buy
6855,GME,2023-03-27 06:59:00,2023-03-27 07:07:00,1,0.85034025,1,1,Buy
2940,GME,2023-03-27 17:08:00,2023-03-27 17:27:00,0,0.6866268,1,0,Buy
8157,GME,2023-03-27 18:58:00,2023-03-27 19:10:00,0,0.76066923,1,0,Buy
7916,GME,2023-03-28 11:55:00,2023-03-28 12:13:00,1,0.26042095,0,1,Sell
7072,GME,2023-03-29 08:11:00,2023-03-29 08:31:00,1,0.93285227,1,1,Buy
2250,GME,2023-03-29 08:58:00,2023-03-29 09:16:00,1,0.07716354,0,1,Sell
4332,GME,2023-03-29 14:18:00,2023-03-29 14:42:00,0,0.54563147,1,0,Hold
3687,GME,2023-03-29 18:10:00,2023-03-29 18:16:00,1,0.941468,1,1,Buy
1382,GME,2023-03-30 03:55:00,2023-03-30 04:11:00,0,0.08351047,0,0,Sell
2389,GME,2023-03-30 06:25:00,2023-03-30 06:46:00,0,0.06035324,0,0,Sell
7396,GME,2023-03-30 19:11:00,2023-03-30 19:31:00,1,0.9081674,1,1,Buy
5502,GME,2023-03-30 19:33:00,2023-03-30 20:00:00,1,0.5787954,1,1,Hold
7543,GME,2023-03-31 13:43:00,2023-03-31 13:52:00,1,0.11458159,0,1,Sell
3773,GME,2023-04-02 00:23:00,2023-04-02 00:47:00,0,0.3394531,0,0,Sell
2970,GME,2023-04-02 20:16:00,2023-04-02 20:26:00,1,0.94484127,1,1,Buy
6582,GME,2023-04-03 00:55:00,2023-04-03 01:01:00,1,0.8856222,1,1,Buy
9258,GME,2023-04-03 10:07:00,2023-04-03 10:21:00,1,0.93647385,1,1,Buy
3621,GME,2023-04-03 11:13:00,2023-04-03 11:39:00,1,0.6129857,1,1,Buy
1416,GME,2023-04-03 11:14:00,2023-04-03 11:43:00,0,0.15282363,0,0,Sell
1822,GME,2023-04-04 11:26:00,2023-04-04 11:37:00,0,0.065305166,0,0,Sell
280,GME,2023-04-05 07:40:00,2023-04-05 08:09:00,0,0.05869849,0,0,Sell
558,GME,2023-04-05 08:17:00,2023-04-05 08:32:00,0,0.05800153,0,0,Sell
2579,GME,2023-04-05 11:02:00,2023-04-05 11:27:00,0,0.06616375,0,0,Sell
3304,GME,2023-04-05 16:15:00,2023-04-05 16:45:00,1,0.20786883,0,1,Sell
180,GME,2023-04-06 01:16:00,2023-04-06 01:32:00,1,0.22805591,0,1,Sell
8631,GME,2023-04-06 14:09:00,2023-04-06 14:29:00,0,0.059850678,0,0,Sell
2172,GME,2023-04-06 16:16:00,2023-04-06 16:38:00,1,0.3898547,0,1,Sell
9084,GME,2023-04-09 07:06:00,2023-04-09 07:16:00,1,0.07670626,0,1,Sell
5305,GME,2023-04-09 14:06:00,2023-04-09 14:26:00,1,0.52714974,1,1,Hold
8531,GME,2023-04-09 16:15:00,2023-04-09 16:43:00,0,0.102780364,0,0,Sell
3849,GME,2023-04-09 23:46:00,2023-04-10 00:01:00,0,0.06100727,0,0,Sell
595,GME,2023-04-10 08:01:00,2023-04-10 08:07:00,0,0.10240755,0,0,Sell
65,GME,2023-04-10 09:47:00,2023-04-10 10:08:00,0,0.09368958,0,0,Sell
8310,GME,2023-04-10 16:20:00,2023-04-10 16:44:00,0,0.334258,0,0,Sell
8245,GME,2023-04-10 16:42:00,2023-04-10 16:58:00,0,0.06442559,0,0,Sell
2972,GME,2023-04-10 23:23:00,2023-04-10 23:52:00,1,0.9555049,1,1,Buy
6160,GME,2023-04-12 17:09:00,2023-04-12 17:22:00,0,0.059226457,0,0,Sell
2563,GME,2023-04-13 06:40:00,2023-04-13 06:59:00,1,0.90599424,1,1,Buy
6145,GME,2023-04-13 08:54:00,2023-04-13 09:18:00,0,0.9358059,1,0,Buy
8247,GME,2023-04-13 13:38:00,2023-04-13 13:48:00,1,0.9594205,1,1,Buy
8518,GME,2023-04-14 12:20:00,2023-04-14 12:31:00,0,0.09072355,0,0,Sell
9637,GME,2023-04-15 08:53:00,2023-04-15 09:09:00,1,0.4558917,0,1,Hold
5421,GME,2023-04-15 10:32:00,2023-04-15 10:54:00,1,0.9508616,1,1,Buy
8298,GME,2023-04-15 10:36:00,2023-04-15 10:49:00,0,0.62476504,1,0,Buy
4341,GME,2023-04-16 15:30:00,2023-04-16 15:35:00,1,0.94192165,1,1,Buy
9278,GME,2023-04-16 20:43:00,2023-04-16 20:51:00,0,0.6965291,1,0,Buy
3405,GME,2023-04-17 00:25:00,2023-04-17 00:36:00,0,0.14287724,0,0,Sell
8632,GME,2023-04-17 05:02:00,2023-04-17 05:09:00,0,0.07200155,0,0,Sell
4592,GME,2023-04-17 16:40:00,2023-04-17 17:05:00,0,0.06938158,0,0,Sell
8734,GME,2023-04-18 01:59:00,2023-04-18 02:18:00,1,0.9056429,1,1,Buy
1640,GME,2023-04-18 02:12:00,2023-04-18 02:18:00,0,0.30822054,0,0,Sell
2756,GME,2023-04-18 05:26:00,2023-04-18 05:54:00,0,0.41821516,0,0,Hold
7741,GME,2023-04-19 20:53:00,2023-04-19 21:02:00,1,0.9542914,1,1,Buy
7613,GME,2023-04-20 08:06:00,2023-04-20 08:35:00,0,0.09397291,0,0,Sell
5239,GME,2023-04-20 13:43:00,2023-04-20 13:49:00,0,0.043089207,0,0,Sell
5918,GME,2023-04-20 16:30:00,2023-04-20 16:45:00,1,0.92959887,1,1,Buy
8447,GME,2023-04-21 06:42:00,2023-04-21 07:11:00,1,0.4713286,0,1,Hold
3018,GME,2023-04-21 10:36:00,2023-04-21 10:53:00,1,0.05102443,0,1,Sell
9191,GME,2023-04-21 12:08:00,2023-04-21 12:38:00,0,0.048425235,0,0,Sell
7439,GME,2023-04-21 16:42:00,2023-04-21 17:02:00,1,0.9087851,1,1,Buy
3158,GME,2023-04-21 19:18:00,2023-04-21 19:38:00,0,0.052225094,0,0,Sell
6527,GME,2023-04-21 20:15:00,2023-04-21 20:37:00,1,0.923686,1,1,Buy
9142,GME,2023-04-21 21:25:00,2023-04-21 21:50:00,0,0.80304706,1,0,Buy
6223,GME,2023-04-22 23:16:00,2023-04-22 23:25:00,1,0.9455785,1,1,Buy
5875,GME,2023-04-23 01:40:00,2023-04-23 01:46:00,0,0.0731126,0,0,Sell
3058,GME,2023-04-23 04:04:00,2023-04-23 04:13:00,1,0.94591695,1,1,Buy
7287,GME,2023-04-23 06:23:00,2023-04-23 06:37:00,1,0.50717217,1,1,Hold
6397,GME,2023-04-23 10:39:00,2023-04-23 10:48:00,0,0.082260355,0,0,Sell
6040,GME,2023-04-25 03:31:00,2023-04-25 03:47:00,1,0.9169795,1,1,Buy
7598,GME,2023-04-25 06:43:00,2023-04-25 07:10:00,1,0.94397336,1,1,Buy
315,GME,2023-04-26 10:24:00,2023-04-26 10:48:00,1,0.94734967,1,1,Buy
8772,GME,2023-04-26 20:45:00,2023-04-26 20:53:00,0,0.07305256,0,0,Sell
1168,GME,2023-04-26 22:48:00,2023-04-26 23:07:00,0,0.60329366,1,0,Buy
8248,GME,2023-04-27 03:02:00,2023-04-27 03:14:00,1,0.66095674,1,1,Buy
578,GME,2023-04-29 05:45:00,2023-04-29 06:14:00,1,0.9363225,1,1,Buy
715,GME,2023-04-30 00:47:00,2023-04-30 01:05:00,1,0.94561934,1,1,Buy
4890,GME,2023-04-30 09:17:00,2023-04-30 09:43:00,1,0.95263547,1,1,Buy
1606,GME,2023-05-01 23:12:00,2023-05-01 23:24:00,1,0.9668735,1,1,Buy
5208,GME,2023-05-02 02:39:00,2023-05-02 03:04:00,1,0.7233732,1,1,Buy
5830,GME,2023-05-02 06:05:00,2023-05-02 06:24:00,0,0.10951925,0,0,Sell
9639,GME,2023-05-02 08:41:00,2023-05-02 09:01:00,1,0.9447346,1,1,Buy
9074,GME,2023-05-02 11:05:00,2023-05-02 11:28:00,1,0.9535855,1,1,Buy
5301,GME,2023-05-03 02:00:00,2023-05-03 02:29:00,0,0.09947336,0,0,Sell
4163,GME,2023-05-03 02:35:00,2023-05-03 02:50:00,1,0.4553595,0,1,Hold
3985,GME,2023-05-03 09:12:00,2023-05-03 09:22:00,1,0.94742787,1,1,Buy
7594,GME,2023-05-04 01:47:00,2023-05-04 02:16:00,0,0.086550675,0,0,Sell
4181,GME,2023-05-04 05:48:00,2023-05-04 06:02:00,1,0.9305368,1,1,Buy
9029,GME,2023-05-04 09:18:00,2023-05-04 09:39:00,0,0.06007865,0,0,Sell
2798,GME,2023-05-05 06:27:00,2023-05-05 06:52:00,1,0.30759472,0,1,Sell
4836,GME,2023-05-05 17:06:00,2023-05-05 17:36:00,0,0.055410236,0,0,Sell
8034,GME,2023-05-06 02:35:00,2023-05-06 03:01:00,0,0.058351982,0,0,Sell
7863,GME,2023-05-06 08:02:00,2023-05-06 08:18:00,1,0.3289824,0,1,Sell
1704,GME,2023-05-06 18:20:00,2023-05-06 18:44:00,0,0.2676351,0,0,Sell
1488,GME,2023-05-07 01:28:00,2023-05-07 01:36:00,0,0.6100509,1,0,Buy
4236,GME,2023-05-07 12:03:00,2023-05-07 12:29:00,0,0.0606476,0,0,Sell
9908,GME,2023-05-07 14:10:00,2023-05-07 14:15:00,1,0.68364674,1,1,Buy
8620,GME,2023-05-07 21:25:00,2023-05-07 21:48:00,0,0.073000565,0,0,Sell
7769,GME,2023-05-08 10:53:00,2023-05-08 11:20:00,0,0.06334622,0,0,Sell
5945,GME,2023-05-08 11:34:00,2023-05-08 11:41:00,0,0.7615757,1,0,Buy
9707,GME,2023-05-09 02:33:00,2023-05-09 02:40:00,1,0.49046504,0,1,Hold
3570,GME,2023-05-09 02:53:00,2023-05-09 03:04:00,1,0.10715991,0,1,Sell
933,GME,2023-05-09 04:11:00,2023-05-09 04:20:00,1,0.73417026,1,1,Buy
3856,GME,2023-05-10 23:18:00,2023-05-10 23:46:00,0,0.06651681,0,0,Sell
4153,GME,2023-05-12 02:00:00,2023-05-12 02:11:00,0,0.05397853,0,0,Sell
260,GME,2023-05-12 04:00:00,2023-05-12 04:19:00,0,0.06288917,0,0,Sell
5045,GME,2023-05-12 04:05:00,2023-05-12 04:35:00,1,0.8775433,1,1,Buy
3393,GME,2023-05-13 01:59:00,2023-05-13 02:07:00,1,0.90170765,1,1,Buy
9043,GME,2023-05-14 04:06:00,2023-05-14 04:35:00,1,0.9228151,1,1,Buy
8635,GME,2023-05-14 08:39:00,2023-05-14 08:45:00,1,0.945452,1,1,Buy
9398,GME,2023-05-14 11:07:00,2023-05-14 11:13:00,0,0.103670396,0,0,Sell
8524,GME,2023-05-15 03:58:00,2023-05-15 04:18:00,0,0.08416824,0,0,Sell
3761,GME,2023-05-15 05:15:00,2023-05-15 05:42:00,1,0.9198855,1,1,Buy
3558,GME,2023-05-16 21:31:00,2023-05-16 21:50:00,1,0.9071196,1,1,Buy
7322,GME,2023-05-16 21:45:00,2023-05-16 22:05:00,1,0.32593054,0,1,Sell
1539,GME,2023-05-17 14:17:00,2023-05-17 14:46:00,0,0.044194337,0,0,Sell
6943,GME,2023-05-17 18:01:00,2023-05-17 18:29:00,0,0.049249522,0,0,Sell
8653,GME,2023-05-18 02:20:00,2023-05-18 02:44:00,0,0.07964685,0,0,Sell
8990,GME,2023-05-18 05:46:00,2023-05-18 05:54:00,0,0.2548522,0,0,Sell
9547,GME,2023-05-18 06:26:00,2023-05-18 06:36:00,1,0.87606704,1,1,Buy
1939,GME,2023-05-18 06:32:00,2023-05-18 06:37:00,0,0.067061804,0,0,Sell
1689,GME,2023-05-18 07:39:00,2023-05-18 08:01:00,1,0.4484558,0,1,Hold
4774,GME,2023-05-19 05:58:00,2023-05-19 06:09:00,1,0.91778576,1,1,Buy
1374,GME,2023-05-19 12:30:00,2023-05-19 12:53:00,0,0.38356224,0,0,Sell
4717,GME,2023-05-19 16:19:00,2023-05-19 16:44:00,0,0.06502003,0,0,Sell
4708,GME,2023-05-20 02:49:00,2023-05-20 03:18:00,1,0.9303661,1,1,Buy
4472,GME,2023-05-20 16:35:00,2023-05-20 16:45:00,0,0.5896145,1,0,Hold
5202,GME,2023-05-20 21:58:00,2023-05-20 22:12:00,0,0.55365455,1,0,Hold
2865,GME,2023-05-21 11:22:00,2023-05-21 11:37:00,0,0.05906504,0,0,Sell
8073,GME,2023-05-22 11:36:00,2023-05-22 11:58:00,0,0.06439367,0,0,Sell
290,GME,2023-05-22 20:45:00,2023-05-22 20:53:00,1,0.8924112,1,1,Buy
1185,GME,2023-05-23 01:43:00,2023-05-23 02:10:00,1,0.890979,1,1,Buy
2092,GME,2023-05-23 11:02:00,2023-05-23 11:17:00,0,0.073421635,0,0,Sell
7061,GME,2023-05-23 16:41:00,2023-05-23 17:06:00,1,0.9345912,1,1,Buy
7933,GME,2023-05-24 01:59:00,2023-05-24 02:06:00,1,0.30726463,0,1,Sell
1915,GME,2023-05-24 04:02:00,2023-05-24 04:31:00,0,0.086683206,0,0,Sell
4221,GME,2023-05-24 13:00:00,2023-05-24 13:26:00,1,0.94293785,1,1,Buy
2985,GME,2023-05-24 15:33:00,2023-05-24 15:59:00,1,0.5249828,1,1,Hold
1070,GME,2023-05-26 05:53:00,2023-05-26 05:59:00,1,0.92245466,1,1,Buy
2760,GME,2023-05-26 18:42:00,2023-05-26 18:55:00,1,0.94768304,1,1,Buy
6207,GME,2023-05-26 19:22:00,2023-05-26 19:32:00,1,0.9510585,1,1,Buy
1682,GME,2023-05-27 09:09:00,2023-05-27 09:14:00,0,0.08103713,0,0,Sell
3878,GME,2023-05-27 22:15:00,2023-05-27 22:22:00,1,0.4478916,0,1,Hold
9185,GME,2023-05-28 00:46:00,2023-05-28 01:00:00,0,0.2566024,0,0,Sell
5095,GME,2023-05-28 03:01:00,2023-05-28 03:31:00,0,0.05911851,0,0,Sell
9600,GME,2023-05-28 10:13:00,2023-05-28 10:38:00,1,0.28305662,0,1,Sell
1724,GME,2023-05-28 22:23:00,2023-05-28 22:32:00,0,0.047341943,0,0,Sell
673,GME,2023-05-30 03:34:00,2023-05-30 03:48:00,1,0.91262263,1,1,Buy
6146,GME,2023-05-31 09:31:00,2023-05-31 09:42:00,0,0.052671205,0,0,Sell
9033,GME,2023-06-01 04:56:00,2023-06-01 05:23:00,0,0.5560867,1,0,Hold
1193,GME,2023-06-01 08:08:00,2023-06-01 08:38:00,1,0.42244914,0,1,Hold
9111,GME,2023-06-01 09:36:00,2023-06-01 09:44:00,0,0.06313424,0,0,Sell
9618,GME,2023-06-01 17:04:00,2023-06-01 17:27:00,1,0.9374933,1,1,Buy
4409,GME,2023-06-01 19:12:00,2023-06-01 19:41:00,0,0.50692457,1,0,Hold
630,GME,2023-06-01 20:59:00,2023-06-01 21:22:00,1,0.50177664,1,1,Hold
9888,GME,2023-06-01 21:17:00,2023-06-01 21:43:00,1,0.97400427,1,1,Buy
9017,GME,2023-06-02 04:34:00,2023-06-02 04:46:00,1,0.9604142,1,1,Buy
7126,GME,2023-06-02 19:38:00,2023-06-02 19:57:00,1,0.7773612,1,1,Buy
577,GME,2023-06-03 00:12:00,2023-06-03 00:19:00,0,0.16446684,0,0,Sell
2191,GME,2023-06-03 01:37:00,2023-06-03 01:51:00,0,0.13701053,0,0,Sell
2486,GME,2023-06-03 05:24:00,2023-06-03 05:42:00,0,0.049712885,0,0,Sell
2301,GME,2023-06-03 06:02:00,2023-06-03 06:11:00,1,0.88137454,1,1,Buy
5412,GME,2023-06-03 16:19:00,2023-06-03 16:32:00,0,0.03667395,0,0,Sell
4040,GME,2023-06-04 01:12:00,2023-06-04 01:26:00,0,0.052546762,0,0,Sell
4659,GME,2023-06-05 13:59:00,2023-06-05 14:06:00,0,0.057628434,0,0,Sell
6552,GME,2023-06-05 20:04:00,2023-06-05 20:15:00,1,0.9154549,1,1,Buy
5407,GME,2023-06-06 04:33:00,2023-06-06 04:42:00,0,0.30094904,0,0,Sell
1316,GME,2023-06-06 11:56:00,2023-06-06 12:21:00,1,0.91316044,1,1,Buy
3188,GME,2023-06-06 15:34:00,2023-06-06 15:49:00,0,0.079252906,0,0,Sell
8801,GME,2023-06-06 20:21:00,2023-06-06 20:42:00,1,0.94852436,1,1,Buy
1450,GME,2023-06-06 20:38:00,2023-06-06 21:07:00,1,0.9438645,1,1,Buy
2808,GME,2023-06-07 07:26:00,2023-06-07 07:45:00,1,0.6446041,1,1,Buy
1944,GME,2023-06-07 13:00:00,2023-06-07 13:20:00,1,0.10985849,0,1,Sell
1810,GME,2023-06-08 15:29:00,2023-06-08 15:38:00,1,0.9643722,1,1,Buy
8659,GME,2023-06-09 07:53:00,2023-06-09 08:03:00,0,0.43106174,0,0,Hold
1496,GME,2023-06-09 16:06:00,2023-06-09 16:34:00,0,0.643668,1,0,Buy
5992,GME,2023-06-10 16:21:00,2023-06-10 16:50:00,0,0.2927217,0,0,Sell
5056,GME,2023-06-10 20:26:00,2023-06-10 20:48:00,1,0.10412482,0,1,Sell
9503,GME,2023-06-11 23:08:00,2023-06-11 23:28:00,0,0.18573986,0,0,Sell
3306,GME,2023-06-12 05:23:00,2023-06-12 05:44:00,0,0.31367683,0,0,Sell
6350,GME,2023-06-12 08:51:00,2023-06-12 09:00:00,0,0.21764897,0,0,Sell
5041,GME,2023-06-12 22:25:00,2023-06-12 22:44:00,0,0.07391846,0,0,Sell
7795,GME,2023-06-12 23:00:00,2023-06-12 23:10:00,1,0.9352749,1,1,Buy
3285,GME,2023-06-13 16:16:00,2023-06-13 16:41:00,1,0.92001694,1,1,Buy
9479,GME,2023-06-13 23:08:00,2023-06-13 23:18:00,1,0.9563537,1,1,Buy
7120,GME,2023-06-14 09:07:00,2023-06-14 09:31:00,1,0.95461744,1,1,Buy
2644,GME,2023-06-14 11:30:00,2023-06-14 11:37:00,0,0.1585815,0,0,Sell
4105,GME,2023-06-14 16:06:00,2023-06-14 16:24:00,1,0.9524923,1,1,Buy
9893,GME,2023-06-14 16:07:00,2023-06-14 16:24:00,1,0.9473346,1,1,Buy
5200,GME,2023-06-16 00:26:00,2023-06-16 00:38:00,1,0.91496515,1,1,Buy
3826,GME,2023-06-16 02:50:00,2023-06-16 03:02:00,0,0.0984735,0,0,Sell
2960,GME,2023-06-16 05:25:00,2023-06-16 05:33:00,1,0.9406032,1,1,Buy
812,GME,2023-06-16 06:28:00,2023-06-16 06:33:00,1,0.9334988,1,1,Buy
6984,GME,2023-06-16 08:34:00,2023-06-16 08:55:00,0,0.08415482,0,0,Sell
3214,GME,2023-06-17 10:42:00,2023-06-17 10:52:00,0,0.7880454,1,0,Buy
6592,GME,2023-06-17 13:56:00,2023-06-17 14:25:00,1,0.9498051,1,1,Buy
6665,GME,2023-06-17 21:05:00,2023-06-17 21:34:00,0,0.077301264,0,0,Sell
6237,GME,2023-06-18 07:11:00,2023-06-18 07:20:00,1,0.9222615,1,1,Buy
4529,GME,2023-06-19 00:25:00,2023-06-19 00:30:00,0,0.82734424,1,0,Buy
5297,GME,2023-06-19 08:29:00,2023-06-19 08:57:00,1,0.93230075,1,1,Buy
3933,GME,2023-06-19 09:59:00,2023-06-19 10:21:00,0,0.45788604,0,0,Hold
7640,GME,2023-06-19 16:23:00,2023-06-19 16:50:00,0,0.6058259,1,0,Buy
5126,GME,2023-06-19 19:36:00,2023-06-19 20:00:00,0,0.070058495,0,0,Sell
6151,GME,2023-06-20 04:02:00,2023-06-20 04:28:00,0,0.08602955,0,0,Sell
3232,GME,2023-06-20 05:18:00,2023-06-20 05:44:00,0,0.09955458,0,0,Sell
3319,GME,2023-06-20 06:50:00,2023-06-20 07:20:00,1,0.89275074,1,1,Buy
5697,GME,2023-06-20 07:52:00,2023-06-20 08:17:00,0,0.07893507,0,0,Sell
5260,GME,2023-06-20 08:29:00,2023-06-20 08:59:00,1,0.7045215,1,1,Buy
713,GME,2023-06-20 20:56:00,2023-06-20 21:17:00,0,0.06820067,0,0,Sell
7950,GME,2023-06-21 10:00:00,2023-06-21 10:06:00,1,0.9568214,1,1,Buy
609,GME,2023-06-22 12:23:00,2023-06-22 12:39:00,1,0.48478618,0,1,Hold
1880,GME,2023-06-22 12:32:00,2023-06-22 12:58:00,0,0.33673596,0,0,Sell
8720,GME,2023-06-22 14:02:00,2023-06-22 14:07:00,1,0.7160768,1,1,Buy
9363,GME,2023-06-23 10:30:00,2023-06-23 10:52:00,1,0.9391201,1,1,Buy
3895,GME,2023-06-24 08:07:00,2023-06-24 08:35:00,1,0.946137,1,1,Buy
1051,GME,2023-06-25 06:24:00,2023-06-25 06:36:00,1,0.9602633,1,1,Buy
7685,GME,2023-06-25 22:20:00,2023-06-25 22:43:00,1,0.63301814,1,1,Buy
9112,GME,2023-06-26 02:39:00,2023-06-26 02:52:00,0,0.77208114,1,0,Buy
1940,GME,2023-06-26 11:42:00,2023-06-26 12:06:00,0,0.0785169,0,0,Sell
688,GME,2023-06-26 18:09:00,2023-06-26 18:32:00,1,0.9471365,1,1,Buy
935,GME,2023-06-27 15:43:00,2023-06-27 16:08:00,0,0.10287367,0,0,Sell
1189,GME,2023-06-28 03:46:00,2023-06-28 03:59:00,1,0.42988732,0,1,Hold
4392,GME,2023-06-28 21:47:00,2023-06-28 22:12:00,0,0.4550933,0,0,Hold
2314,GME,2023-06-29 02:53:00,2023-06-29 03:07:00,0,0.77971345,1,0,Buy
1167,GME,2023-06-29 04:44:00,2023-06-29 04:56:00,0,0.07406962,0,0,Sell
1150,GME,2023-06-29 07:51:00,2023-06-29 08:10:00,1,0.82045263,1,1,Buy
4887,GME,2023-06-29 21:33:00,2023-06-29 21:45:00,0,0.046909083,0,0,Sell
1333,GME,2023-06-30 10:00:00,2023-06-30 10:22:00,0,0.050411284,0,0,Sell
8035,GME,2023-06-30 21:42:00,2023-06-30 21:53:00,0,0.04920481,0,0,Sell
5845,GME,2023-07-01 05:09:00,2023-07-01 05:19:00,1,0.92852104,1,1,Buy
4394,GME,2023-07-01 10:05:00,2023-07-01 10:11:00,1,0.9163428,1,1,Buy
4838,GME,2023-07-01 16:22:00,2023-07-01 16:46:00,0,0.057897586,0,0,Sell
8514,GME,2023-07-01 18:17:00,2023-07-01 18:32:00,0,0.06196112,0,0,Sell
2203,GME,2023-07-01 23:12:00,2023-07-01 23:29:00,1,0.9540138,1,1,Buy
9818,GME,2023-07-02 09:25:00,2023-07-02 09:33:00,1,0.9535941,1,1,Buy
8335,GME,2023-07-02 16:09:00,2023-07-02 16:27:00,1,0.9445247,1,1,Buy
1279,GME,2023-07-03 02:19:00,2023-07-03 02:39:00,1,0.9103047,1,1,Buy
5379,GME,2023-07-03 05:27:00,2023-07-03 05:51:00,0,0.13955116,0,0,Sell
9422,GME,2023-07-03 06:26:00,2023-07-03 06:38:00,1,0.93214595,1,1,Buy
7370,GME,2023-07-03 16:15:00,2023-07-03 16:41:00,1,0.94996446,1,1,Buy
4504,GME,2023-07-03 23:54:00,2023-07-04 00:00:00,0,0.07755057,0,0,Sell
977,GME,2023-07-05 03:43:00,2023-07-05 04:13:00,1,0.91314906,1,1,Buy
8017,GME,2023-07-05 07:29:00,2023-07-05 07:55:00,1,0.9417817,1,1,Buy
166,GME,2023-07-05 11:09:00,2023-07-05 11:26:00,1,0.94132715,1,1,Buy
1688,GME,2023-07-05 21:58:00,2023-07-05 22:19:00,0,0.65819216,1,0,Buy
691,GME,2023-07-06 00:15:00,2023-07-06 00:25:00,0,0.056007218,0,0,Sell
7343,GME,2023-07-06 08:55:00,2023-07-06 09:22:00,1,0.8960575,1,1,Buy
915,GME,2023-07-06 08:56:00,2023-07-06 09:16:00,0,0.07129523,0,0,Sell
2469,GME,2023-07-06 10:23:00,2023-07-06 10:32:00,1,0.9136449,1,1,Buy
5968,GME,2023-07-06 12:36:00,2023-07-06 12:49:00,1,0.92416716,1,1,Buy
6942,GME,2023-07-06 17:34:00,2023-07-06 17:42:00,1,0.55079883,1,1,Hold
7986,GME,2023-07-06 19:30:00,2023-07-06 19:43:00,1,0.9576431,1,1,Buy
3046,GME,2023-07-07 04:07:00,2023-07-07 04:36:00,1,0.9245199,1,1,Buy
1131,GME,2023-07-07 05:39:00,2023-07-07 06:04:00,0,0.46668097,0,0,Hold
6229,GME,2023-07-07 15:30:00,2023-07-07 15:56:00,0,0.5485685,1,0,Hold
3713,GME,2023-07-07 18:42:00,2023-07-07 19:01:00,0,0.08136305,0,0,Sell
208,GME,2023-07-08 18:36:00,2023-07-08 18:57:00,1,0.91449255,1,1,Buy
9476,GME,2023-07-09 10:12:00,2023-07-09 10:20:00,0,0.058114227,0,0,Sell
5402,GME,2023-07-09 16:50:00,2023-07-09 17:02:00,1,0.93182176,1,1,Buy
3030,GME,2023-07-09 23:11:00,2023-07-09 23:21:00,0,0.088430144,0,0,Sell
4983,GME,2023-07-10 04:05:00,2023-07-10 04:31:00,0,0.06878091,0,0,Sell
1214,GME,2023-07-11 13:11:00,2023-07-11 13:41:00,1,0.94109285,1,1,Buy
4544,GME,2023-07-11 17:12:00,2023-07-11 17:35:00,1,0.7423432,1,1,Buy
3691,GME,2023-07-12 02:30:00,2023-07-12 02:52:00,0,0.08937969,0,0,Sell
6718,GME,2023-07-13 02:14:00,2023-07-13 02:35:00,1,0.47926512,0,1,Hold
4596,GME,2023-07-13 10:38:00,2023-07-13 11:03:00,0,0.6410262,1,0,Buy
6225,GME,2023-07-13 10:56:00,2023-07-13 11:21:00,1,0.20665872,0,1,Sell
8537,GME,2023-07-14 05:53:00,2023-07-14 06:18:00,1,0.46961138,0,1,Hold
8025,GME,2023-07-14 06:23:00,2023-07-14 06:30:00,1,0.928235,1,1,Buy
7804,GME,2023-07-14 19:10:00,2023-07-14 19:27:00,0,0.5012131,1,0,Hold
7604,GME,2023-07-15 18:33:00,2023-07-15 18:39:00,1,0.5584356,1,1,Hold
9192,GME,2023-07-15 21:57:00,2023-07-15 22:16:00,1,0.95686686,1,1,Buy
2735,GME,2023-07-16 00:21:00,2023-07-16 00:35:00,1,0.93376243,1,1,Buy
913,GME,2023-07-17 00:48:00,2023-07-17 01:01:00,1,0.9017221,1,1,Buy
3884,GME,2023-07-17 17:27:00,2023-07-17 17:57:00,0,0.1392897,0,0,Sell
5880,GME,2023-07-18 03:24:00,2023-07-18 03:42:00,1,0.9368236,1,1,Buy
7467,GME,2023-07-18 06:13:00,2023-07-18 06:19:00,0,0.10336033,0,0,Sell
225,GME,2023-07-19 05:46:00,2023-07-19 06:04:00,0,0.08646838,0,0,Sell
5321,GME,2023-07-19 11:01:00,2023-07-19 11:16:00,0,0.5621454,1,0,Hold
7127,GME,2023-07-19 11:11:00,2023-07-19 11:34:00,0,0.53825665,1,0,Hold
3483,GME,2023-07-19 11:34:00,2023-07-19 11:51:00,0,0.05965967,0,0,Sell
6179,GME,2023-07-19 18:51:00,2023-07-19 19:13:00,0,0.051338706,0,0,Sell
7334,GME,2023-07-20 04:23:00,2023-07-20 04:28:00,0,0.06605876,0,0,Sell
4002,GME,2023-07-20 07:45:00,2023-07-20 08:08:00,1,0.8607557,1,1,Buy
196,GME,2023-07-20 10:49:00,2023-07-20 11:01:00,1,0.65172285,1,1,Buy
1296,GME,2023-07-20 20:45:00,2023-07-20 21:15:00,0,0.05545669,0,0,Sell
9630,GME,2023-07-21 11:54:00,2023-07-21 12:22:00,1,0.9269352,1,1,Buy
7005,GME,2023-07-21 16:56:00,2023-07-21 17:20:00,1,0.9745781,1,1,Buy
6937,GME,2023-07-22 02:00:00,2023-07-22 02:23:00,1,0.95554245,1,1,Buy
1565,GME,2023-07-22 23:29:00,2023-07-22 23:42:00,0,0.83996534,1,0,Buy
5820,GME,2023-07-23 16:16:00,2023-07-23 16:45:00,1,0.7699143,1,1,Buy
6980,GME,2023-07-24 01:35:00,2023-07-24 01:48:00,0,0.108441144,0,0,Sell
7083,GME,2023-07-24 15:05:00,2023-07-24 15:34:00,0,0.07427988,0,0,Sell
814,GME,2023-07-25 15:20:00,2023-07-25 15:50:00,0,0.2706151,0,0,Sell
581,GME,2023-07-26 14:41:00,2023-07-26 14:47:00,1,0.4341595,0,1,Hold
3537,GME,2023-07-26 23:31:00,2023-07-26 23:44:00,0,0.30160585,0,0,Sell
3447,GME,2023-07-27 04:22:00,2023-07-27 04:46:00,0,0.05962647,0,0,Sell
606,GME,2023-07-27 06:40:00,2023-07-27 06:53:00,0,0.065669425,0,0,Sell
7631,GME,2023-07-27 08:19:00,2023-07-27 08:27:00,1,0.9027086,1,1,Buy
6628,GME,2023-07-27 09:50:00,2023-07-27 09:59:00,1,0.8898442,1,1,Buy
266,GME,2023-07-27 13:17:00,2023-07-27 13:34:00,0,0.08307907,0,0,Sell
8929,GME,2023-07-27 15:17:00,2023-07-27 15:43:00,0,0.06953702,0,0,Sell
1004,GME,2023-07-27 18:00:00,2023-07-27 18:10:00,1,0.9361759,1,1,Buy
1039,GME,2023-07-27 21:08:00,2023-07-27 21:35:00,0,0.04215676,0,0,Sell
5904,GME,2023-07-27 21:09:00,2023-07-27 21:20:00,0,0.04286549,0,0,Sell
6621,GME,2023-07-28 00:00:00,2023-07-28 00:27:00,0,0.6426494,1,0,Buy
8462,GME,2023-07-28 14:49:00,2023-07-28 15:12:00,0,0.043413203,0,0,Sell
3146,GME,2023-07-29 00:10:00,2023-07-29 00:20:00,0,0.43657783,0,0,Hold
6215,GME,2023-07-29 03:55:00,2023-07-29 04:23:00,1,0.3439106,0,1,Sell
489,GME,2023-07-29 05:46:00,2023-07-29 06:12:00,1,0.8855249,1,1,Buy
6795,GME,2023-07-29 13:00:00,2023-07-29 13:14:00,1,0.9472845,1,1,Buy
744,GME,2023-07-29 15:44:00,2023-07-29 15:55:00,0,0.12658279,0,0,Sell
9903,GME,2023-07-29 19:39:00,2023-07-29 19:44:00,0,0.75404227,1,0,Buy
4506,GME,2023-07-30 15:48:00,2023-07-30 16:16:00,0,0.06788413,0,0,Sell
4365,GME,2023-08-01 18:51:00,2023-08-01 19:15:00,1,0.92421675,1,1,Buy
1155,GME,2023-08-01 20:09:00,2023-08-01 20:33:00,1,0.9301854,1,1,Buy
761,GME,2023-08-02 05:08:00,2023-08-02 05:30:00,1,0.9154832,1,1,Buy
8202,GME,2023-08-02 10:59:00,2023-08-02 11:08:00,1,0.6715518,1,1,Buy
6021,GME,2023-08-02 12:57:00,2023-08-02 13:12:00,0,0.7714273,1,0,Buy
5118,GME,2023-08-05 12:16:00,2023-08-05 12:46:00,0,0.088938184,0,0,Sell
7944,GME,2023-08-05 12:35:00,2023-08-05 12:46:00,0,0.049193267,0,0,Sell
3864,GME,2023-08-05 20:19:00,2023-08-05 20:49:00,0,0.4053578,0,0,Hold
2639,GME,2023-08-06 01:15:00,2023-08-06 01:37:00,1,0.9039,1,1,Buy
2805,GME,2023-08-06 12:32:00,2023-08-06 12:59:00,1,0.9144345,1,1,Buy
3918,GME,2023-08-07 14:21:00,2023-08-07 14:50:00,1,0.94506043,1,1,Buy
7501,GME,2023-08-08 00:16:00,2023-08-08 00:23:00,0,0.09200135,0,0,Sell
7709,GME,2023-08-08 07:14:00,2023-08-08 07:43:00,0,0.07304293,0,0,Sell
8894,GME,2023-08-08 07:33:00,2023-08-08 07:39:00,0,0.8159069,1,0,Buy
8707,GME,2023-08-08 12:48:00,2023-08-08 13:16:00,1,0.93420947,1,1,Buy
6921,GME,2023-08-08 18:41:00,2023-08-08 19:02:00,0,0.37318483,0,0,Sell
1361,GME,2023-08-09 00:51:00,2023-08-09 01:19:00,0,0.095401466,0,0,Sell
8528,GME,2023-08-09 02:36:00,2023-08-09 02:54:00,1,0.51477987,1,1,Hold
1942,GME,2023-08-09 03:31:00,2023-08-09 03:46:00,1,0.4756028,0,1,Hold
8942,GME,2023-08-09 18:43:00,2023-08-09 18:56:00,0,0.051671967,0,0,Sell
1748,GME,2023-08-10 16:43:00,2023-08-10 16:57:00,1,0.3970586,0,1,Sell
1262,GME,2023-08-10 17:28:00,2023-08-10 17:37:00,1,0.9495844,1,1,Buy
9294,GME,2023-08-10 22:34:00,2023-08-10 22:47:00,1,0.9393635,1,1,Buy
3019,GME,2023-08-11 01:55:00,2023-08-11 02:23:00,0,0.55861104,1,0,Hold
5957,GME,2023-08-11 22:38:00,2023-08-11 22:59:00,1,0.9538065,1,1,Buy
7810,GME,2023-08-12 00:56:00,2023-08-12 01:26:00,0,0.91759163,1,0,Buy
1179,GME,2023-08-12 12:14:00,2023-08-12 12:28:00,0,0.08347285,0,0,Sell
8611,GME,2023-08-12 19:20:00,2023-08-12 19:30:00,0,0.060138945,0,0,Sell
5089,GME,2023-08-13 03:23:00,2023-08-13 03:53:00,1,0.92158633,1,1,Buy
2679,GME,2023-08-13 07:06:00,2023-08-13 07:27:00,1,0.36929935,0,1,Sell
2682,GME,2023-08-13 13:37:00,2023-08-13 14:06:00,0,0.3606196,0,0,Sell
9686,GME,2023-08-13 16:32:00,2023-08-13 16:46:00,1,0.9465018,1,1,Buy
4757,GME,2023-08-15 02:16:00,2023-08-15 02:38:00,1,0.41487202,0,1,Hold
9268,GME,2023-08-15 12:30:00,2023-08-15 12:44:00,0,0.27768612,0,0,Sell
8789,GME,2023-08-15 14:18:00,2023-08-15 14:25:00,1,0.96174157,1,1,Buy
6761,GME,2023-08-15 16:32:00,2023-08-15 16:38:00,0,0.13300242,0,0,Sell
959,GME,2023-08-16 03:00:00,2023-08-16 03:13:00,0,0.09042531,0,0,Sell
7603,GME,2023-08-16 08:16:00,2023-08-16 08:35:00,0,0.062419914,0,0,Sell
439,GME,2023-08-16 14:06:00,2023-08-16 14:34:00,0,0.080890775,0,0,Sell
9877,GME,2023-08-16 15:28:00,2023-08-16 15:45:00,0,0.57551414,1,0,Hold
7752,GME,2023-08-17 01:21:00,2023-08-17 01:27:00,0,0.08234023,0,0,Sell
5866,GME,2023-08-17 03:12:00,2023-08-17 03:29:00,1,0.84817153,1,1,Buy
7828,GME,2023-08-17 15:25:00,2023-08-17 15:37:00,1,0.9205174,1,1,Buy
6503,GME,2023-08-17 20:04:00,2023-08-17 20:13:00,0,0.26826403,0,0,Sell
6684,GME,2023-08-18 11:23:00,2023-08-18 11:32:00,0,0.4451815,0,0,Hold
7324,GME,2023-08-18 17:54:00,2023-08-18 18:23:00,1,0.9480174,1,1,Buy
6889,GME,2023-08-18 23:32:00,2023-08-18 23:54:00,1,0.5207222,1,1,Hold
2267,GME,2023-08-19 01:07:00,2023-08-19 01:26:00,1,0.6345631,1,1,Buy
870,GME,2023-08-19 01:41:00,2023-08-19 02:11:00,1,0.935114,1,1,Buy
7834,GME,2023-08-20 04:29:00,2023-08-20 04:55:00,1,0.622726,1,1,Buy
849,GME,2023-08-21 01:57:00,2023-08-21 02:10:00,0,0.09775841,0,0,Sell
8484,GME,2023-08-21 17:17:00,2023-08-21 17:39:00,0,0.4427982,0,0,Hold
5206,GME,2023-08-22 01:43:00,2023-08-22 02:00:00,1,0.8994386,1,1,Buy
108,GME,2023-08-23 14:10:00,2023-08-23 14:24:00,1,0.9167592,1,1,Buy
2663,GME,2023-08-23 14:53:00,2023-08-23 15:09:00,1,0.9263885,1,1,Buy
2890,GME,2023-08-23 21:57:00,2023-08-23 22:06:00,1,0.098708086,0,1,Sell
5677,GME,2023-08-24 06:24:00,2023-08-24 06:37:00,0,0.06430631,0,0,Sell
9587,GME,2023-08-24 17:08:00,2023-08-24 17:13:00,0,0.38890213,0,0,Sell
8966,GME,2023-08-25 07:06:00,2023-08-25 07:36:00,0,0.059906717,0,0,Sell
4448,GME,2023-08-25 19:20:00,2023-08-25 19:37:00,1,0.9320051,1,1,Buy
863,GME,2023-08-25 22:24:00,2023-08-25 22:48:00,1,0.9163855,1,1,Buy
5618,GME,2023-08-26 00:23:00,2023-08-26 00:32:00,1,0.9387921,1,1,Buy
8944,GME,2023-08-27 12:47:00,2023-08-27 13:11:00,0,0.05739894,0,0,Sell
8070,GME,2023-08-27 16:04:00,2023-08-27 16:33:00,0,0.37026623,0,0,Sell
5971,GME,2023-08-27 17:48:00,2023-08-27 18:07:00,1,0.954922,1,1,Buy
7540,GME,2023-08-27 21:45:00,2023-08-27 22:02:00,0,0.03618139,0,0,Sell
9541,GME,2023-08-28 10:41:00,2023-08-28 10:51:00,0,0.050535716,0,0,Sell
9983,GME,2023-08-28 16:03:00,2023-08-28 16:23:00,0,0.052607164,0,0,Sell
1558,GME,2023-08-28 18:56:00,2023-08-28 19:08:00,0,0.39041346,0,0,Sell
2752,GME,2023-08-29 09:52:00,2023-08-29 10:14:00,0,0.056550324,0,0,Sell
9595,GME,2023-08-29 17:35:00,2023-08-29 17:40:00,0,0.35652277,0,0,Sell
5409,GME,2023-08-29 20:17:00,2023-08-29 20:34:00,0,0.046357352,0,0,Sell
9155,GME,2023-08-30 03:47:00,2023-08-30 03:58:00,0,0.07558014,0,0,Sell
6200,GME,2023-08-30 07:23:00,2023-08-30 07:44:00,1,0.8847475,1,1,Buy
9715,GME,2023-08-30 10:57:00,2023-08-30 11:02:00,0,0.067795835,0,0,Sell
1301,GME,2023-08-30 16:40:00,2023-08-30 17:03:00,0,0.044908874,0,0,Sell
1142,GME,2023-09-01 14:34:00,2023-09-01 14:52:00,0,0.045031544,0,0,Sell
694,GME,2023-09-01 18:02:00,2023-09-01 18:22:00,1,0.8978854,1,1,Buy
7167,GME,2023-09-03 02:25:00,2023-09-03 02:48:00,0,0.06581019,0,0,Sell
2789,GME,2023-09-04 02:36:00,2023-09-04 02:54:00,0,0.07818254,0,0,Sell
3020,GME,2023-09-04 11:53:00,2023-09-04 12:09:00,1,0.9176405,1,1,Buy
4320,GME,2023-09-04 22:30:00,2023-09-04 22:43:00,0,0.46663362,0,0,Hold
7384,GME,2023-09-06 01:53:00,2023-09-06 02:03:00,0,0.07472257,0,0,Sell
9711,GME,2023-09-06 03:47:00,2023-09-06 04:08:00,1,0.90379524,1,1,Buy
9872,GME,2023-09-06 06:10:00,2023-09-06 06:38:00,0,0.36467174,0,0,Sell
7332,GME,2023-09-07 04:05:00,2023-09-07 04:24:00,1,0.6017291,1,1,Buy
5561,GME,2023-09-07 20:16:00,2023-09-07 20:34:00,0,0.056740407,0,0,Sell
4295,GME,2023-09-08 06:17:00,2023-09-08 06:34:00,0,0.43086162,0,0,Hold
8887,GME,2023-09-09 09:26:00,2023-09-09 09:36:00,0,0.047947284,0,0,Sell
2404,GME,2023-09-09 22:59:00,2023-09-09 23:11:00,0,0.047652837,0,0,Sell
8727,GME,2023-09-10 12:21:00,2023-09-10 12:28:00,1,0.9109127,1,1,Buy
3843,GME,2023-09-11 13:23:00,2023-09-11 13:42:00,0,0.11753813,0,0,Sell
8179,GME,2023-09-12 01:31:00,2023-09-12 01:45:00,1,0.90356433,1,1,Buy
9859,GME,2023-09-12 11:55:00,2023-09-12 12:10:00,1,0.94774014,1,1,Buy
90,GME,2023-09-12 12:06:00,2023-09-12 12:22:00,0,0.079215005,0,0,Sell
9101,GME,2023-09-12 16:12:00,2023-09-12 16:42:00,1,0.94092387,1,1,Buy
3430,GME,2023-09-12 16:45:00,2023-09-12 16:57:00,1,0.94370395,1,1,Buy
2864,GME,2023-09-13 07:15:00,2023-09-13 07:21:00,0,0.43772173,0,0,Hold
6778,GME,2023-09-14 02:32:00,2023-09-14 02:50:00,1,0.15301223,0,1,Sell
9125,GME,2023-09-14 04:20:00,2023-09-14 04:38:00,0,0.65390044,1,0,Buy
1033,GME,2023-09-14 18:34:00,2023-09-14 18:51:00,1,0.47413966,0,1,Hold
8282,GME,2023-09-15 07:09:00,2023-09-15 07:24:00,0,0.91351336,1,0,Buy
4106,GME,2023-09-15 12:39:00,2023-09-15 12:48:00,0,0.5501243,1,0,Hold
1315,GME,2023-09-15 12:41:00,2023-09-15 13:01:00,0,0.32608262,0,0,Sell
2788,GME,2023-09-16 06:48:00,2023-09-16 07:10:00,1,0.8761895,1,1,Buy
7081,GME,2023-09-16 18:20:00,2023-09-16 18:50:00,0,0.059670523,0,0,Sell
1273,GME,2023-09-17 08:45:00,2023-09-17 09:02:00,1,0.947883,1,1,Buy
9556,GME,2023-09-17 09:04:00,2023-09-17 09:11:00,0,0.086762816,0,0,Sell
144,GME,2023-09-18 15:06:00,2023-09-18 15:21:00,0,0.3457377,0,0,Sell
4853,GME,2023-09-19 05:11:00,2023-09-19 05:16:00,1,0.91947424,1,1,Buy
9289,GME,2023-09-20 11:16:00,2023-09-20 11:41:00,1,0.946924,1,1,Buy
3390,GME,2023-09-20 20:46:00,2023-09-20 21:03:00,1,0.93316996,1,1,Buy
6542,GME,2023-09-20 22:58:00,2023-09-20 23:11:00,0,0.4137118,0,0,Hold
2686,GME,2023-09-22 05:13:00,2023-09-22 05:28:00,1,0.42522308,0,1,Hold
9726,GME,2023-09-23 00:40:00,2023-09-23 01:00:00,0,0.083353855,0,0,Sell
5724,GME,2023-09-23 21:35:00,2023-09-23 22:02:00,1,0.9448159,1,1,Buy
8806,GME,2023-09-24 09:39:00,2023-09-24 10:03:00,0,0.052778278,0,0,Sell
4121,GME,2023-09-25 10:42:00,2023-09-25 11:08:00,1,0.9362616,1,1,Buy
8902,GME,2023-09-26 05:12:00,2023-09-26 05:18:00,1,0.39183614,0,1,Sell
8023,GME,2023-09-26 14:36:00,2023-09-26 14:52:00,0,0.6120269,1,0,Buy
2252,GME,2023-09-26 16:40:00,2023-09-26 16:45:00,0,0.069537945,0,0,Sell
1054,GME,2023-09-27 18:19:00,2023-09-27 18:36:00,0,0.07690933,0,0,Sell
8760,GME,2023-09-27 22:55:00,2023-09-27 23:13:00,1,0.32127577,0,1,Sell
5044,GME,2023-09-28 00:06:00,2023-09-28 00:35:00,0,0.07532253,0,0,Sell
6190,GME,2023-09-28 14:00:00,2023-09-28 14:20:00,0,0.041429255,0,0,Sell
5933,GME,2023-09-29 06:20:00,2023-09-29 06:48:00,1,0.912163,1,1,Buy
7947,GME,2023-09-30 05:05:00,2023-09-30 05:18:00,1,0.94209874,1,1,Buy
2282,GME,2023-10-01 20:28:00,2023-10-01 20:37:00,0,0.070088156,0,0,Sell
7909,GME,2023-10-02 09:43:00,2023-10-02 09:55:00,0,0.42571628,0,0,Hold
7443,GME,2023-10-03 02:47:00,2023-10-03 02:56:00,1,0.90105844,1,1,Buy
1260,GME,2023-10-03 07:16:00,2023-10-03 07:28:00,0,0.49717483,0,0,Hold
6739,GME,2023-10-04 04:20:00,2023-10-04 04:49:00,0,0.7494906,1,0,Buy
7574,GME,2023-10-04 15:50:00,2023-10-04 16:20:00,1,0.07624031,0,1,Sell
2110,GME,2023-10-05 02:22:00,2023-10-05 02:38:00,1,0.9226512,1,1,Buy
8718,GME,2023-10-05 04:08:00,2023-10-05 04:20:00,0,0.12327305,0,0,Sell
1467,GME,2023-10-05 09:48:00,2023-10-05 10:08:00,1,0.9484883,1,1,Buy
6703,GME,2023-10-06 00:31:00,2023-10-06 00:44:00,1,0.94242585,1,1,Buy
1667,GME,2023-10-06 06:22:00,2023-10-06 06:40:00,1,0.937441,1,1,Buy
2060,GME,2023-10-06 13:54:00,2023-10-06 14:17:00,1,0.9520068,1,1,Buy
2132,GME,2023-10-06 17:54:00,2023-10-06 18:15:00,1,0.124839485,0,1,Sell
1042,GME,2023-10-06 21:36:00,2023-10-06 21:49:00,0,0.06936276,0,0,Sell
8558,GME,2023-10-07 06:14:00,2023-10-07 06:43:00,0,0.4318562,0,0,Hold
4323,GME,2023-10-07 10:24:00,2023-10-07 10:51:00,0,0.058074694,0,0,Sell
6004,GME,2023-10-07 14:26:00,2023-10-07 14:53:00,1,0.9380388,1,1,Buy
7199,GME,2023-10-07 14:46:00,2023-10-07 15:00:00,1,0.2732957,0,1,Sell
3077,GME,2023-10-07 16:02:00,2023-10-07 16:19:00,0,0.29137266,0,0,Sell
7175,GME,2023-10-07 21:08:00,2023-10-07 21:35:00,0,0.06986215,0,0,Sell
2803,GME,2023-10-07 23:16:00,2023-10-07 23:35:00,0,0.057000037,0,0,Sell
5046,GME,2023-10-08 01:26:00,2023-10-08 01:37:00,1,0.9360657,1,1,Buy
6477,GME,2023-10-08 18:43:00,2023-10-08 19:00:00,0,0.055964958,0,0,Sell
9520,GME,2023-10-09 03:06:00,2023-10-09 03:19:00,0,0.07242258,0,0,Sell
8946,GME,2023-10-09 10:07:00,2023-10-09 10:16:00,1,0.41512448,0,1,Hold
6266,GME,2023-10-09 15:54:00,2023-10-09 16:22:00,1,0.930906,1,1,Buy
3252,GME,2023-10-09 19:32:00,2023-10-09 20:01:00,1,0.50249535,1,1,Hold
776,GME,2023-10-10 16:37:00,2023-10-10 17:03:00,1,0.3900391,0,1,Sell
8555,GME,2023-10-11 06:43:00,2023-10-11 07:05:00,0,0.10523736,0,0,Sell
3869,GME,2023-10-11 19:19:00,2023-10-11 19:43:00,1,0.50371826,1,1,Hold
1140,GME,2023-10-12 23:28:00,2023-10-12 23:52:00,1,0.9581106,1,1,Buy
4781,GME,2023-10-13 03:25:00,2023-10-13 03:46:00,0,0.09111418,0,0,Sell
36,GME,2023-10-13 05:39:00,2023-10-13 05:58:00,1,0.9275792,1,1,Buy
505,GME,2023-10-13 21:38:00,2023-10-13 22:01:00,1,0.263392,0,1,Sell
5861,GME,2023-10-14 01:39:00,2023-10-14 01:56:00,0,0.08538963,0,0,Sell
9831,GME,2023-10-14 06:28:00,2023-10-14 06:50:00,1,0.555216,1,1,Hold
5211,GME,2023-10-14 19:37:00,2023-10-14 19:57:00,0,0.07103106,0,0,Sell
4816,GME,2023-10-15 09:03:00,2023-10-15 09:14:00,1,0.94592077,1,1,Buy
9546,GME,2023-10-16 07:13:00,2023-10-16 07:35:00,0,0.7223741,1,0,Buy
480,GME,2023-10-16 09:59:00,2023-10-16 10:04:00,0,0.0776293,0,0,Sell
2836,GME,2023-10-16 20:50:00,2023-10-16 21:03:00,0,0.9399563,1,0,Buy
1714,GME,2023-10-17 02:31:00,2023-10-17 02:47:00,0,0.10438604,0,0,Sell
2755,GME,2023-10-17 09:03:00,2023-10-17 09:16:00,1,0.39104098,0,1,Sell
2593,GME,2023-10-17 14:45:00,2023-10-17 15:14:00,0,0.0573792,0,0,Sell
9292,GME,2023-10-17 16:29:00,2023-10-17 16:59:00,1,0.94664097,1,1,Buy
4518,GME,2023-10-18 22:23:00,2023-10-18 22:49:00,0,0.9509516,1,0,Buy
4871,GME,2023-10-19 19:45:00,2023-10-19 19:53:00,1,0.9586621,1,1,Buy
6135,GME,2023-10-20 21:37:00,2023-10-20 21:42:00,1,0.96006507,1,1,Buy
4290,GME,2023-10-20 22:01:00,2023-10-20 22:31:00,0,0.15928724,0,0,Sell
142,GME,2023-10-20 23:40:00,2023-10-20 23:59:00,0,0.5623347,1,0,Hold
2902,GME,2023-10-21 01:40:00,2023-10-21 02:02:00,1,0.53690475,1,1,Hold
5390,GME,2023-10-22 06:22:00,2023-10-22 06:38:00,0,0.3994481,0,0,Sell
7676,GME,2023-10-22 12:05:00,2023-10-22 12:29:00,1,0.94957906,1,1,Buy
9413,GME,2023-10-22 19:33:00,2023-10-22 20:01:00,1,0.19662997,0,1,Sell
477,GME,2023-10-22 19:40:00,2023-10-22 19:55:00,1,0.53899026,1,1,Hold
7157,GME,2023-10-23 15:25:00,2023-10-23 15:41:00,0,0.0805818,0,0,Sell
735,GME,2023-10-23 16:49:00,2023-10-23 17:12:00,0,0.354571,0,0,Sell
3426,GME,2023-10-24 01:08:00,2023-10-24 01:17:00,0,0.3883959,0,0,Sell
3956,GME,2023-10-24 23:05:00,2023-10-24 23:14:00,1,0.3358255,0,1,Sell
48,GME,2023-10-25 00:39:00,2023-10-25 00:59:00,0,0.0797327,0,0,Sell
3917,GME,2023-10-27 11:45:00,2023-10-27 11:59:00,0,0.42985904,0,0,Hold
4769,GME,2023-10-27 21:40:00,2023-10-27 21:48:00,1,0.915776,1,1,Buy
2866,GME,2023-10-27 21:47:00,2023-10-27 22:16:00,0,0.07707665,0,0,Sell
2216,GME,2023-10-27 22:40:00,2023-10-27 23:05:00,0,0.07628161,0,0,Sell
4809,GME,2023-10-29 00:53:00,2023-10-29 01:03:00,1,0.9302636,1,1,Buy
7525,GME,2023-10-29 02:40:00,2023-10-29 02:46:00,1,0.08462992,0,1,Sell
4434,GME,2023-10-30 11:08:00,2023-10-30 11:32:00,1,0.5336906,1,1,Hold
2021,GME,2023-10-30 19:50:00,2023-10-30 19:56:00,0,0.08702262,0,0,Sell
9198,GME,2023-10-31 11:01:00,2023-10-31 11:28:00,0,0.51699615,1,0,Hold
4796,GME,2023-10-31 14:55:00,2023-10-31 15:08:00,1,0.9173824,1,1,Buy
4287,GME,2023-10-31 17:41:00,2023-10-31 18:09:00,0,0.08827335,0,0,Sell
5650,GME,2023-11-01 07:37:00,2023-11-01 08:05:00,0,0.3908023,0,0,Sell
54,GME,2023-11-01 12:53:00,2023-11-01 13:17:00,0,0.19562839,0,0,Sell
4046,GME,2023-11-01 17:16:00,2023-11-01 17:46:00,0,0.075405866,0,0,Sell
399,GME,2023-11-02 00:39:00,2023-11-02 00:44:00,0,0.09024497,0,0,Sell
9768,GME,2023-11-02 05:12:00,2023-11-02 05:40:00,1,0.9333666,1,1,Buy
2153,GME,2023-11-02 08:29:00,2023-11-02 08:59:00,0,0.0797433,0,0,Sell
8221,GME,2023-11-03 04:57:00,2023-11-03 05:14:00,1,0.9290784,1,1,Buy
8477,GME,2023-11-03 06:56:00,2023-11-03 07:17:00,0,0.08197719,0,0,Sell
2417,GME,2023-11-03 09:15:00,2023-11-03 09:37:00,0,0.05362219,0,0,Sell
1278,GME,2023-11-05 08:50:00,2023-11-05 09:10:00,0,0.40964493,0,0,Hold
9262,GME,2023-11-05 14:05:00,2023-11-05 14:32:00,1,0.39475286,0,1,Sell
1428,GME,2023-11-05 14:20:00,2023-11-05 14:46:00,1,0.9227471,1,1,Buy
5221,GME,2023-11-06 14:22:00,2023-11-06 14:51:00,0,0.27964228,0,0,Sell
9012,GME,2023-11-06 15:16:00,2023-11-06 15:22:00,0,0.07368533,0,0,Sell
1754,GME,2023-11-07 03:38:00,2023-11-07 04:00:00,1,0.91637725,1,1,Buy
4628,GME,2023-11-07 18:30:00,2023-11-07 18:46:00,1,0.95591074,1,1,Buy
1431,GME,2023-11-08 05:15:00,2023-11-08 05:45:00,0,0.10403869,0,0,Sell
698,GME,2023-11-08 15:05:00,2023-11-08 15:28:00,0,0.061839018,0,0,Sell
3289,GME,2023-11-08 17:56:00,2023-11-08 18:19:00,0,0.0956105,0,0,Sell
1065,GME,2023-11-09 09:03:00,2023-11-09 09:29:00,0,0.39305234,0,0,Sell
6079,GME,2023-11-09 11:53:00,2023-11-09 12:21:00,0,0.4483355,0,0,Hold
428,GME,2023-11-09 14:17:00,2023-11-09 14:33:00,1,0.869625,1,1,Buy
891,GME,2023-11-09 15:47:00,2023-11-09 16:13:00,1,0.9083456,1,1,Buy
4732,GME,2023-11-10 03:31:00,2023-11-10 03:40:00,0,0.40335566,0,0,Hold
3164,GME,2023-11-10 13:51:00,2023-11-10 14:14:00,0,0.09091831,0,0,Sell
823,GME,2023-11-11 10:15:00,2023-11-11 10:37:00,0,0.078270234,0,0,Sell
6291,GME,2023-11-12 04:03:00,2023-11-12 04:24:00,1,0.3554481,0,1,Sell
4139,GME,2023-11-12 07:14:00,2023-11-12 07:32:00,0,0.059482306,0,0,Sell
2078,GME,2023-11-12 13:02:00,2023-11-12 13:24:00,1,0.94102085,1,1,Buy
6240,GME,2023-11-13 12:26:00,2023-11-13 12:55:00,1,0.806089,1,1,Buy
3237,GME,2023-11-15 05:19:00,2023-11-15 05:28:00,1,0.43784204,0,1,Hold
8463,GME,2023-11-15 08:34:00,2023-11-15 08:59:00,0,0.06439428,0,0,Sell
8831,GME,2023-11-15 16:12:00,2023-11-15 16:22:00,1,0.46104005,0,1,Hold
6042,GME,2023-11-16 01:11:00,2023-11-16 01:20:00,1,0.4222951,0,1,Hold
3886,GME,2023-11-16 16:15:00,2023-11-16 16:34:00,0,0.058349118,0,0,Sell
6716,GME,2023-11-16 21:37:00,2023-11-16 21:52:00,1,0.95178384,1,1,Buy
8358,GME,2023-11-17 02:50:00,2023-11-17 03:15:00,0,0.5785592,1,0,Hold
2050,GME,2023-11-18 08:47:00,2023-11-18 09:08:00,0,0.49768323,0,0,Hold
5941,GME,2023-11-18 10:47:00,2023-11-18 10:59:00,0,0.92330587,1,0,Buy
2922,GME,2023-11-18 12:16:00,2023-11-18 12:25:00,0,0.06386856,0,0,Sell
5231,GME,2023-11-18 13:14:00,2023-11-18 13:29:00,1,0.40035048,0,1,Hold
9222,GME,2023-11-18 14:18:00,2023-11-18 14:35:00,1,0.3444047,0,1,Sell
3130,GME,2023-11-18 17:58:00,2023-11-18 18:25:00,1,0.91333586,1,1,Buy
8542,GME,2023-11-19 06:35:00,2023-11-19 07:04:00,1,0.93654484,1,1,Buy
124,GME,2023-11-19 15:07:00,2023-11-19 15:22:00,0,0.05705902,0,0,Sell
5766,GME,2023-11-20 03:16:00,2023-11-20 03:34:00,1,0.92499894,1,1,Buy
8680,GME,2023-11-20 10:18:00,2023-11-20 10:27:00,0,0.11551448,0,0,Sell
5721,GME,2023-11-20 16:05:00,2023-11-20 16:23:00,0,0.0849345,0,0,Sell
3656,GME,2023-11-21 04:47:00,2023-11-21 05:14:00,1,0.3013453,0,1,Sell
2618,GME,2023-11-21 20:17:00,2023-11-21 20:43:00,0,0.08682922,0,0,Sell
623,GME,2023-11-22 12:22:00,2023-11-22 12:50:00,0,0.31510815,0,0,Sell
4829,GME,2023-11-23 12:43:00,2023-11-23 12:49:00,0,0.053486,0,0,Sell
8485,GME,2023-11-24 01:36:00,2023-11-24 01:41:00,1,0.9161441,1,1,Buy
392,GME,2023-11-24 06:50:00,2023-11-24 06:59:00,0,0.49501094,0,0,Hold
5814,GME,2023-11-25 01:36:00,2023-11-25 01:52:00,0,0.092869416,0,0,Sell
9417,GME,2023-11-25 04:38:00,2023-11-25 04:51:00,0,0.33139905,0,0,Sell
9894,GME,2023-11-26 04:56:00,2023-11-26 05:20:00,0,0.06867985,0,0,Sell
4770,GME,2023-11-26 05:43:00,2023-11-26 06:00:00,0,0.04694676,0,0,Sell
6148,GME,2023-11-26 18:16:00,2023-11-26 18:27:00,0,0.042003166,0,0,Sell
326,GME,2023-11-26 19:25:00,2023-11-26 19:40:00,1,0.91036415,1,1,Buy
9998,GME,2023-11-27 04:04:00,2023-11-27 04:14:00,1,0.75631565,1,1,Buy
7050,GME,2023-11-27 07:32:00,2023-11-27 07:45:00,1,0.9264553,1,1,Buy
2947,GME,2023-11-27 14:23:00,2023-11-27 14:38:00,1,0.8115245,1,1,Buy
5232,GME,2023-11-27 14:44:00,2023-11-27 14:59:00,1,0.97346514,1,1,Buy
5014,GME,2023-11-28 02:11:00,2023-11-28 02:39:00,0,0.15758395,0,0,Sell
4234,GME,2023-11-28 09:15:00,2023-11-28 09:37:00,1,0.96259797,1,1,Buy
2815,GME,2023-11-29 03:12:00,2023-11-29 03:41:00,1,0.8473427,1,1,Buy
3767,GME,2023-11-29 04:07:00,2023-11-29 04:12:00,1,0.7119128,1,1,Buy
9157,GME,2023-11-30 04:29:00,2023-11-30 04:44:00,0,0.087899506,0,0,Sell
2713,GME,2023-11-30 06:50:00,2023-11-30 07:16:00,0,0.07951833,0,0,Sell
8876,GME,2023-11-30 08:00:00,2023-11-30 08:29:00,0,0.06644065,0,0,Sell
3458,GME,2023-11-30 18:55:00,2023-11-30 19:17:00,0,0.349715,0,0,Sell
7514,GME,2023-11-30 22:07:00,2023-11-30 22:15:00,0,0.040721297,0,0,Sell
2698,GME,2023-11-30 23:30:00,2023-11-30 23:53:00,1,0.9157704,1,1,Buy
237,GME,2023-12-01 10:41:00,2023-12-01 10:47:00,0,0.055195585,0,0,Sell
413,GME,2023-12-03 11:56:00,2023-12-03 12:03:00,1,0.26455882,0,1,Sell
3791,GME,2023-12-03 14:55:00,2023-12-03 15:25:00,1,0.91922003,1,1,Buy
198,GME,2023-12-05 14:21:00,2023-12-05 14:27:00,0,0.08303115,0,0,Sell
9993,GME,2023-12-05 16:32:00,2023-12-05 16:51:00,1,0.94455904,1,1,Buy
9242,GME,2023-12-05 19:27:00,2023-12-05 19:38:00,0,0.5833244,1,0,Hold
6794,GME,2023-12-06 10:50:00,2023-12-06 11:16:00,1,0.87377155,1,1,Buy
6153,GME,2023-12-06 12:37:00,2023-12-06 13:02:00,0,0.08562438,0,0,Sell
2251,GME,2023-12-07 03:37:00,2023-12-07 03:57:00,1,0.91831094,1,1,Buy
2819,GME,2023-12-07 09:16:00,2023-12-07 09:23:00,0,0.32853055,0,0,Sell
9779,GME,2023-12-07 17:38:00,2023-12-07 18:08:00,1,0.76376987,1,1,Buy
52,GME,2023-12-07 19:16:00,2023-12-07 19:22:00,1,0.09636635,0,1,Sell
6933,GME,2023-12-09 06:13:00,2023-12-09 06:42:00,1,0.84848505,1,1,Buy
381,GME,2023-12-09 10:22:00,2023-12-09 10:51:00,0,0.043052625,0,0,Sell
2436,GME,2023-12-09 17:20:00,2023-12-09 17:29:00,0,0.06882309,0,0,Sell
1629,GME,2023-12-10 06:44:00,2023-12-10 07:00:00,0,0.22858004,0,0,Sell
7103,GME,2023-12-10 11:01:00,2023-12-10 11:19:00,1,0.9046042,1,1,Buy
4318,GME,2023-12-11 01:05:00,2023-12-11 01:34:00,1,0.08705153,0,1,Sell
1376,GME,2023-12-11 02:21:00,2023-12-11 02:39:00,1,0.91706216,1,1,Buy
7815,GME,2023-12-11 03:49:00,2023-12-11 03:54:00,0,0.098319165,0,0,Sell
7106,GME,2023-12-11 11:23:00,2023-12-11 11:53:00,0,0.10426582,0,0,Sell
6157,GME,2023-12-11 16:10:00,2023-12-11 16:35:00,1,0.95008725,1,1,Buy
1451,GME,2023-12-11 22:10:00,2023-12-11 22:19:00,1,0.9553577,1,1,Buy
9019,GME,2023-12-12 09:06:00,2023-12-12 09:29:00,0,0.06527436,0,0,Sell
9451,GME,2023-12-12 10:45:00,2023-12-12 10:57:00,0,0.5505669,1,0,Hold
9491,GME,2023-12-12 17:32:00,2023-12-12 17:39:00,0,0.088061444,0,0,Sell
4431,GME,2023-12-13 17:44:00,2023-12-13 18:14:00,0,0.06889938,0,0,Sell
8892,GME,2023-12-13 20:16:00,2023-12-13 20:22:00,0,0.6931687,1,0,Buy
4537,GME,2023-12-14 12:04:00,2023-12-14 12:19:00,0,0.051415905,0,0,Sell
1879,GME,2023-12-14 12:41:00,2023-12-14 12:55:00,0,0.053915825,0,0,Sell
1272,GME,2023-12-14 18:42:00,2023-12-14 19:05:00,1,0.914992,1,1,Buy
4930,GME,2023-12-14 19:02:00,2023-12-14 19:29:00,1,0.93988603,1,1,Buy
181,GME,2023-12-15 20:04:00,2023-12-15 20:29:00,1,0.38885656,0,1,Sell
3327,GME,2023-12-17 02:23:00,2023-12-17 02:47:00,0,0.05765338,0,0,Sell
8026,GME,2023-12-18 00:32:00,2023-12-18 00:49:00,1,0.90393716,1,1,Buy
168,GME,2023-12-18 23:03:00,2023-12-18 23:24:00,1,0.9616876,1,1,Buy
7575,GME,2023-12-20 12:02:00,2023-12-20 12:22:00,1,0.95019734,1,1,Buy
1448,GME,2023-12-20 17:31:00,2023-12-20 17:47:00,1,0.96025497,1,1,Buy
8859,GME,2023-12-21 07:46:00,2023-12-21 08:02:00,0,0.12811376,0,0,Sell
9488,GME,2023-12-21 21:08:00,2023-12-21 21:37:00,1,0.6795504,1,1,Buy
876,GME,2023-12-22 06:28:00,2023-12-22 06:33:00,0,0.08104739,0,0,Sell
2257,GME,2023-12-22 11:44:00,2023-12-22 12:10:00,1,0.90381235,1,1,Buy
8172,GME,2023-12-22 16:39:00,2023-12-22 17:00:00,1,0.9234249,1,1,Buy
2297,GME,2023-12-22 16:49:00,2023-12-22 17:09:00,0,0.08755988,0,0,Sell
1959,GME,2023-12-22 19:51:00,2023-12-22 20:16:00,1,0.9429897,1,1,Buy
8243,GME,2023-12-22 23:46:00,2023-12-22 23:54:00,0,0.49245763,0,0,Hold
845,GME,2023-12-23 09:21:00,2023-12-23 09:36:00,1,0.6520256,1,1,Buy
7096,GME,2023-12-23 13:00:00,2023-12-23 13:22:00,1,0.95176077,1,1,Buy
8372,GME,2023-12-23 17:24:00,2023-12-23 17:53:00,1,0.95618695,1,1,Buy
7518,GME,2023-12-24 00:01:00,2023-12-24 00:10:00,0,0.09369861,0,0,Sell
3938,GME,2023-12-24 06:13:00,2023-12-24 06:36:00,1,0.9421321,1,1,Buy
3364,GME,2023-12-24 12:31:00,2023-12-24 12:53:00,1,0.9457894,1,1,Buy
191,GME,2023-12-24 23:46:00,2023-12-25 00:13:00,1,0.8101276,1,1,Buy
7014,GME,2023-12-25 08:35:00,2023-12-25 08:56:00,1,0.9161787,1,1,Buy
3872,GME,2023-12-25 23:53:00,2023-12-26 00:13:00,1,0.7505267,1,1,Buy
871,GME,2023-12-26 07:20:00,2023-12-26 07:28:00,0,0.57014924,1,0,Hold
1288,GME,2023-12-26 21:25:00,2023-12-26 21:30:00,0,0.8573399,1,0,Buy
5906,GME,2023-12-27 05:46:00,2023-12-27 06:07:00,1,0.56827,1,1,Hold
7808,GME,2023-12-27 07:37:00,2023-12-27 07:42:00,1,0.93479365,1,1,Buy
6301,GME,2023-12-27 15:31:00,2023-12-27 15:51:00,1,0.9417725,1,1,Buy
7001,GME,2023-12-27 17:38:00,2023-12-27 17:54:00,0,0.11132534,0,0,Sell
2654,GME,2023-12-28 06:14:00,2023-12-28 06:35:00,1,0.101194054,0,1,Sell
604,GME,2023-12-29 04:09:00,2023-12-29 04:29:00,0,0.59491783,1,0,Hold
772,GME,2023-12-29 06:45:00,2023-12-29 06:59:00,1,0.9284275,1,1,Buy
3384,GME,2023-12-29 09:07:00,2023-12-29 09:12:00,1,0.86192715,1,1,Buy
3840,GME,2023-12-29 16:20:00,2023-12-29 16:46:00,0,0.059335083,0,0,Sell
5086,GME,2023-12-30 02:28:00,2023-12-30 02:49:00,1,0.9284857,1,1,Buy
8111,GME,2023-12-30 19:48:00,2023-12-30 20:11:00,0,0.406082,0,0,Hold
2927,GME,2023-12-31 05:25:00,2023-12-31 05:54:00,1,0.9268282,1,1,Buy
4440,GME,2023-12-31 09:20:00,2023-12-31 09:27:00,1,0.9484738,1,1,Buy
3048,GME,2023-12-31 12:05:00,2023-12-31 12:34:00,0,0.67225015,1,0,Buy
2291,GME,2023-12-31 14:04:00,2023-12-31 14:32:00,0,0.3284831,0,0,Sell
113,GME,2023-12-31 16:32:00,2023-12-31 16:50:00,1,0.9618849,1,1,Buy
8573,GME,2023-12-31 17:05:00,2023-12-31 17:10:00,0,0.11964659,0,0,Sell
589,GME,2024-01-01 12:05:00,2024-01-01 12:34:00,0,0.814675,1,0,Buy
4635,GME,2024-01-01 14:55:00,2024-01-01 15:00:00,0,0.5652787,1,0,Hold
7641,GME,2024-01-01 23:44:00,2024-01-02 00:06:00,1,0.9532323,1,1,Buy
5590,MSFT,2023-01-01 13:49:00,2023-01-01 13:59:00,0,0.047481783,0,0,Sell
2482,MSFT,2023-01-01 18:12:00,2023-01-01 18:19:00,0,0.24646726,0,0,Sell
2266,MSFT,2023-01-02 22:56:00,2023-01-02 23:10:00,1,0.93165505,1,1,Buy
9860,MSFT,2023-01-03 01:00:00,2023-01-03 01:20:00,0,0.8784667,1,0,Buy
6020,MSFT,2023-01-03 03:04:00,2023-01-03 03:22:00,1,0.31526083,0,1,Sell
9662,MSFT,2023-01-03 17:45:00,2023-01-03 18:10:00,0,0.35496366,0,0,Sell
6792,MSFT,2023-01-04 05:14:00,2023-01-04 05:43:00,1,0.7103568,1,1,Buy
4928,MSFT,2023-01-04 22:05:00,2023-01-04 22:26:00,0,0.06970817,0,0,Sell
7362,MSFT,2023-01-06 01:32:00,2023-01-06 01:39:00,1,0.91829455,1,1,Buy
5253,MSFT,2023-01-06 11:00:00,2023-01-06 11:25:00,1,0.34138024,0,1,Sell
5026,MSFT,2023-01-06 18:36:00,2023-01-06 18:53:00,0,0.0703378,0,0,Sell
1037,MSFT,2023-01-07 02:19:00,2023-01-07 02:30:00,0,0.41164392,0,0,Hold
3944,MSFT,2023-01-07 04:22:00,2023-01-07 04:35:00,1,0.9294525,1,1,Buy
1190,MSFT,2023-01-07 10:11:00,2023-01-07 10:22:00,0,0.062799454,0,0,Sell
3452,MSFT,2023-01-07 21:52:00,2023-01-07 22:10:00,0,0.041751977,0,0,Sell
5997,MSFT,2023-01-08 02:04:00,2023-01-08 02:22:00,1,0.916816,1,1,Buy
9069,MSFT,2023-01-08 08:24:00,2023-01-08 08:32:00,0,0.19851007,0,0,Sell
5384,MSFT,2023-01-09 01:07:00,2023-01-09 01:24:00,0,0.10441599,0,0,Sell
7466,MSFT,2023-01-09 04:46:00,2023-01-09 05:14:00,1,0.28556693,0,1,Sell
658,MSFT,2023-01-10 11:45:00,2023-01-10 12:03:00,0,0.2769092,0,0,Sell
8783,MSFT,2023-01-11 21:48:00,2023-01-11 22:03:00,1,0.84509164,1,1,Buy
9081,MSFT,2023-01-12 08:01:00,2023-01-12 08:19:00,0,0.06554079,0,0,Sell
7788,MSFT,2023-01-12 20:35:00,2023-01-12 20:42:00,1,0.3057293,0,1,Sell
1427,MSFT,2023-01-13 01:07:00,2023-01-13 01:37:00,0,0.07024758,0,0,Sell
374,MSFT,2023-01-13 09:19:00,2023-01-13 09:33:00,0,0.2605225,0,0,Sell
5175,MSFT,2023-01-13 22:48:00,2023-01-13 22:57:00,1,0.9397078,1,1,Buy
1615,MSFT,2023-01-13 23:52:00,2023-01-14 00:02:00,0,0.09746184,0,0,Sell
4910,MSFT,2023-01-14 07:01:00,2023-01-14 07:20:00,1,0.3855384,0,1,Sell
663,MSFT,2023-01-14 22:25:00,2023-01-14 22:37:00,1,0.64001507,1,1,Buy
981,MSFT,2023-01-15 18:47:00,2023-01-15 19:17:00,0,0.0646201,0,0,Sell
8750,MSFT,2023-01-16 10:02:00,2023-01-16 10:31:00,1,0.5925775,1,1,Hold
5385,MSFT,2023-01-16 10:27:00,2023-01-16 10:44:00,0,0.06451792,0,0,Sell
5295,MSFT,2023-01-16 22:03:00,2023-01-16 22:09:00,0,0.5229705,1,0,Hold
9954,MSFT,2023-01-17 10:53:00,2023-01-17 11:14:00,1,0.1273205,0,1,Sell
1342,MSFT,2023-01-17 15:54:00,2023-01-17 16:20:00,0,0.06385207,0,0,Sell
261,MSFT,2023-01-17 23:48:00,2023-01-18 00:02:00,0,0.049106345,0,0,Sell
8910,MSFT,2023-01-18 10:12:00,2023-01-18 10:38:00,0,0.325521,0,0,Sell
8709,MSFT,2023-01-18 17:23:00,2023-01-18 17:32:00,1,0.91742796,1,1,Buy
5486,MSFT,2023-01-18 19:55:00,2023-01-18 20:12:00,0,0.07311024,0,0,Sell
5210,MSFT,2023-01-18 20:51:00,2023-01-18 21:10:00,1,0.96589816,1,1,Buy
6914,MSFT,2023-01-19 03:01:00,2023-01-19 03:25:00,1,0.9492203,1,1,Buy
7862,MSFT,2023-01-19 09:46:00,2023-01-19 10:11:00,0,0.14669739,0,0,Sell
7934,MSFT,2023-01-20 09:36:00,2023-01-20 09:44:00,1,0.9541388,1,1,Buy
277,MSFT,2023-01-22 01:44:00,2023-01-22 02:00:00,0,0.12868755,0,0,Sell
4563,MSFT,2023-01-22 14:26:00,2023-01-22 14:46:00,0,0.52283007,1,0,Hold
2099,MSFT,2023-01-22 22:07:00,2023-01-22 22:29:00,1,0.9391729,1,1,Buy
1727,MSFT,2023-01-23 06:02:00,2023-01-23 06:32:00,0,0.5194526,1,0,Hold
5761,MSFT,2023-01-23 11:43:00,2023-01-23 12:05:00,0,0.080431856,0,0,Sell
2511,MSFT,2023-01-23 23:21:00,2023-01-23 23:48:00,0,0.07013661,0,0,Sell
8976,MSFT,2023-01-23 23:41:00,2023-01-24 00:08:00,1,0.38387218,0,1,Sell
1253,MSFT,2023-01-25 03:43:00,2023-01-25 03:50:00,0,0.33787453,0,0,Sell
9534,MSFT,2023-01-25 11:53:00,2023-01-25 12:00:00,1,0.6148289,1,1,Buy
6543,MSFT,2023-01-26 06:09:00,2023-01-26 06:34:00,0,0.070759684,0,0,Sell
8194,MSFT,2023-01-26 10:49:00,2023-01-26 11:11:00,1,0.9159893,1,1,Buy
1807,MSFT,2023-01-27 02:03:00,2023-01-27 02:10:00,0,0.32657716,0,0,Sell
1994,MSFT,2023-01-27 11:03:00,2023-01-27 11:10:00,1,0.9445114,1,1,Buy
631,MSFT,2023-01-28 09:57:00,2023-01-28 10:16:00,0,0.05764111,0,0,Sell
7967,MSFT,2023-01-29 05:23:00,2023-01-29 05:50:00,0,0.9089686,1,0,Buy
5005,MSFT,2023-01-29 09:40:00,2023-01-29 10:08:00,1,0.9161755,1,1,Buy
7283,MSFT,2023-01-29 16:36:00,2023-01-29 16:57:00,0,0.04873218,0,0,Sell
1977,MSFT,2023-01-30 06:59:00,2023-01-30 07:20:00,0,0.29762113,0,0,Sell
8830,MSFT,2023-01-30 17:08:00,2023-01-30 17:33:00,1,0.9316112,1,1,Buy
3909,MSFT,2023-01-30 18:03:00,2023-01-30 18:29:00,1,0.55059826,1,1,Hold
4692,MSFT,2023-01-30 22:47:00,2023-01-30 22:54:00,0,0.08470737,0,0,Sell
4805,MSFT,2023-01-31 04:14:00,2023-01-31 04:41:00,1,0.541255,1,1,Hold
9512,MSFT,2023-01-31 11:46:00,2023-01-31 11:57:00,0,0.097859316,0,0,Sell
7262,MSFT,2023-01-31 13:53:00,2023-01-31 14:09:00,1,0.65173453,1,1,Buy
9896,MSFT,2023-01-31 18:35:00,2023-01-31 19:00:00,1,0.41658124,0,1,Hold
3385,MSFT,2023-02-02 18:45:00,2023-02-02 19:06:00,1,0.84843326,1,1,Buy
3075,MSFT,2023-02-03 03:43:00,2023-02-03 04:13:00,1,0.077934645,0,1,Sell
8267,MSFT,2023-02-03 08:47:00,2023-02-03 08:54:00,1,0.9446954,1,1,Buy
2566,MSFT,2023-02-03 18:26:00,2023-02-03 18:53:00,1,0.9664996,1,1,Buy
6531,MSFT,2023-02-04 06:06:00,2023-02-04 06:25:00,0,0.13763326,0,0,Sell
4325,MSFT,2023-02-05 10:27:00,2023-02-05 10:46:00,1,0.93161595,1,1,Buy
603,MSFT,2023-02-07 20:40:00,2023-02-07 20:49:00,1,0.7794942,1,1,Buy
2148,MSFT,2023-02-08 17:50:00,2023-02-08 18:12:00,0,0.10240328,0,0,Sell
8148,MSFT,2023-02-09 01:47:00,2023-02-09 02:10:00,1,0.2821055,0,1,Sell
2430,MSFT,2023-02-09 10:53:00,2023-02-09 11:03:00,0,0.049601194,0,0,Sell
1424,MSFT,2023-02-09 20:15:00,2023-02-09 20:31:00,1,0.54081506,1,1,Hold
1419,MSFT,2023-02-10 07:05:00,2023-02-10 07:23:00,0,0.06160225,0,0,Sell
6822,MSFT,2023-02-10 09:40:00,2023-02-10 09:50:00,1,0.38076106,0,1,Sell
1677,MSFT,2023-02-10 22:07:00,2023-02-10 22:31:00,0,0.046729665,0,0,Sell
9001,MSFT,2023-02-11 12:18:00,2023-02-11 12:24:00,1,0.6075846,1,1,Buy
2487,MSFT,2023-02-11 15:08:00,2023-02-11 15:37:00,0,0.04265231,0,0,Sell
5218,MSFT,2023-02-12 03:42:00,2023-02-12 03:50:00,1,0.86799747,1,1,Buy
9887,MSFT,2023-02-13 02:04:00,2023-02-13 02:10:00,0,0.07876913,0,0,Sell
8608,MSFT,2023-02-13 22:38:00,2023-02-13 23:05:00,1,0.9386995,1,1,Buy
7093,MSFT,2023-02-14 05:45:00,2023-02-14 05:56:00,0,0.07178772,0,0,Sell
5901,MSFT,2023-02-14 14:48:00,2023-02-14 15:02:00,1,0.47430643,0,1,Hold
9000,MSFT,2023-02-14 19:48:00,2023-02-14 20:18:00,0,0.44934645,0,0,Hold
6600,MSFT,2023-02-14 20:15:00,2023-02-14 20:25:00,0,0.11395641,0,0,Sell
3273,MSFT,2023-02-15 00:06:00,2023-02-15 00:15:00,1,0.8829232,1,1,Buy
8879,MSFT,2023-02-15 01:57:00,2023-02-15 02:13:00,0,0.08578627,0,0,Sell
3463,MSFT,2023-02-15 10:46:00,2023-02-15 11:04:00,0,0.04565476,0,0,Sell
6456,MSFT,2023-02-15 14:46:00,2023-02-15 15:05:00,0,0.07826065,0,0,Sell
2983,MSFT,2023-02-15 20:52:00,2023-02-15 21:16:00,1,0.3557534,0,1,Sell
9253,MSFT,2023-02-15 21:05:00,2023-02-15 21:11:00,1,0.91901934,1,1,Buy
415,MSFT,2023-02-16 03:04:00,2023-02-16 03:10:00,0,0.06235244,0,0,Sell
1473,MSFT,2023-02-16 08:26:00,2023-02-16 08:47:00,0,0.051438354,0,0,Sell
9064,MSFT,2023-02-16 19:40:00,2023-02-16 20:02:00,0,0.062881015,0,0,Sell
8908,MSFT,2023-02-16 20:26:00,2023-02-16 20:52:00,1,0.93996143,1,1,Buy
5347,MSFT,2023-02-17 12:43:00,2023-02-17 12:52:00,0,0.738703,1,0,Buy
4357,MSFT,2023-02-18 03:03:00,2023-02-18 03:08:00,0,0.07401032,0,0,Sell
4148,MSFT,2023-02-18 10:08:00,2023-02-18 10:21:00,0,0.04110225,0,0,Sell
4120,MSFT,2023-02-19 11:30:00,2023-02-19 11:42:00,1,0.9392131,1,1,Buy
6328,MSFT,2023-02-19 14:39:00,2023-02-19 14:50:00,1,0.94262546,1,1,Buy
2998,MSFT,2023-02-20 11:37:00,2023-02-20 11:44:00,0,0.59894645,1,0,Hold
2879,MSFT,2023-02-20 23:19:00,2023-02-20 23:49:00,0,0.06434465,0,0,Sell
6269,MSFT,2023-02-21 07:19:00,2023-02-21 07:31:00,0,0.34583732,0,0,Sell
4837,MSFT,2023-02-21 14:11:00,2023-02-21 14:18:00,0,0.03516394,0,0,Sell
6165,MSFT,2023-02-22 18:42:00,2023-02-22 18:56:00,0,0.027147852,0,0,Sell
1955,MSFT,2023-02-23 08:28:00,2023-02-23 08:52:00,0,0.15235405,0,0,Sell
6365,MSFT,2023-02-23 23:09:00,2023-02-23 23:29:00,0,0.030037893,0,0,Sell
5481,MSFT,2023-02-24 01:49:00,2023-02-24 01:55:00,1,0.24677254,0,1,Sell
6184,MSFT,2023-02-24 02:42:00,2023-02-24 03:05:00,1,0.90744466,1,1,Buy
4728,MSFT,2023-02-24 18:34:00,2023-02-24 18:58:00,0,0.43398347,0,0,Hold
9895,MSFT,2023-02-25 06:47:00,2023-02-25 07:17:00,1,0.9421643,1,1,Buy
3183,MSFT,2023-02-25 11:10:00,2023-02-25 11:36:00,0,0.1098141,0,0,Sell
9874,MSFT,2023-02-25 14:11:00,2023-02-25 14:16:00,1,0.945101,1,1,Buy
512,MSFT,2023-02-26 06:57:00,2023-02-26 07:27:00,0,0.058691975,0,0,Sell
4298,MSFT,2023-02-26 18:02:00,2023-02-26 18:29:00,0,0.10643784,0,0,Sell
9151,MSFT,2023-02-27 12:37:00,2023-02-27 13:01:00,1,0.9282207,1,1,Buy
8318,MSFT,2023-02-27 20:30:00,2023-02-27 20:35:00,0,0.083179556,0,0,Sell
9769,MSFT,2023-02-27 22:32:00,2023-02-27 23:02:00,1,0.92396694,1,1,Buy
942,MSFT,2023-02-28 04:16:00,2023-02-28 04:39:00,1,0.9174758,1,1,Buy
3794,MSFT,2023-03-01 08:43:00,2023-03-01 08:49:00,1,0.948848,1,1,Buy
6430,MSFT,2023-03-01 12:34:00,2023-03-01 12:42:00,0,0.104915746,0,0,Sell
2235,MSFT,2023-03-01 18:45:00,2023-03-01 19:01:00,1,0.6987453,1,1,Buy
2837,MSFT,2023-03-01 21:32:00,2023-03-01 21:56:00,0,0.11776189,0,0,Sell
3997,MSFT,2023-03-01 23:03:00,2023-03-01 23:19:00,0,0.07376645,0,0,Sell
9922,MSFT,2023-03-02 18:15:00,2023-03-02 18:31:00,1,0.91474533,1,1,Buy
9052,MSFT,2023-03-03 01:56:00,2023-03-03 02:13:00,0,0.09782826,0,0,Sell
2984,MSFT,2023-03-03 19:48:00,2023-03-03 20:10:00,0,0.22788416,0,0,Sell
4064,MSFT,2023-03-04 06:11:00,2023-03-04 06:41:00,0,0.05284147,0,0,Sell
796,MSFT,2023-03-04 15:46:00,2023-03-04 15:55:00,0,0.049316313,0,0,Sell
3516,MSFT,2023-03-05 02:13:00,2023-03-05 02:42:00,0,0.06123311,0,0,Sell
2438,MSFT,2023-03-05 04:44:00,2023-03-05 05:12:00,0,0.105055116,0,0,Sell
5105,MSFT,2023-03-05 13:07:00,2023-03-05 13:29:00,0,0.0490724,0,0,Sell
7401,MSFT,2023-03-05 14:24:00,2023-03-05 14:44:00,0,0.046881523,0,0,Sell
9599,MSFT,2023-03-05 15:10:00,2023-03-05 15:27:00,0,0.053517964,0,0,Sell
7008,MSFT,2023-03-06 00:52:00,2023-03-06 01:18:00,1,0.9002928,1,1,Buy
6493,MSFT,2023-03-07 00:56:00,2023-03-07 01:05:00,1,0.4042019,0,1,Hold
2300,MSFT,2023-03-07 06:17:00,2023-03-07 06:37:00,0,0.07367648,0,0,Sell
1194,MSFT,2023-03-07 08:34:00,2023-03-07 08:57:00,0,0.31522778,0,0,Sell
8936,MSFT,2023-03-07 18:54:00,2023-03-07 19:15:00,0,0.070093505,0,0,Sell
4876,MSFT,2023-03-07 20:59:00,2023-03-07 21:10:00,0,0.06776235,0,0,Sell
6356,MSFT,2023-03-07 21:04:00,2023-03-07 21:19:00,1,0.24847776,0,1,Sell
9703,MSFT,2023-03-08 23:14:00,2023-03-08 23:19:00,0,0.03370952,0,0,Sell
4195,MSFT,2023-03-09 08:06:00,2023-03-09 08:33:00,0,0.31405288,0,0,Sell
791,MSFT,2023-03-09 09:10:00,2023-03-09 09:39:00,1,0.9350785,1,1,Buy
8992,MSFT,2023-03-09 13:57:00,2023-03-09 14:18:00,0,0.4038663,0,0,Hold
8483,MSFT,2023-03-09 17:51:00,2023-03-09 18:17:00,1,0.3612996,0,1,Sell
7366,MSFT,2023-03-10 16:52:00,2023-03-10 17:15:00,1,0.3767665,0,1,Sell
5588,MSFT,2023-03-10 18:39:00,2023-03-10 19:00:00,1,0.95132166,1,1,Buy
8011,MSFT,2023-03-11 18:27:00,2023-03-11 18:35:00,0,0.06617447,0,0,Sell
5821,MSFT,2023-03-12 02:41:00,2023-03-12 02:59:00,1,0.800747,1,1,Buy
9612,MSFT,2023-03-13 01:42:00,2023-03-13 01:48:00,0,0.49283653,0,0,Hold
2081,MSFT,2023-03-13 03:19:00,2023-03-13 03:30:00,1,0.9100683,1,1,Buy
9057,MSFT,2023-03-13 10:32:00,2023-03-13 10:56:00,1,0.089216836,0,1,Sell
3416,MSFT,2023-03-14 02:31:00,2023-03-14 02:45:00,1,0.92519754,1,1,Buy
1432,MSFT,2023-03-14 16:04:00,2023-03-14 16:12:00,0,0.07802711,0,0,Sell
286,MSFT,2023-03-14 20:13:00,2023-03-14 20:24:00,1,0.94753385,1,1,Buy
5932,MSFT,2023-03-15 04:40:00,2023-03-15 04:49:00,0,0.0991417,0,0,Sell
7669,MSFT,2023-03-15 08:49:00,2023-03-15 09:08:00,1,0.92883295,1,1,Buy
6043,MSFT,2023-03-16 06:02:00,2023-03-16 06:16:00,0,0.06006955,0,0,Sell
2000,MSFT,2023-03-17 05:31:00,2023-03-17 05:37:00,1,0.94668436,1,1,Buy
9837,MSFT,2023-03-17 14:11:00,2023-03-17 14:31:00,1,0.90456283,1,1,Buy
680,MSFT,2023-03-18 06:58:00,2023-03-18 07:20:00,0,0.05744259,0,0,Sell
8061,MSFT,2023-03-18 13:34:00,2023-03-18 13:59:00,1,0.9082575,1,1,Buy
1598,MSFT,2023-03-18 17:14:00,2023-03-18 17:20:00,0,0.7248139,1,0,Buy
450,MSFT,2023-03-19 10:23:00,2023-03-19 10:50:00,0,0.49537435,0,0,Hold
1430,MSFT,2023-03-19 10:46:00,2023-03-19 10:52:00,0,0.06950861,0,0,Sell
6454,MSFT,2023-03-20 01:54:00,2023-03-20 02:10:00,0,0.1356959,0,0,Sell
7554,MSFT,2023-03-20 16:25:00,2023-03-20 16:49:00,1,0.252508,0,1,Sell
2624,MSFT,2023-03-22 03:08:00,2023-03-22 03:33:00,1,0.3346138,0,1,Sell
8975,MSFT,2023-03-22 12:03:00,2023-03-22 12:22:00,0,0.06565599,0,0,Sell
7918,MSFT,2023-03-22 12:47:00,2023-03-22 13:03:00,0,0.06266559,0,0,Sell
9930,MSFT,2023-03-23 20:37:00,2023-03-23 21:03:00,1,0.06627328,0,1,Sell
4070,MSFT,2023-03-24 02:23:00,2023-03-24 02:34:00,1,0.9050827,1,1,Buy
8575,MSFT,2023-03-24 21:20:00,2023-03-24 21:36:00,0,0.08791482,0,0,Sell
6119,MSFT,2023-03-26 01:34:00,2023-03-26 02:01:00,0,0.05663003,0,0,Sell
3994,MSFT,2023-03-26 02:17:00,2023-03-26 02:25:00,0,0.58637,1,0,Hold
8866,MSFT,2023-03-26 07:07:00,2023-03-26 07:34:00,0,0.05784872,0,0,Sell
152,MSFT,2023-03-26 08:27:00,2023-03-26 08:36:00,1,0.26774877,0,1,Sell
9996,MSFT,2023-03-26 18:45:00,2023-03-26 18:58:00,1,0.38868612,0,1,Sell
1401,MSFT,2023-03-27 09:28:00,2023-03-27 09:56:00,0,0.09215039,0,0,Sell
7539,MSFT,2023-03-28 10:18:00,2023-03-28 10:36:00,1,0.91112685,1,1,Buy
1833,MSFT,2023-03-28 16:07:00,2023-03-28 16:16:00,0,0.4823566,0,0,Hold
9477,MSFT,2023-03-29 05:31:00,2023-03-29 05:43:00,1,0.9163098,1,1,Buy
307,MSFT,2023-03-29 20:35:00,2023-03-29 20:41:00,0,0.048692472,0,0,Sell
6383,MSFT,2023-03-29 20:45:00,2023-03-29 21:09:00,1,0.9487507,1,1,Buy
8521,MSFT,2023-03-31 00:35:00,2023-03-31 01:00:00,0,0.07648727,0,0,Sell
2162,MSFT,2023-03-31 06:54:00,2023-03-31 07:17:00,0,0.060826946,0,0,Sell
4997,MSFT,2023-03-31 09:51:00,2023-03-31 10:21:00,1,0.94001687,1,1,Buy
6409,MSFT,2023-03-31 11:22:00,2023-03-31 11:49:00,1,0.94574386,1,1,Buy
8129,MSFT,2023-03-31 19:29:00,2023-03-31 19:41:00,1,0.9605137,1,1,Buy
1145,MSFT,2023-04-01 05:21:00,2023-04-01 05:41:00,0,0.093643874,0,0,Sell
4664,MSFT,2023-04-01 10:07:00,2023-04-01 10:34:00,1,0.95481867,1,1,Buy
3098,MSFT,2023-04-01 19:41:00,2023-04-01 19:59:00,1,0.9643894,1,1,Buy
3825,MSFT,2023-04-02 00:54:00,2023-04-02 01:16:00,0,0.07519291,0,0,Sell
2747,MSFT,2023-04-02 04:23:00,2023-04-02 04:48:00,0,0.0670127,0,0,Sell
760,MSFT,2023-04-02 12:01:00,2023-04-02 12:19:00,1,0.93285364,1,1,Buy
4957,MSFT,2023-04-04 04:53:00,2023-04-04 05:21:00,0,0.09857962,0,0,Sell
605,MSFT,2023-04-05 04:30:00,2023-04-05 05:00:00,0,0.068958245,0,0,Sell
6895,MSFT,2023-04-05 08:01:00,2023-04-05 08:17:00,0,0.06760342,0,0,Sell
6961,MSFT,2023-04-05 16:16:00,2023-04-05 16:34:00,0,0.32770938,0,0,Sell
1413,MSFT,2023-04-05 19:10:00,2023-04-05 19:28:00,1,0.9115185,1,1,Buy
6362,MSFT,2023-04-06 02:54:00,2023-04-06 03:08:00,1,0.9136767,1,1,Buy
4800,MSFT,2023-04-06 03:41:00,2023-04-06 04:00:00,0,0.09387879,0,0,Sell
9733,MSFT,2023-04-06 21:38:00,2023-04-06 21:46:00,1,0.4646778,0,1,Hold
4861,MSFT,2023-04-07 07:44:00,2023-04-07 08:01:00,1,0.9412429,1,1,Buy
7527,MSFT,2023-04-07 10:14:00,2023-04-07 10:28:00,1,0.95965695,1,1,Buy
6917,MSFT,2023-04-07 22:49:00,2023-04-07 23:07:00,0,0.09324612,0,0,Sell
3808,MSFT,2023-04-08 08:36:00,2023-04-08 08:57:00,0,0.9430649,1,0,Buy
9302,MSFT,2023-04-08 08:59:00,2023-04-08 09:16:00,1,0.95209736,1,1,Buy
6566,MSFT,2023-04-09 04:24:00,2023-04-09 04:54:00,0,0.94126093,1,0,Buy
3551,MSFT,2023-04-09 16:32:00,2023-04-09 16:46:00,1,0.95616865,1,1,Buy
9367,MSFT,2023-04-10 20:37:00,2023-04-10 21:04:00,0,0.5263823,1,0,Hold
8134,MSFT,2023-04-11 04:46:00,2023-04-11 05:16:00,0,0.76291144,1,0,Buy
7372,MSFT,2023-04-11 06:59:00,2023-04-11 07:13:00,0,0.34010327,0,0,Sell
5868,MSFT,2023-04-11 19:12:00,2023-04-11 19:38:00,0,0.46145746,0,0,Hold
7009,MSFT,2023-04-12 04:45:00,2023-04-12 04:51:00,0,0.08319551,0,0,Sell
2033,MSFT,2023-04-12 11:42:00,2023-04-12 12:10:00,1,0.91744936,1,1,Buy
8693,MSFT,2023-04-12 16:28:00,2023-04-12 16:49:00,1,0.90247285,1,1,Buy
7397,MSFT,2023-04-13 02:25:00,2023-04-13 02:43:00,1,0.9362097,1,1,Buy
5076,MSFT,2023-04-13 12:07:00,2023-04-13 12:31:00,1,0.948922,1,1,Buy
8343,MSFT,2023-04-14 03:59:00,2023-04-14 04:04:00,0,0.16378644,0,0,Sell
6199,MSFT,2023-04-14 10:53:00,2023-04-14 11:17:00,1,0.69960093,1,1,Buy
519,MSFT,2023-04-14 19:43:00,2023-04-14 19:56:00,1,0.96109253,1,1,Buy
5551,MSFT,2023-04-14 23:53:00,2023-04-15 00:09:00,1,0.96443874,1,1,Buy
1114,MSFT,2023-04-15 15:59:00,2023-04-15 16:24:00,1,0.43569562,0,1,Hold
5514,MSFT,2023-04-16 06:00:00,2023-04-16 06:17:00,1,0.60639983,1,1,Buy
1634,MSFT,2023-04-17 02:25:00,2023-04-17 02:32:00,1,0.9336354,1,1,Buy
8996,MSFT,2023-04-17 05:38:00,2023-04-17 05:56:00,1,0.76214635,1,1,Buy
4008,MSFT,2023-04-17 22:46:00,2023-04-17 22:52:00,1,0.6805959,1,1,Buy
3654,MSFT,2023-04-18 13:03:00,2023-04-18 13:20:00,1,0.10784817,0,1,Sell
3702,MSFT,2023-04-18 14:49:00,2023-04-18 14:58:00,0,0.09929599,0,0,Sell
9880,MSFT,2023-04-18 20:42:00,2023-04-18 21:01:00,1,0.9382889,1,1,Buy
7383,MSFT,2023-04-19 10:23:00,2023-04-19 10:39:00,0,0.07068099,0,0,Sell
9533,MSFT,2023-04-19 15:23:00,2023-04-19 15:46:00,0,0.110861115,0,0,Sell
8178,MSFT,2023-04-20 22:38:00,2023-04-20 23:04:00,0,0.3455914,0,0,Sell
6853,MSFT,2023-04-21 15:23:00,2023-04-21 15:37:00,0,0.0532629,0,0,Sell
6108,MSFT,2023-04-21 16:02:00,2023-04-21 16:30:00,1,0.07095148,0,1,Sell
6829,MSFT,2023-04-22 00:34:00,2023-04-22 00:45:00,0,0.26769543,0,0,Sell
7246,MSFT,2023-04-23 05:02:00,2023-04-23 05:17:00,1,0.41063955,0,1,Hold
2265,MSFT,2023-04-23 09:10:00,2023-04-23 09:23:00,0,0.051365845,0,0,Sell
47,MSFT,2023-04-23 11:26:00,2023-04-23 11:35:00,0,0.044960957,0,0,Sell
9906,MSFT,2023-04-25 12:45:00,2023-04-25 13:07:00,1,0.3822784,0,1,Sell
1483,MSFT,2023-04-25 16:21:00,2023-04-25 16:48:00,1,0.9420442,1,1,Buy
4758,MSFT,2023-04-25 22:04:00,2023-04-25 22:09:00,0,0.10647619,0,0,Sell
6371,MSFT,2023-04-26 01:28:00,2023-04-26 01:35:00,1,0.910762,1,1,Buy
8423,MSFT,2023-04-26 09:26:00,2023-04-26 09:36:00,0,0.61030537,1,0,Buy
2141,MSFT,2023-04-26 14:27:00,2023-04-26 14:53:00,1,0.9491305,1,1,Buy
4553,MSFT,2023-04-27 17:45:00,2023-04-27 17:55:00,0,0.21432613,0,0,Sell
945,MSFT,2023-04-29 23:01:00,2023-04-29 23:28:00,1,0.96409255,1,1,Buy
8488,MSFT,2023-04-30 15:42:00,2023-04-30 16:06:00,1,0.9482609,1,1,Buy
6647,MSFT,2023-05-01 08:42:00,2023-05-01 08:56:00,1,0.93699247,1,1,Buy
8530,MSFT,2023-05-01 17:01:00,2023-05-01 17:08:00,0,0.07979774,0,0,Sell
9137,MSFT,2023-05-02 00:03:00,2023-05-02 00:09:00,0,0.467829,0,0,Hold
9325,MSFT,2023-05-02 01:41:00,2023-05-02 02:09:00,0,0.41092724,0,0,Hold
5774,MSFT,2023-05-02 01:51:00,2023-05-02 02:04:00,0,0.07732332,0,0,Sell
6949,MSFT,2023-05-02 10:47:00,2023-05-02 11:03:00,1,0.8538911,1,1,Buy
3499,MSFT,2023-05-03 18:33:00,2023-05-03 18:41:00,0,0.0526935,0,0,Sell
2446,MSFT,2023-05-05 01:37:00,2023-05-05 02:04:00,1,0.87736124,1,1,Buy
8827,MSFT,2023-05-05 02:45:00,2023-05-05 03:03:00,1,0.06400405,0,1,Sell
5138,MSFT,2023-05-05 13:28:00,2023-05-05 13:39:00,0,0.078582235,0,0,Sell
4991,MSFT,2023-05-05 16:30:00,2023-05-05 16:43:00,1,0.9168401,1,1,Buy
7189,MSFT,2023-05-05 16:58:00,2023-05-05 17:19:00,0,0.048343923,0,0,Sell
5846,MSFT,2023-05-06 04:19:00,2023-05-06 04:38:00,0,0.46833435,0,0,Hold
4477,MSFT,2023-05-06 06:38:00,2023-05-06 06:54:00,0,0.05510802,0,0,Sell
940,MSFT,2023-05-07 08:04:00,2023-05-07 08:14:00,1,0.9351979,1,1,Buy
2667,MSFT,2023-05-07 08:54:00,2023-05-07 09:19:00,0,0.3612666,0,0,Sell
6031,MSFT,2023-05-07 12:39:00,2023-05-07 12:52:00,0,0.4557506,0,0,Hold
9153,MSFT,2023-05-07 13:21:00,2023-05-07 13:46:00,0,0.28847066,0,0,Sell
1671,MSFT,2023-05-07 19:50:00,2023-05-07 20:20:00,0,0.5464705,1,0,Hold
3986,MSFT,2023-05-08 00:19:00,2023-05-08 00:49:00,0,0.09522686,0,0,Sell
9246,MSFT,2023-05-08 06:19:00,2023-05-08 06:32:00,1,0.9097488,1,1,Buy
4575,MSFT,2023-05-08 16:51:00,2023-05-08 17:05:00,0,0.07434578,0,0,Sell
9558,MSFT,2023-05-08 16:51:00,2023-05-08 16:56:00,0,0.1427693,0,0,Sell
6541,MSFT,2023-05-08 17:26:00,2023-05-08 17:46:00,1,0.93414146,1,1,Buy
3301,MSFT,2023-05-08 21:53:00,2023-05-08 22:02:00,0,0.9288711,1,0,Buy
3507,MSFT,2023-05-10 03:49:00,2023-05-10 04:05:00,0,0.07474199,0,0,Sell
4597,MSFT,2023-05-10 20:16:00,2023-05-10 20:35:00,1,0.9293425,1,1,Buy
9747,MSFT,2023-05-11 17:48:00,2023-05-11 18:11:00,1,0.8997183,1,1,Buy
4010,MSFT,2023-05-12 00:10:00,2023-05-12 00:30:00,0,0.45968673,0,0,Hold
44,MSFT,2023-05-12 03:28:00,2023-05-12 03:54:00,1,0.9351761,1,1,Buy
9183,MSFT,2023-05-12 15:41:00,2023-05-12 16:02:00,0,0.061692808,0,0,Sell
6026,MSFT,2023-05-12 17:23:00,2023-05-12 17:53:00,0,0.5023615,1,0,Hold
7158,MSFT,2023-05-12 17:28:00,2023-05-12 17:54:00,0,0.1636627,0,0,Sell
8183,MSFT,2023-05-13 11:14:00,2023-05-13 11:31:00,0,0.051184606,0,0,Sell
7477,MSFT,2023-05-13 11:42:00,2023-05-13 12:11:00,0,0.038955715,0,0,Sell
118,MSFT,2023-05-13 14:46:00,2023-05-13 14:52:00,0,0.04067064,0,0,Sell
3673,MSFT,2023-05-13 20:44:00,2023-05-13 20:53:00,0,0.04183016,0,0,Sell
3307,MSFT,2023-05-14 03:50:00,2023-05-14 04:04:00,1,0.27820247,0,1,Sell
3762,MSFT,2023-05-14 04:37:00,2023-05-14 05:01:00,0,0.04981083,0,0,Sell
7786,MSFT,2023-05-14 13:38:00,2023-05-14 14:08:00,1,0.38181782,0,1,Sell
2871,MSFT,2023-05-14 15:34:00,2023-05-14 15:39:00,0,0.05201363,0,0,Sell
5683,MSFT,2023-05-15 06:45:00,2023-05-15 07:09:00,0,0.07452948,0,0,Sell
4206,MSFT,2023-05-15 10:50:00,2023-05-15 10:55:00,1,0.8975466,1,1,Buy
7420,MSFT,2023-05-15 19:29:00,2023-05-15 19:43:00,0,0.5347538,1,0,Hold
2613,MSFT,2023-05-16 05:35:00,2023-05-16 05:42:00,0,0.5294592,1,0,Hold
1867,MSFT,2023-05-16 08:59:00,2023-05-16 09:19:00,1,0.48275867,0,1,Hold
4074,MSFT,2023-05-16 13:44:00,2023-05-16 14:08:00,0,0.066469766,0,0,Sell
2311,MSFT,2023-05-16 21:38:00,2023-05-16 21:54:00,0,0.0620076,0,0,Sell
8729,MSFT,2023-05-16 23:03:00,2023-05-16 23:24:00,0,0.05300288,0,0,Sell
5646,MSFT,2023-05-17 01:27:00,2023-05-17 01:54:00,0,0.8882427,1,0,Buy
1855,MSFT,2023-05-17 05:49:00,2023-05-17 06:07:00,1,0.2265941,0,1,Sell
8583,MSFT,2023-05-17 11:07:00,2023-05-17 11:33:00,1,0.92452395,1,1,Buy
6483,MSFT,2023-05-17 23:44:00,2023-05-18 00:09:00,0,0.28564462,0,0,Sell
8881,MSFT,2023-05-18 22:42:00,2023-05-18 23:12:00,1,0.6100329,1,1,Buy
9389,MSFT,2023-05-19 04:22:00,2023-05-19 04:38:00,0,0.09482363,0,0,Sell
2047,MSFT,2023-05-22 13:58:00,2023-05-22 14:22:00,1,0.6679062,1,1,Buy
4747,MSFT,2023-05-23 10:57:00,2023-05-23 11:07:00,0,0.47680718,0,0,Hold
3280,MSFT,2023-05-23 11:49:00,2023-05-23 12:04:00,0,0.073465265,0,0,Sell
2194,MSFT,2023-05-23 16:12:00,2023-05-23 16:24:00,0,0.06853295,0,0,Sell
9799,MSFT,2023-05-23 20:20:00,2023-05-23 20:36:00,1,0.54049516,1,1,Hold
3446,MSFT,2023-05-23 22:52:00,2023-05-23 23:14:00,1,0.925956,1,1,Buy
4612,MSFT,2023-05-24 01:37:00,2023-05-24 01:52:00,0,0.06850558,0,0,Sell
4545,MSFT,2023-05-24 02:59:00,2023-05-24 03:22:00,1,0.440843,0,1,Hold
4063,MSFT,2023-05-24 08:15:00,2023-05-24 08:20:00,0,0.08346225,0,0,Sell
759,MSFT,2023-05-25 04:46:00,2023-05-25 04:57:00,1,0.1568966,0,1,Sell
9148,MSFT,2023-05-26 05:02:00,2023-05-26 05:23:00,1,0.8977382,1,1,Buy
8132,MSFT,2023-05-26 15:16:00,2023-05-26 15:23:00,0,0.05172961,0,0,Sell
6419,MSFT,2023-05-27 15:06:00,2023-05-27 15:14:00,1,0.8926284,1,1,Buy
3174,MSFT,2023-05-28 18:29:00,2023-05-28 18:45:00,0,0.06864006,0,0,Sell
4761,MSFT,2023-05-29 07:22:00,2023-05-29 07:46:00,0,0.05003171,0,0,Sell
903,MSFT,2023-05-29 09:37:00,2023-05-29 09:48:00,0,0.052664172,0,0,Sell
4945,MSFT,2023-05-30 11:53:00,2023-05-30 12:21:00,1,0.19877923,0,1,Sell
6642,MSFT,2023-05-31 03:42:00,2023-05-31 03:57:00,1,0.8829983,1,1,Buy
7898,MSFT,2023-05-31 21:02:00,2023-05-31 21:28:00,1,0.63146937,1,1,Buy
3837,MSFT,2023-06-01 18:59:00,2023-06-01 19:04:00,1,0.42436096,0,1,Hold
9475,MSFT,2023-06-04 09:07:00,2023-06-04 09:32:00,1,0.11868959,0,1,Sell
461,MSFT,2023-06-04 09:24:00,2023-06-04 09:43:00,1,0.95170665,1,1,Buy
9348,MSFT,2023-06-04 12:40:00,2023-06-04 12:58:00,1,0.95428926,1,1,Buy
6411,MSFT,2023-06-04 20:21:00,2023-06-04 20:35:00,1,0.9665858,1,1,Buy
8201,MSFT,2023-06-05 02:44:00,2023-06-05 03:08:00,1,0.91920584,1,1,Buy
5342,MSFT,2023-06-06 12:19:00,2023-06-06 12:46:00,0,0.7329852,1,0,Buy
3595,MSFT,2023-06-06 15:32:00,2023-06-06 15:51:00,0,0.53298795,1,0,Hold
2646,MSFT,2023-06-07 07:09:00,2023-06-07 07:32:00,1,0.7797867,1,1,Buy
8820,MSFT,2023-06-08 06:09:00,2023-06-08 06:36:00,0,0.74268687,1,0,Buy
2726,MSFT,2023-06-08 08:13:00,2023-06-08 08:40:00,0,0.1790802,0,0,Sell
1334,MSFT,2023-06-08 16:18:00,2023-06-08 16:38:00,0,0.27560684,0,0,Sell
9883,MSFT,2023-06-09 22:48:00,2023-06-09 23:10:00,1,0.94243234,1,1,Buy
4032,MSFT,2023-06-10 23:12:00,2023-06-10 23:42:00,1,0.90674114,1,1,Buy
9960,MSFT,2023-06-11 07:36:00,2023-06-11 07:46:00,0,0.06061728,0,0,Sell
6436,MSFT,2023-06-11 11:58:00,2023-06-11 12:06:00,0,0.5399394,1,0,Hold
9282,MSFT,2023-06-12 10:11:00,2023-06-12 10:22:00,1,0.9263971,1,1,Buy
5259,MSFT,2023-06-12 17:56:00,2023-06-12 18:20:00,1,0.96025413,1,1,Buy
7131,MSFT,2023-06-12 19:33:00,2023-06-12 19:49:00,0,0.15153238,0,0,Sell
4133,MSFT,2023-06-13 02:10:00,2023-06-13 02:36:00,0,0.13932519,0,0,Sell
4973,MSFT,2023-06-13 10:39:00,2023-06-13 11:04:00,0,0.89337975,1,0,Buy
7254,MSFT,2023-06-13 18:06:00,2023-06-13 18:27:00,1,0.95070505,1,1,Buy
6618,MSFT,2023-06-14 08:40:00,2023-06-14 08:51:00,1,0.1915688,0,1,Sell
323,MSFT,2023-06-14 16:25:00,2023-06-14 16:42:00,1,0.94214344,1,1,Buy
7879,MSFT,2023-06-14 21:58:00,2023-06-14 22:16:00,0,0.08602763,0,0,Sell
170,MSFT,2023-06-15 10:41:00,2023-06-15 11:04:00,1,0.9582027,1,1,Buy
9824,MSFT,2023-06-16 08:41:00,2023-06-16 09:10:00,1,0.9822636,1,1,Buy
8261,MSFT,2023-06-16 21:51:00,2023-06-16 22:12:00,0,0.9014998,1,0,Buy
8695,MSFT,2023-06-17 00:31:00,2023-06-17 00:38:00,0,0.95811826,1,0,Buy
6127,MSFT,2023-06-17 05:12:00,2023-06-17 05:32:00,0,0.67951953,1,0,Buy
2674,MSFT,2023-06-17 18:05:00,2023-06-17 18:20:00,0,0.23429926,0,0,Sell
8557,MSFT,2023-06-17 21:02:00,2023-06-17 21:24:00,0,0.048918374,0,0,Sell
3157,MSFT,2023-06-18 03:09:00,2023-06-18 03:19:00,1,0.8835345,1,1,Buy
3561,MSFT,2023-06-18 21:10:00,2023-06-18 21:36:00,1,0.8156647,1,1,Buy
8669,MSFT,2023-06-19 05:02:00,2023-06-19 05:09:00,0,0.33054984,0,0,Sell
2218,MSFT,2023-06-19 07:29:00,2023-06-19 07:43:00,0,0.08113414,0,0,Sell
5440,MSFT,2023-06-19 10:45:00,2023-06-19 10:58:00,0,0.06068305,0,0,Sell
5266,MSFT,2023-06-20 02:19:00,2023-06-20 02:31:00,1,0.37874392,0,1,Sell
6496,MSFT,2023-06-20 13:52:00,2023-06-20 14:22:00,0,0.854482,1,0,Buy
7620,MSFT,2023-06-20 16:01:00,2023-06-20 16:27:00,1,0.9273025,1,1,Buy
3634,MSFT,2023-06-21 00:11:00,2023-06-21 00:28:00,1,0.9036363,1,1,Buy
9807,MSFT,2023-06-22 17:08:00,2023-06-22 17:16:00,1,0.94482934,1,1,Buy
1538,MSFT,2023-06-22 23:25:00,2023-06-22 23:33:00,1,0.9511846,1,1,Buy
4375,MSFT,2023-06-23 01:21:00,2023-06-23 01:41:00,0,0.14160128,0,0,Sell
2509,MSFT,2023-06-23 01:57:00,2023-06-23 02:23:00,1,0.94504577,1,1,Buy
357,MSFT,2023-06-23 06:42:00,2023-06-23 07:02:00,1,0.10143814,0,1,Sell
590,MSFT,2023-06-23 08:46:00,2023-06-23 08:57:00,1,0.43995473,0,1,Hold
6147,MSFT,2023-06-24 07:19:00,2023-06-24 07:28:00,0,0.07858558,0,0,Sell
2405,MSFT,2023-06-24 13:38:00,2023-06-24 13:59:00,1,0.9477233,1,1,Buy
2905,MSFT,2023-06-25 09:03:00,2023-06-25 09:10:00,1,0.9546382,1,1,Buy
9929,MSFT,2023-06-25 17:23:00,2023-06-25 17:46:00,1,0.51999736,1,1,Hold
9778,MSFT,2023-06-25 23:55:00,2023-06-26 00:17:00,0,0.55906105,1,0,Hold
672,MSFT,2023-06-26 16:20:00,2023-06-26 16:43:00,0,0.14357273,0,0,Sell
3238,MSFT,2023-06-28 02:17:00,2023-06-28 02:39:00,0,0.48591933,0,0,Hold
2929,MSFT,2023-06-29 08:27:00,2023-06-29 08:45:00,1,0.3614441,0,1,Sell
9664,MSFT,2023-06-30 14:32:00,2023-06-30 14:39:00,0,0.4239626,0,0,Hold
4512,MSFT,2023-06-30 23:33:00,2023-06-30 23:48:00,1,0.38153479,0,1,Sell
669,MSFT,2023-07-01 19:12:00,2023-07-01 19:35:00,0,0.06615582,0,0,Sell
3514,MSFT,2023-07-02 02:50:00,2023-07-02 03:12:00,1,0.91687673,1,1,Buy
7760,MSFT,2023-07-02 06:57:00,2023-07-02 07:20:00,1,0.9159825,1,1,Buy
9122,MSFT,2023-07-02 18:00:00,2023-07-02 18:09:00,0,0.113869496,0,0,Sell
1380,MSFT,2023-07-04 05:30:00,2023-07-04 05:53:00,0,0.049329195,0,0,Sell
5939,MSFT,2023-07-04 09:29:00,2023-07-04 09:35:00,1,0.6340445,1,1,Buy
8732,MSFT,2023-07-05 11:00:00,2023-07-05 11:20:00,0,0.06116237,0,0,Sell
6887,MSFT,2023-07-05 15:34:00,2023-07-05 16:02:00,1,0.90164614,1,1,Buy
8384,MSFT,2023-07-05 16:04:00,2023-07-05 16:14:00,1,0.17352459,0,1,Sell
2583,MSFT,2023-07-05 23:48:00,2023-07-06 00:00:00,0,0.69462234,1,0,Buy
4507,MSFT,2023-07-06 03:23:00,2023-07-06 03:36:00,1,0.38645282,0,1,Sell
448,MSFT,2023-07-07 10:09:00,2023-07-07 10:25:00,0,0.91660815,1,0,Buy
895,MSFT,2023-07-07 19:06:00,2023-07-07 19:21:00,0,0.0646953,0,0,Sell
9188,MSFT,2023-07-08 08:21:00,2023-07-08 08:48:00,1,0.5075047,1,1,Hold
847,MSFT,2023-07-08 21:13:00,2023-07-08 21:26:00,1,0.738514,1,1,Buy
8569,MSFT,2023-07-08 23:58:00,2023-07-09 00:13:00,1,0.9331741,1,1,Buy
5702,MSFT,2023-07-09 13:49:00,2023-07-09 13:58:00,0,0.14530295,0,0,Sell
8443,MSFT,2023-07-09 15:34:00,2023-07-09 15:44:00,1,0.50483215,1,1,Hold
8465,MSFT,2023-07-09 19:50:00,2023-07-09 20:15:00,0,0.5623213,1,0,Hold
1913,MSFT,2023-07-11 13:50:00,2023-07-11 14:02:00,1,0.949234,1,1,Buy
1870,MSFT,2023-07-12 04:16:00,2023-07-12 04:30:00,1,0.90478134,1,1,Buy
369,MSFT,2023-07-13 10:23:00,2023-07-13 10:47:00,1,0.9453344,1,1,Buy
6812,MSFT,2023-07-13 14:10:00,2023-07-13 14:37:00,0,0.38286594,0,0,Sell
8306,MSFT,2023-07-13 20:53:00,2023-07-13 21:16:00,1,0.9359768,1,1,Buy
1349,MSFT,2023-07-13 22:40:00,2023-07-13 23:00:00,1,0.95209324,1,1,Buy
1719,MSFT,2023-07-14 04:21:00,2023-07-14 04:44:00,1,0.6807804,1,1,Buy
8838,MSFT,2023-07-14 19:11:00,2023-07-14 19:29:00,1,0.32666907,0,1,Sell
5114,MSFT,2023-07-15 06:08:00,2023-07-15 06:38:00,0,0.42009157,0,0,Hold
5127,MSFT,2023-07-16 00:18:00,2023-07-16 00:38:00,0,0.095050536,0,0,Sell
1967,MSFT,2023-07-17 03:03:00,2023-07-17 03:22:00,1,0.5354441,1,1,Hold
3751,MSFT,2023-07-17 14:02:00,2023-07-17 14:25:00,1,0.93134916,1,1,Buy
8037,MSFT,2023-07-17 15:18:00,2023-07-17 15:44:00,0,0.38357484,0,0,Sell
1403,MSFT,2023-07-18 08:43:00,2023-07-18 08:57:00,1,0.9096134,1,1,Buy
9525,MSFT,2023-07-18 13:02:00,2023-07-18 13:31:00,0,0.4540009,0,0,Hold
5224,MSFT,2023-07-18 15:30:00,2023-07-18 15:51:00,0,0.066962264,0,0,Sell
3599,MSFT,2023-07-18 16:48:00,2023-07-18 17:07:00,1,0.41861665,0,1,Hold
4387,MSFT,2023-07-18 20:55:00,2023-07-18 21:17:00,1,0.9562364,1,1,Buy
4565,MSFT,2023-07-19 05:58:00,2023-07-19 06:10:00,0,0.06444018,0,0,Sell
9813,MSFT,2023-07-19 08:40:00,2023-07-19 09:02:00,1,0.9470357,1,1,Buy
3848,MSFT,2023-07-20 03:04:00,2023-07-20 03:12:00,1,0.926359,1,1,Buy
6478,MSFT,2023-07-20 15:53:00,2023-07-20 16:03:00,1,0.95186496,1,1,Buy
2630,MSFT,2023-07-20 23:54:00,2023-07-20 23:59:00,1,0.95561117,1,1,Buy
116,MSFT,2023-07-21 04:00:00,2023-07-21 04:15:00,1,0.93281484,1,1,Buy
8513,MSFT,2023-07-21 14:05:00,2023-07-21 14:23:00,0,0.0832191,0,0,Sell
3009,MSFT,2023-07-22 00:55:00,2023-07-22 01:09:00,0,0.078087464,0,0,Sell
9676,MSFT,2023-07-22 21:03:00,2023-07-22 21:32:00,0,0.051543873,0,0,Sell
1345,MSFT,2023-07-23 03:22:00,2023-07-23 03:40:00,1,0.92322797,1,1,Buy
9647,MSFT,2023-07-23 07:38:00,2023-07-23 08:07:00,1,0.9126434,1,1,Buy
2652,MSFT,2023-07-24 10:09:00,2023-07-24 10:31:00,0,0.38902137,0,0,Sell
324,MSFT,2023-07-24 13:31:00,2023-07-24 13:56:00,1,0.62145853,1,1,Buy
3528,MSFT,2023-07-24 14:56:00,2023-07-24 15:22:00,1,0.9583176,1,1,Buy
9795,MSFT,2023-07-25 20:36:00,2023-07-25 21:00:00,0,0.12552066,0,0,Sell
3538,MSFT,2023-07-26 09:17:00,2023-07-26 09:23:00,0,0.07371033,0,0,Sell
5719,MSFT,2023-07-26 14:24:00,2023-07-26 14:54:00,1,0.3660226,0,1,Sell
9227,MSFT,2023-07-27 21:54:00,2023-07-27 21:59:00,0,0.06819812,0,0,Sell
6685,MSFT,2023-07-28 17:01:00,2023-07-28 17:21:00,0,0.063932054,0,0,Sell
4011,MSFT,2023-07-29 13:03:00,2023-07-29 13:18:00,1,0.9276273,1,1,Buy
4817,MSFT,2023-07-29 16:48:00,2023-07-29 17:07:00,1,0.9436562,1,1,Buy
1969,MSFT,2023-07-30 03:11:00,2023-07-30 03:16:00,1,0.9396537,1,1,Buy
1344,MSFT,2023-07-30 17:58:00,2023-07-30 18:17:00,1,0.9368782,1,1,Buy
5100,MSFT,2023-07-30 19:46:00,2023-07-30 20:01:00,0,0.11261549,0,0,Sell
9680,MSFT,2023-07-31 17:18:00,2023-07-31 17:47:00,0,0.07716853,0,0,Sell
2545,MSFT,2023-07-31 21:51:00,2023-07-31 22:09:00,1,0.5628767,1,1,Hold
8867,MSFT,2023-08-01 00:55:00,2023-08-01 01:09:00,0,0.099191576,0,0,Sell
6000,MSFT,2023-08-01 01:03:00,2023-08-01 01:21:00,1,0.8762117,1,1,Buy
1265,MSFT,2023-08-03 09:17:00,2023-08-03 09:25:00,1,0.9177781,1,1,Buy
6537,MSFT,2023-08-03 09:52:00,2023-08-03 10:17:00,0,0.86689544,1,0,Buy
7799,MSFT,2023-08-03 17:00:00,2023-08-03 17:21:00,0,0.12652184,0,0,Sell
5286,MSFT,2023-08-03 18:47:00,2023-08-03 18:53:00,0,0.37463468,0,0,Sell
4466,MSFT,2023-08-04 00:07:00,2023-08-04 00:32:00,0,0.91549176,1,0,Buy
485,MSFT,2023-08-04 01:09:00,2023-08-04 01:25:00,1,0.91129214,1,1,Buy
8276,MSFT,2023-08-04 04:08:00,2023-08-04 04:36:00,0,0.07122969,0,0,Sell
1044,MSFT,2023-08-04 14:48:00,2023-08-04 15:16:00,0,0.21398598,0,0,Sell
5337,MSFT,2023-08-04 19:02:00,2023-08-04 19:14:00,1,0.9561496,1,1,Buy
994,MSFT,2023-08-05 05:39:00,2023-08-05 05:59:00,1,0.9459213,1,1,Buy
8158,MSFT,2023-08-05 10:17:00,2023-08-05 10:42:00,0,0.6787503,1,0,Buy
7724,MSFT,2023-08-05 12:27:00,2023-08-05 12:38:00,0,0.1179287,0,0,Sell
1670,MSFT,2023-08-05 12:51:00,2023-08-05 13:17:00,1,0.95115554,1,1,Buy
6101,MSFT,2023-08-05 16:48:00,2023-08-05 16:58:00,0,0.8156568,1,0,Buy
3241,MSFT,2023-08-06 05:35:00,2023-08-06 06:02:00,0,0.052025877,0,0,Sell
9249,MSFT,2023-08-06 06:31:00,2023-08-06 06:37:00,1,0.90900856,1,1,Buy
8895,MSFT,2023-08-06 12:17:00,2023-08-06 12:34:00,0,0.05615104,0,0,Sell
110,MSFT,2023-08-06 13:35:00,2023-08-06 13:55:00,0,0.031390242,0,0,Sell
6,MSFT,2023-08-07 03:15:00,2023-08-07 03:30:00,0,0.06442103,0,0,Sell
2786,MSFT,2023-08-07 06:47:00,2023-08-07 07:12:00,1,0.34128392,0,1,Sell
7994,MSFT,2023-08-07 14:35:00,2023-08-07 14:48:00,0,0.051926408,0,0,Sell
5367,MSFT,2023-08-07 22:58:00,2023-08-07 23:17:00,0,0.03435993,0,0,Sell
5006,MSFT,2023-08-08 02:11:00,2023-08-08 02:18:00,0,0.11363915,0,0,Sell
2177,MSFT,2023-08-08 12:13:00,2023-08-08 12:28:00,1,0.8954965,1,1,Buy
259,MSFT,2023-08-10 12:42:00,2023-08-10 13:10:00,0,0.04039576,0,0,Sell
793,MSFT,2023-08-10 12:46:00,2023-08-10 13:02:00,1,0.8849988,1,1,Buy
7529,MSFT,2023-08-10 20:38:00,2023-08-10 20:47:00,1,0.96696824,1,1,Buy
5583,MSFT,2023-08-10 21:06:00,2023-08-10 21:15:00,0,0.12873003,0,0,Sell
2718,MSFT,2023-08-11 02:36:00,2023-08-11 03:02:00,1,0.97468454,1,1,Buy
3386,MSFT,2023-08-12 06:50:00,2023-08-12 07:01:00,0,0.9749758,1,0,Buy
1630,MSFT,2023-08-13 06:32:00,2023-08-13 06:53:00,1,0.9739502,1,1,Buy
2695,MSFT,2023-08-13 13:27:00,2023-08-13 13:37:00,0,0.897181,1,0,Buy
4114,MSFT,2023-08-13 23:24:00,2023-08-13 23:46:00,1,0.9834578,1,1,Buy
6236,MSFT,2023-08-14 12:17:00,2023-08-14 12:33:00,1,0.931408,1,1,Buy
2547,MSFT,2023-08-15 19:55:00,2023-08-15 20:25:00,0,0.32173103,0,0,Sell
6113,MSFT,2023-08-16 01:14:00,2023-08-16 01:37:00,1,0.425519,0,1,Hold
8711,MSFT,2023-08-16 09:28:00,2023-08-16 09:41:00,1,0.94774497,1,1,Buy
4700,MSFT,2023-08-16 20:47:00,2023-08-16 21:06:00,0,0.112419,0,0,Sell
6595,MSFT,2023-08-16 22:19:00,2023-08-16 22:45:00,0,0.075993754,0,0,Sell
9362,MSFT,2023-08-16 23:35:00,2023-08-17 00:05:00,0,0.31656575,0,0,Sell
5428,MSFT,2023-08-17 06:30:00,2023-08-17 06:41:00,0,0.062312283,0,0,Sell
4667,MSFT,2023-08-17 23:52:00,2023-08-18 00:09:00,1,0.3176544,0,1,Sell
4433,MSFT,2023-08-18 13:57:00,2023-08-18 14:07:00,1,0.9127166,1,1,Buy
5604,MSFT,2023-08-19 05:30:00,2023-08-19 05:59:00,1,0.925644,1,1,Buy
6588,MSFT,2023-08-19 09:18:00,2023-08-19 09:29:00,1,0.9503583,1,1,Buy
2449,MSFT,2023-08-19 22:24:00,2023-08-19 22:31:00,1,0.8837739,1,1,Buy
9378,MSFT,2023-08-20 01:24:00,2023-08-20 01:43:00,0,0.12549621,0,0,Sell
3880,MSFT,2023-08-20 15:26:00,2023-08-20 15:43:00,0,0.0852759,0,0,Sell
6754,MSFT,2023-08-20 22:55:00,2023-08-20 23:05:00,0,0.051148266,0,0,Sell
6819,MSFT,2023-08-21 12:02:00,2023-08-21 12:07:00,0,0.07332222,0,0,Sell
8905,MSFT,2023-08-21 18:11:00,2023-08-21 18:21:00,1,0.90544075,1,1,Buy
408,MSFT,2023-08-22 13:53:00,2023-08-22 14:00:00,0,0.43009406,0,0,Hold
9802,MSFT,2023-08-23 13:21:00,2023-08-23 13:36:00,1,0.94522506,1,1,Buy
3425,MSFT,2023-08-23 17:17:00,2023-08-23 17:27:00,0,0.09816866,0,0,Sell
2721,MSFT,2023-08-24 02:19:00,2023-08-24 02:39:00,1,0.09861374,0,1,Sell
721,MSFT,2023-08-24 11:12:00,2023-08-24 11:35:00,1,0.30999357,0,1,Sell
9433,MSFT,2023-08-24 23:48:00,2023-08-25 00:08:00,0,0.5790653,1,0,Hold
6461,MSFT,2023-08-25 00:46:00,2023-08-25 00:56:00,0,0.07952885,0,0,Sell
2349,MSFT,2023-08-25 12:20:00,2023-08-25 12:49:00,1,0.07764893,0,1,Sell
6254,MSFT,2023-08-26 00:14:00,2023-08-26 00:32:00,1,0.9174205,1,1,Buy
6352,MSFT,2023-08-26 06:47:00,2023-08-26 07:10:00,1,0.33752117,0,1,Sell
1387,MSFT,2023-08-26 09:08:00,2023-08-26 09:35:00,1,0.16621883,0,1,Sell
7313,MSFT,2023-08-26 10:01:00,2023-08-26 10:24:00,0,0.33500186,0,0,Sell
8049,MSFT,2023-08-26 13:02:00,2023-08-26 13:20:00,0,0.033779763,0,0,Sell
8595,MSFT,2023-08-26 23:23:00,2023-08-26 23:39:00,1,0.24133512,0,1,Sell
4787,MSFT,2023-08-27 02:07:00,2023-08-27 02:32:00,0,0.31623447,0,0,Sell
1462,MSFT,2023-08-27 20:15:00,2023-08-27 20:42:00,0,0.73214,1,0,Buy
6900,MSFT,2023-08-28 00:48:00,2023-08-28 01:08:00,1,0.9653886,1,1,Buy
3456,MSFT,2023-08-28 01:01:00,2023-08-28 01:24:00,0,0.9030949,1,0,Buy
2057,MSFT,2023-08-29 00:18:00,2023-08-29 00:33:00,1,0.9661682,1,1,Buy
2124,MSFT,2023-08-31 03:16:00,2023-08-31 03:23:00,1,0.9707162,1,1,Buy
2694,MSFT,2023-09-01 07:11:00,2023-09-01 07:16:00,0,0.335535,0,0,Sell
134,MSFT,2023-09-01 12:34:00,2023-09-01 12:59:00,0,0.08284077,0,0,Sell
4498,MSFT,2023-09-01 12:59:00,2023-09-01 13:12:00,1,0.6083601,1,1,Buy
1844,MSFT,2023-09-01 19:28:00,2023-09-01 19:43:00,0,0.39391074,0,0,Sell
3195,MSFT,2023-09-02 17:42:00,2023-09-02 18:05:00,1,0.8970412,1,1,Buy
5576,MSFT,2023-09-03 00:09:00,2023-09-03 00:23:00,0,0.063781664,0,0,Sell
3221,MSFT,2023-09-03 18:37:00,2023-09-03 19:00:00,0,0.049938384,0,0,Sell
1421,MSFT,2023-09-03 22:30:00,2023-09-03 22:42:00,1,0.7232611,1,1,Buy
5190,MSFT,2023-09-04 03:32:00,2023-09-04 03:49:00,0,0.09092771,0,0,Sell
8755,MSFT,2023-09-04 03:37:00,2023-09-04 03:44:00,1,0.90456206,1,1,Buy
1835,MSFT,2023-09-04 12:12:00,2023-09-04 12:34:00,1,0.9258224,1,1,Buy
927,MSFT,2023-09-05 03:17:00,2023-09-05 03:35:00,0,0.085264206,0,0,Sell
9299,MSFT,2023-09-05 19:28:00,2023-09-05 19:33:00,0,0.6675877,1,0,Buy
5386,MSFT,2023-09-07 03:31:00,2023-09-07 03:36:00,1,0.93747604,1,1,Buy
4778,MSFT,2023-09-08 06:21:00,2023-09-08 06:33:00,1,0.32098046,0,1,Sell
8453,MSFT,2023-09-08 10:55:00,2023-09-08 11:25:00,0,0.062288243,0,0,Sell
9109,MSFT,2023-09-08 17:40:00,2023-09-08 18:04:00,0,0.05249424,0,0,Sell
5532,MSFT,2023-09-09 21:05:00,2023-09-09 21:27:00,0,0.35140142,0,0,Sell
9947,MSFT,2023-09-10 08:04:00,2023-09-10 08:26:00,1,0.38320497,0,1,Sell
5970,MSFT,2023-09-10 08:50:00,2023-09-10 09:16:00,1,0.91716844,1,1,Buy
4557,MSFT,2023-09-10 22:05:00,2023-09-10 22:31:00,0,0.08540954,0,0,Sell
6902,MSFT,2023-09-11 00:28:00,2023-09-11 00:57:00,1,0.49025127,0,1,Hold
781,MSFT,2023-09-11 01:42:00,2023-09-11 02:07:00,0,0.11277499,0,0,Sell
5622,MSFT,2023-09-11 04:13:00,2023-09-11 04:34:00,0,0.2878379,0,0,Sell
2832,MSFT,2023-09-11 13:43:00,2023-09-11 14:12:00,1,0.8971804,1,1,Buy
7117,MSFT,2023-09-12 00:08:00,2023-09-12 00:22:00,1,0.48318017,0,1,Hold
5755,MSFT,2023-09-12 21:30:00,2023-09-12 21:39:00,1,0.18323952,0,1,Sell
3136,MSFT,2023-09-13 07:28:00,2023-09-13 07:46:00,1,0.90999573,1,1,Buy
3063,MSFT,2023-09-13 12:05:00,2023-09-13 12:22:00,0,0.07117342,0,0,Sell
2249,MSFT,2023-09-13 17:39:00,2023-09-13 17:57:00,1,0.94779503,1,1,Buy
6940,MSFT,2023-09-15 00:52:00,2023-09-15 01:14:00,1,0.69103706,1,1,Buy
5538,MSFT,2023-09-16 07:33:00,2023-09-16 07:43:00,1,0.94500774,1,1,Buy
3185,MSFT,2023-09-17 11:11:00,2023-09-17 11:22:00,0,0.3741637,0,0,Sell
3258,MSFT,2023-09-18 05:49:00,2023-09-18 06:10:00,0,0.56928194,1,0,Hold
8541,MSFT,2023-09-18 08:53:00,2023-09-18 09:06:00,0,0.05650287,0,0,Sell
7829,MSFT,2023-09-18 10:53:00,2023-09-18 11:01:00,1,0.24771717,0,1,Sell
1772,MSFT,2023-09-18 11:50:00,2023-09-18 12:13:00,1,0.89789826,1,1,Buy
2607,MSFT,2023-09-18 23:19:00,2023-09-18 23:44:00,0,0.048626363,0,0,Sell
5786,MSFT,2023-09-19 08:53:00,2023-09-19 09:08:00,0,0.3646519,0,0,Sell
4338,MSFT,2023-09-20 00:38:00,2023-09-20 01:04:00,0,0.29786915,0,0,Sell
240,MSFT,2023-09-20 02:17:00,2023-09-20 02:34:00,0,0.09728562,0,0,Sell
7426,MSFT,2023-09-20 13:02:00,2023-09-20 13:19:00,1,0.30792665,0,1,Sell
7577,MSFT,2023-09-20 21:12:00,2023-09-20 21:30:00,0,0.060006205,0,0,Sell
7179,MSFT,2023-09-20 22:31:00,2023-09-20 22:46:00,0,0.055442993,0,0,Sell
2775,MSFT,2023-09-22 04:15:00,2023-09-22 04:35:00,0,0.29055586,0,0,Sell
8956,MSFT,2023-09-22 06:19:00,2023-09-22 06:47:00,1,0.8926186,1,1,Buy
6973,MSFT,2023-09-22 21:58:00,2023-09-22 22:25:00,0,0.06567029,0,0,Sell
3402,MSFT,2023-09-22 23:20:00,2023-09-22 23:47:00,0,0.036869813,0,0,Sell
5679,MSFT,2023-09-23 10:24:00,2023-09-23 10:40:00,1,0.65024877,1,1,Buy
5471,MSFT,2023-09-23 11:35:00,2023-09-23 11:47:00,0,0.48508096,0,0,Hold
2661,MSFT,2023-09-23 20:05:00,2023-09-23 20:11:00,0,0.4700781,0,0,Hold
8754,MSFT,2023-09-24 19:12:00,2023-09-24 19:17:00,1,0.93395,1,1,Buy
227,MSFT,2023-09-25 09:36:00,2023-09-25 09:52:00,0,0.10650268,0,0,Sell
8994,MSFT,2023-09-25 15:55:00,2023-09-25 16:11:00,1,0.954033,1,1,Buy
4072,MSFT,2023-09-26 13:48:00,2023-09-26 14:00:00,1,0.9529389,1,1,Buy
3102,MSFT,2023-09-27 09:34:00,2023-09-27 09:49:00,1,0.95649374,1,1,Buy
8716,MSFT,2023-09-27 10:21:00,2023-09-27 10:32:00,0,0.14680356,0,0,Sell
8030,MSFT,2023-09-28 06:29:00,2023-09-28 06:55:00,1,0.40936285,0,1,Hold
7311,MSFT,2023-09-28 15:17:00,2023-09-28 15:28:00,0,0.10202417,0,0,Sell
3590,MSFT,2023-09-28 18:01:00,2023-09-28 18:21:00,1,0.93238944,1,1,Buy
6955,MSFT,2023-09-28 23:50:00,2023-09-29 00:19:00,1,0.92561114,1,1,Buy
930,MSFT,2023-09-29 15:24:00,2023-09-29 15:43:00,1,0.46496117,0,1,Hold
7608,MSFT,2023-09-29 16:50:00,2023-09-29 17:01:00,1,0.9376847,1,1,Buy
273,MSFT,2023-09-30 12:03:00,2023-09-30 12:31:00,1,0.95081013,1,1,Buy
4572,MSFT,2023-09-30 15:23:00,2023-09-30 15:40:00,0,0.40269276,0,0,Hold
2113,MSFT,2023-09-30 17:54:00,2023-09-30 18:19:00,0,0.4671001,0,0,Hold
5600,MSFT,2023-09-30 19:38:00,2023-09-30 19:55:00,1,0.9502007,1,1,Buy
2274,MSFT,2023-09-30 22:06:00,2023-09-30 22:21:00,1,0.94468606,1,1,Buy
1873,MSFT,2023-10-02 00:47:00,2023-10-02 00:53:00,1,0.9055732,1,1,Buy
9945,MSFT,2023-10-02 12:38:00,2023-10-02 13:05:00,1,0.9378861,1,1,Buy
768,MSFT,2023-10-03 08:20:00,2023-10-03 08:26:00,1,0.9458848,1,1,Buy
3093,MSFT,2023-10-03 16:39:00,2023-10-03 17:02:00,0,0.1438395,0,0,Sell
8509,MSFT,2023-10-03 23:51:00,2023-10-04 00:07:00,0,0.562966,1,0,Hold
1442,MSFT,2023-10-04 19:16:00,2023-10-04 19:33:00,0,0.7933515,1,0,Buy
3464,MSFT,2023-10-05 23:19:00,2023-10-05 23:35:00,1,0.9441171,1,1,Buy
4270,MSFT,2023-10-06 02:59:00,2023-10-06 03:07:00,0,0.06327221,0,0,Sell
5874,MSFT,2023-10-06 04:34:00,2023-10-06 04:41:00,0,0.09147225,0,0,Sell
8676,MSFT,2023-10-07 12:29:00,2023-10-07 12:56:00,1,0.43176493,0,1,Hold
5173,MSFT,2023-10-07 21:51:00,2023-10-07 22:06:00,0,0.0625389,0,0,Sell
7551,MSFT,2023-10-08 11:36:00,2023-10-08 11:50:00,0,0.046566274,0,0,Sell
8751,MSFT,2023-10-09 01:57:00,2023-10-09 02:14:00,1,0.400794,0,1,Hold
8303,MSFT,2023-10-09 16:38:00,2023-10-09 17:03:00,1,0.4872847,0,1,Hold
9811,MSFT,2023-10-09 18:09:00,2023-10-09 18:39:00,0,0.40842143,0,0,Hold
7242,MSFT,2023-10-09 21:15:00,2023-10-09 21:40:00,1,0.7233285,1,1,Buy
5240,MSFT,2023-10-11 21:16:00,2023-10-11 21:36:00,1,0.9543177,1,1,Buy
7935,MSFT,2023-10-12 08:14:00,2023-10-12 08:26:00,1,0.7556892,1,1,Buy
4530,MSFT,2023-10-12 14:33:00,2023-10-12 14:50:00,1,0.93770325,1,1,Buy
1075,MSFT,2023-10-12 22:21:00,2023-10-12 22:28:00,0,0.07774696,0,0,Sell
9661,MSFT,2023-10-13 08:01:00,2023-10-13 08:25:00,0,0.08611597,0,0,Sell
9056,MSFT,2023-10-14 07:01:00,2023-10-14 07:12:00,1,0.9267054,1,1,Buy
6349,MSFT,2023-10-14 13:19:00,2023-10-14 13:45:00,0,0.31767672,0,0,Sell
3349,MSFT,2023-10-14 14:18:00,2023-10-14 14:47:00,0,0.3671819,0,0,Sell
2388,MSFT,2023-10-14 21:05:00,2023-10-14 21:31:00,1,0.48363978,0,1,Hold
9414,MSFT,2023-10-15 08:56:00,2023-10-15 09:25:00,0,0.4716576,0,0,Hold
4490,MSFT,2023-10-15 20:58:00,2023-10-15 21:11:00,0,0.060985137,0,0,Sell
6926,MSFT,2023-10-16 01:08:00,2023-10-16 01:16:00,1,0.9005974,1,1,Buy
9213,MSFT,2023-10-16 08:02:00,2023-10-16 08:28:00,0,0.27217942,0,0,Sell
1758,MSFT,2023-10-17 00:57:00,2023-10-17 01:22:00,0,0.08999591,0,0,Sell
970,MSFT,2023-10-18 03:59:00,2023-10-18 04:16:00,0,0.08961605,0,0,Sell
3453,MSFT,2023-10-18 21:35:00,2023-10-18 21:56:00,1,0.07742282,0,1,Sell
989,MSFT,2023-10-19 19:53:00,2023-10-19 20:11:00,1,0.9341279,1,1,Buy
1013,MSFT,2023-10-20 04:55:00,2023-10-20 05:09:00,1,0.9476946,1,1,Buy
6239,MSFT,2023-10-20 10:53:00,2023-10-20 11:03:00,1,0.37665734,0,1,Sell
3727,MSFT,2023-10-21 14:42:00,2023-10-21 14:55:00,0,0.12836602,0,0,Sell
7552,MSFT,2023-10-21 23:40:00,2023-10-21 23:52:00,1,0.1186187,0,1,Sell
1711,MSFT,2023-10-22 16:34:00,2023-10-22 16:44:00,0,0.2943488,0,0,Sell
8458,MSFT,2023-10-22 19:23:00,2023-10-22 19:28:00,1,0.8115114,1,1,Buy
9424,MSFT,2023-10-22 20:55:00,2023-10-22 21:06:00,0,0.3211731,0,0,Sell
8525,MSFT,2023-10-23 09:25:00,2023-10-23 09:54:00,0,0.0911238,0,0,Sell
7659,MSFT,2023-10-23 14:37:00,2023-10-23 14:52:00,0,0.052064117,0,0,Sell
3028,MSFT,2023-10-23 16:50:00,2023-10-23 17:06:00,1,0.8944269,1,1,Buy
9591,MSFT,2023-10-24 09:40:00,2023-10-24 10:04:00,0,0.20064047,0,0,Sell
6714,MSFT,2023-10-25 09:57:00,2023-10-25 10:05:00,0,0.05683523,0,0,Sell
8441,MSFT,2023-10-25 17:05:00,2023-10-25 17:30:00,1,0.91965425,1,1,Buy
4780,MSFT,2023-10-27 06:06:00,2023-10-27 06:15:00,1,0.93191195,1,1,Buy
5629,MSFT,2023-10-27 15:11:00,2023-10-27 15:31:00,1,0.9337947,1,1,Buy
2976,MSFT,2023-10-28 02:37:00,2023-10-28 02:48:00,1,0.6691023,1,1,Buy
5299,MSFT,2023-10-28 14:26:00,2023-10-28 14:43:00,1,0.66460073,1,1,Buy
7966,MSFT,2023-10-29 11:16:00,2023-10-29 11:22:00,1,0.95218545,1,1,Buy
7820,MSFT,2023-10-29 21:59:00,2023-10-29 22:11:00,1,0.7110333,1,1,Buy
2071,MSFT,2023-10-29 22:14:00,2023-10-29 22:43:00,0,0.607187,1,0,Buy
9586,MSFT,2023-10-30 03:09:00,2023-10-30 03:30:00,1,0.9475215,1,1,Buy
4196,MSFT,2023-10-30 04:09:00,2023-10-30 04:14:00,0,0.1251619,0,0,Sell
974,MSFT,2023-10-30 04:35:00,2023-10-30 04:54:00,1,0.5498738,1,1,Hold
2030,MSFT,2023-10-30 05:58:00,2023-10-30 06:25:00,1,0.1304515,0,1,Sell
1899,MSFT,2023-10-30 08:45:00,2023-10-30 09:08:00,1,0.9433689,1,1,Buy
3326,MSFT,2023-10-30 18:19:00,2023-10-30 18:43:00,0,0.0631705,0,0,Sell
5612,MSFT,2023-10-30 21:14:00,2023-10-30 21:27:00,0,0.83030224,1,0,Buy
6337,MSFT,2023-10-31 00:17:00,2023-10-31 00:36:00,0,0.09338739,0,0,Sell
2777,MSFT,2023-10-31 12:25:00,2023-10-31 12:30:00,0,0.03834203,0,0,Sell
2480,MSFT,2023-10-31 18:13:00,2023-10-31 18:22:00,0,0.03497302,0,0,Sell
373,MSFT,2023-10-31 20:47:00,2023-10-31 21:08:00,1,0.92163134,1,1,Buy
5155,MSFT,2023-11-02 00:13:00,2023-11-02 00:21:00,0,0.060990896,0,0,Sell
7510,MSFT,2023-11-02 01:41:00,2023-11-02 02:10:00,0,0.8595648,1,0,Buy
2437,MSFT,2023-11-02 07:14:00,2023-11-02 07:27:00,0,0.44403392,0,0,Hold
2629,MSFT,2023-11-02 09:08:00,2023-11-02 09:13:00,1,0.93668073,1,1,Buy
6253,MSFT,2023-11-02 14:53:00,2023-11-02 15:15:00,0,0.3268384,0,0,Sell
5460,MSFT,2023-11-03 00:42:00,2023-11-03 01:10:00,1,0.90115976,1,1,Buy
9218,MSFT,2023-11-03 05:21:00,2023-11-03 05:42:00,0,0.23424233,0,0,Sell
7715,MSFT,2023-11-03 12:47:00,2023-11-03 13:16:00,0,0.6496505,1,0,Buy
9806,MSFT,2023-11-03 16:22:00,2023-11-03 16:49:00,1,0.47668093,0,1,Hold
629,MSFT,2023-11-03 22:45:00,2023-11-03 23:00:00,1,0.935502,1,1,Buy
7508,MSFT,2023-11-04 03:46:00,2023-11-04 04:10:00,1,0.9283635,1,1,Buy
8401,MSFT,2023-11-05 07:13:00,2023-11-05 07:28:00,0,0.3884573,0,0,Sell
9247,MSFT,2023-11-05 07:56:00,2023-11-05 08:16:00,0,0.45791924,0,0,Hold
2508,MSFT,2023-11-05 12:36:00,2023-11-05 12:57:00,0,0.07572301,0,0,Sell
3184,MSFT,2023-11-05 20:08:00,2023-11-05 20:35:00,0,0.3330406,0,0,Sell
5577,MSFT,2023-11-06 01:02:00,2023-11-06 01:19:00,0,0.41441023,0,0,Hold
6259,MSFT,2023-11-06 19:00:00,2023-11-06 19:26:00,0,0.8984508,1,0,Buy
2023,MSFT,2023-11-07 21:13:00,2023-11-07 21:33:00,1,0.90841407,1,1,Buy
2784,MSFT,2023-11-08 13:46:00,2023-11-08 13:53:00,0,0.51923,1,0,Hold
4111,MSFT,2023-11-09 14:14:00,2023-11-09 14:22:00,0,0.68750554,1,0,Buy
5601,MSFT,2023-11-09 21:50:00,2023-11-09 21:58:00,1,0.935889,1,1,Buy
9457,MSFT,2023-11-11 19:09:00,2023-11-11 19:31:00,1,0.9437518,1,1,Buy
585,MSFT,2023-11-12 11:22:00,2023-11-12 11:48:00,0,0.062114958,0,0,Sell
7147,MSFT,2023-11-13 02:39:00,2023-11-13 03:09:00,0,0.09009192,0,0,Sell
6768,MSFT,2023-11-14 02:48:00,2023-11-14 03:09:00,0,0.44932863,0,0,Hold
9094,MSFT,2023-11-14 21:15:00,2023-11-14 21:41:00,0,0.45332947,0,0,Hold
5462,MSFT,2023-11-15 08:03:00,2023-11-15 08:29:00,0,0.06581242,0,0,Sell
4867,MSFT,2023-11-15 10:59:00,2023-11-15 11:08:00,0,0.055134937,0,0,Sell
7165,MSFT,2023-11-15 19:02:00,2023-11-15 19:08:00,0,0.46742025,0,0,Hold
3836,MSFT,2023-11-15 21:16:00,2023-11-15 21:37:00,1,0.92828697,1,1,Buy
9627,MSFT,2023-11-15 22:52:00,2023-11-15 23:02:00,0,0.30580437,0,0,Sell
1693,MSFT,2023-11-16 04:25:00,2023-11-16 04:54:00,0,0.07509335,0,0,Sell
3611,MSFT,2023-11-16 05:31:00,2023-11-16 05:55:00,0,0.062023237,0,0,Sell
8775,MSFT,2023-11-16 19:18:00,2023-11-16 19:32:00,0,0.04289539,0,0,Sell
9279,MSFT,2023-11-17 20:47:00,2023-11-17 21:10:00,0,0.029063256,0,0,Sell
3612,MSFT,2023-11-18 00:27:00,2023-11-18 00:50:00,0,0.25514403,0,0,Sell
7416,MSFT,2023-11-18 03:32:00,2023-11-18 03:39:00,1,0.89246076,1,1,Buy
3894,MSFT,2023-11-18 13:55:00,2023-11-18 14:01:00,1,0.922142,1,1,Buy
6675,MSFT,2023-11-18 17:28:00,2023-11-18 17:37:00,1,0.3941821,0,1,Sell
6367,MSFT,2023-11-18 21:48:00,2023-11-18 21:59:00,0,0.93459857,1,0,Buy
1222,MSFT,2023-11-19 01:02:00,2023-11-19 01:27:00,1,0.92552316,1,1,Buy
2171,MSFT,2023-11-19 07:11:00,2023-11-19 07:32:00,0,0.6933186,1,0,Buy
9702,MSFT,2023-11-19 10:02:00,2023-11-19 10:32:00,0,0.9382238,1,0,Buy
2150,MSFT,2023-11-19 11:54:00,2023-11-19 12:08:00,1,0.95615405,1,1,Buy
8549,MSFT,2023-11-19 20:19:00,2023-11-19 20:43:00,0,0.121938825,0,0,Sell
1083,MSFT,2023-11-20 06:56:00,2023-11-20 07:19:00,1,0.9157408,1,1,Buy
6256,MSFT,2023-11-20 16:52:00,2023-11-20 16:57:00,0,0.08973608,0,0,Sell
8508,MSFT,2023-11-20 17:34:00,2023-11-20 17:55:00,1,0.9419169,1,1,Buy
3890,MSFT,2023-11-21 02:57:00,2023-11-21 03:20:00,1,0.36063135,0,1,Sell
9376,MSFT,2023-11-21 12:46:00,2023-11-21 12:59:00,0,0.0774936,0,0,Sell
8957,MSFT,2023-11-21 22:10:00,2023-11-21 22:31:00,1,0.94940734,1,1,Buy
6028,MSFT,2023-11-22 02:11:00,2023-11-22 02:35:00,0,0.11031369,0,0,Sell
1593,MSFT,2023-11-22 10:20:00,2023-11-22 10:45:00,0,0.4164167,0,0,Hold
1360,MSFT,2023-11-23 20:33:00,2023-11-23 20:55:00,1,0.62430197,1,1,Buy
7600,MSFT,2023-11-24 14:51:00,2023-11-24 15:07:00,1,0.45046768,0,1,Hold
7938,MSFT,2023-11-24 16:48:00,2023-11-24 17:02:00,1,0.40880364,0,1,Hold
8619,MSFT,2023-11-24 17:17:00,2023-11-24 17:46:00,0,0.54750246,1,0,Hold
1958,MSFT,2023-11-25 06:12:00,2023-11-25 06:27:00,0,0.06253826,0,0,Sell
2804,MSFT,2023-11-25 09:41:00,2023-11-25 09:48:00,1,0.93908995,1,1,Buy
8886,MSFT,2023-11-26 07:12:00,2023-11-26 07:18:00,1,0.9386416,1,1,Buy
7585,MSFT,2023-11-26 10:05:00,2023-11-26 10:20:00,0,0.5892165,1,0,Hold
1878,MSFT,2023-11-26 15:02:00,2023-11-26 15:26:00,1,0.9600541,1,1,Buy
1322,MSFT,2023-11-26 23:26:00,2023-11-26 23:47:00,1,0.9616055,1,1,Buy
2924,MSFT,2023-11-27 02:42:00,2023-11-27 03:04:00,0,0.6055458,1,0,Buy
1192,MSFT,2023-11-27 16:06:00,2023-11-27 16:27:00,0,0.07450595,0,0,Sell
57,MSFT,2023-11-29 07:37:00,2023-11-29 07:51:00,0,0.06483461,0,0,Sell
2602,MSFT,2023-11-29 10:38:00,2023-11-29 11:02:00,1,0.9113458,1,1,Buy
9628,MSFT,2023-11-30 00:09:00,2023-11-30 00:30:00,0,0.07064428,0,0,Sell
3142,MSFT,2023-11-30 13:24:00,2023-11-30 13:39:00,0,0.3502222,0,0,Sell
1356,MSFT,2023-12-01 14:25:00,2023-12-01 14:41:00,0,0.05361377,0,0,Sell
1966,MSFT,2023-12-02 02:05:00,2023-12-02 02:24:00,0,0.06868778,0,0,Sell
9152,MSFT,2023-12-02 15:17:00,2023-12-02 15:44:00,0,0.04336849,0,0,Sell
5811,MSFT,2023-12-02 19:26:00,2023-12-02 19:41:00,0,0.04175017,0,0,Sell
312,MSFT,2023-12-03 05:04:00,2023-12-03 05:29:00,1,0.2865572,0,1,Sell
2967,MSFT,2023-12-03 12:08:00,2023-12-03 12:33:00,0,0.05655017,0,0,Sell
2293,MSFT,2023-12-03 15:44:00,2023-12-03 16:05:00,0,0.22167757,0,0,Sell
256,MSFT,2023-12-03 16:24:00,2023-12-03 16:36:00,0,0.03673628,0,0,Sell
568,MSFT,2023-12-04 09:53:00,2023-12-04 10:06:00,1,0.8935576,1,1,Buy
9036,MSFT,2023-12-04 12:32:00,2023-12-04 12:53:00,0,0.43791923,0,0,Hold
5520,MSFT,2023-12-04 20:40:00,2023-12-04 20:56:00,0,0.7152704,1,0,Buy
8501,MSFT,2023-12-04 21:52:00,2023-12-04 22:00:00,1,0.84005016,1,1,Buy
1513,MSFT,2023-12-06 12:03:00,2023-12-06 12:19:00,0,0.06893788,0,0,Sell
2541,MSFT,2023-12-06 13:40:00,2023-12-06 13:47:00,0,0.33994618,0,0,Sell
7342,MSFT,2023-12-07 09:48:00,2023-12-07 10:06:00,0,0.05466867,0,0,Sell
1290,MSFT,2023-12-07 16:33:00,2023-12-07 16:43:00,1,0.92032015,1,1,Buy
8621,MSFT,2023-12-07 16:38:00,2023-12-07 17:07:00,0,0.39025766,0,0,Sell
618,MSFT,2023-12-07 22:17:00,2023-12-07 22:25:00,0,0.0481527,0,0,Sell
633,MSFT,2023-12-07 23:16:00,2023-12-07 23:38:00,1,0.7263231,1,1,Buy
5302,MSFT,2023-12-08 08:24:00,2023-12-08 08:49:00,0,0.0807822,0,0,Sell
9761,MSFT,2023-12-08 10:55:00,2023-12-08 11:23:00,1,0.3399104,0,1,Sell
9530,MSFT,2023-12-08 12:46:00,2023-12-08 13:05:00,0,0.288139,0,0,Sell
8138,MSFT,2023-12-08 20:34:00,2023-12-08 20:58:00,0,0.23953189,0,0,Sell
4050,MSFT,2023-12-09 04:00:00,2023-12-09 04:22:00,0,0.06889259,0,0,Sell
25,MSFT,2023-12-09 06:03:00,2023-12-09 06:28:00,1,0.92372257,1,1,Buy
3774,MSFT,2023-12-09 06:37:00,2023-12-09 06:43:00,1,0.93924147,1,1,Buy
1986,MSFT,2023-12-10 02:45:00,2023-12-10 03:06:00,0,0.059020106,0,0,Sell
8350,MSFT,2023-12-10 17:16:00,2023-12-10 17:23:00,1,0.9398547,1,1,Buy
7402,MSFT,2023-12-10 21:05:00,2023-12-10 21:19:00,1,0.9540098,1,1,Buy
8369,MSFT,2023-12-11 02:22:00,2023-12-11 02:29:00,1,0.91432667,1,1,Buy
4459,MSFT,2023-12-11 10:28:00,2023-12-11 10:44:00,0,0.082680665,0,0,Sell
1904,MSFT,2023-12-12 00:17:00,2023-12-12 00:23:00,1,0.14074016,0,1,Sell
934,MSFT,2023-12-12 01:42:00,2023-12-12 02:09:00,0,0.12145099,0,0,Sell
3357,MSFT,2023-12-12 21:47:00,2023-12-12 22:09:00,1,0.95504034,1,1,Buy
5425,MSFT,2023-12-15 00:50:00,2023-12-15 01:16:00,1,0.9301206,1,1,Buy
8486,MSFT,2023-12-15 10:43:00,2023-12-15 10:50:00,1,0.40315324,0,1,Hold
3931,MSFT,2023-12-16 05:00:00,2023-12-16 05:30:00,0,0.3822514,0,0,Sell
5004,MSFT,2023-12-16 05:03:00,2023-12-16 05:09:00,1,0.93285346,1,1,Buy
6810,MSFT,2023-12-16 06:08:00,2023-12-16 06:38:00,1,0.505634,1,1,Hold
9649,MSFT,2023-12-16 07:38:00,2023-12-16 07:56:00,1,0.9457754,1,1,Buy
3776,MSFT,2023-12-16 18:29:00,2023-12-16 18:39:00,0,0.5159849,1,0,Hold
8584,MSFT,2023-12-17 03:42:00,2023-12-17 03:49:00,1,0.569948,1,1,Hold
3141,MSFT,2023-12-17 16:36:00,2023-12-17 16:57:00,0,0.056060567,0,0,Sell
4093,MSFT,2023-12-17 19:07:00,2023-12-17 19:34:00,0,0.07688097,0,0,Sell
6335,MSFT,2023-12-18 06:14:00,2023-12-18 06:22:00,1,0.90841985,1,1,Buy
6637,MSFT,2023-12-18 12:09:00,2023-12-18 12:38:00,1,0.9463173,1,1,Buy
9068,MSFT,2023-12-19 05:20:00,2023-12-19 05:36:00,1,0.94383085,1,1,Buy
5754,MSFT,2023-12-19 19:44:00,2023-12-19 20:01:00,1,0.963538,1,1,Buy
6222,MSFT,2023-12-20 02:26:00,2023-12-20 02:55:00,0,0.11220763,0,0,Sell
9941,MSFT,2023-12-20 10:40:00,2023-12-20 10:58:00,1,0.96478015,1,1,Buy
9467,MSFT,2023-12-20 14:12:00,2023-12-20 14:18:00,0,0.08642788,0,0,Sell
919,MSFT,2023-12-20 16:40:00,2023-12-20 16:58:00,0,0.11832791,0,0,Sell
7753,MSFT,2023-12-21 02:18:00,2023-12-21 02:23:00,1,0.44001502,0,1,Hold
9164,MSFT,2023-12-21 02:25:00,2023-12-21 02:55:00,1,0.91626143,1,1,Buy
3750,MSFT,2023-12-21 03:02:00,2023-12-21 03:11:00,0,0.056263924,0,0,Sell
7163,MSFT,2023-12-21 13:00:00,2023-12-21 13:13:00,1,0.2655351,0,1,Sell
9805,MSFT,2023-12-22 18:50:00,2023-12-22 18:58:00,1,0.9498574,1,1,Buy
8055,MSFT,2023-12-22 22:22:00,2023-12-22 22:49:00,1,0.48799366,0,1,Hold
3414,MSFT,2023-12-23 14:18:00,2023-12-23 14:41:00,1,0.93142635,1,1,Buy
7406,MSFT,2023-12-23 15:14:00,2023-12-23 15:39:00,0,0.5634169,1,0,Hold
8131,MSFT,2023-12-23 21:44:00,2023-12-23 22:04:00,1,0.96654105,1,1,Buy
9521,MSFT,2023-12-24 01:24:00,2023-12-24 01:46:00,0,0.51910174,1,0,Hold
6772,MSFT,2023-12-24 08:43:00,2023-12-24 08:48:00,1,0.9013242,1,1,Buy
636,MSFT,2023-12-24 14:51:00,2023-12-24 15:18:00,1,0.6106999,1,1,Buy
9846,MSFT,2023-12-24 19:55:00,2023-12-24 20:25:00,0,0.09529261,0,0,Sell
4292,MSFT,2023-12-24 22:42:00,2023-12-24 23:06:00,0,0.061046645,0,0,Sell
4425,MSFT,2023-12-26 06:10:00,2023-12-26 06:33:00,0,0.8177144,1,0,Buy
6604,MSFT,2023-12-27 09:31:00,2023-12-27 09:37:00,0,0.54846174,1,0,Hold
542,MSFT,2023-12-27 18:26:00,2023-12-27 18:56:00,0,0.23242807,0,0,Sell
7653,MSFT,2023-12-29 12:26:00,2023-12-29 12:52:00,0,0.05190734,0,0,Sell
7617,MSFT,2023-12-31 01:36:00,2023-12-31 02:05:00,1,0.38004452,0,1,Sell
4823,MSFT,2023-12-31 10:49:00,2023-12-31 11:17:00,1,0.9354312,1,1,Buy
8899,MSFT,2023-12-31 19:37:00,2023-12-31 19:44:00,0,0.08455711,0,0,Sell
8517,MSFT,2023-12-31 22:28:00,2023-12-31 22:33:00,1,0.91954863,1,1,Buy
5903,MSFT,2023-12-31 23:11:00,2023-12-31 23:23:00,1,0.91878057,1,1,Buy
3444,NOK,2023-01-01 04:11:00,2023-01-01 04:30:00,1,0.9431803,1,1,Buy
9097,NOK,2023-01-01 19:43:00,2023-01-01 20:12:00,0,0.09212983,0,0,Sell
7614,NOK,2023-01-01 21:39:00,2023-01-01 21:54:00,0,0.055961296,0,0,Sell
4668,NOK,2023-01-02 11:59:00,2023-01-02 12:18:00,0,0.048441596,0,0,Sell
4294,NOK,2023-01-02 16:59:00,2023-01-02 17:06:00,0,0.21003853,0,0,Sell
5777,NOK,2023-01-03 02:09:00,2023-01-03 02:24:00,0,0.07111738,0,0,Sell
9018,NOK,2023-01-03 07:50:00,2023-01-03 08:03:00,0,0.039738767,0,0,Sell
1718,NOK,2023-01-03 09:08:00,2023-01-03 09:33:00,1,0.21250144,0,1,Sell
2263,NOK,2023-01-03 16:21:00,2023-01-03 16:30:00,1,0.9513398,1,1,Buy
2299,NOK,2023-01-03 18:24:00,2023-01-03 18:30:00,1,0.9470978,1,1,Buy
6528,NOK,2023-01-03 18:59:00,2023-01-03 19:29:00,0,0.95346296,1,0,Buy
9603,NOK,2023-01-03 20:01:00,2023-01-03 20:13:00,1,0.96477383,1,1,Buy
1052,NOK,2023-01-04 09:08:00,2023-01-04 09:24:00,1,0.9549801,1,1,Buy
1454,NOK,2023-01-04 18:21:00,2023-01-04 18:47:00,0,0.19980867,0,0,Sell
5515,NOK,2023-01-05 03:35:00,2023-01-05 03:47:00,1,0.94353265,1,1,Buy
9321,NOK,2023-01-05 04:37:00,2023-01-05 05:04:00,0,0.122287035,0,0,Sell
2472,NOK,2023-01-05 15:58:00,2023-01-05 16:14:00,1,0.94797564,1,1,Buy
5627,NOK,2023-01-05 16:32:00,2023-01-05 16:55:00,1,0.9498106,1,1,Buy
3459,NOK,2023-01-06 00:12:00,2023-01-06 00:40:00,0,0.46189037,0,0,Hold
2955,NOK,2023-01-06 16:31:00,2023-01-06 16:47:00,0,0.06947698,0,0,Sell
7482,NOK,2023-01-06 20:24:00,2023-01-06 20:31:00,1,0.27363807,0,1,Sell
11,NOK,2023-01-07 01:45:00,2023-01-07 02:15:00,0,0.08276306,0,0,Sell
944,NOK,2023-01-07 14:36:00,2023-01-07 14:53:00,1,0.31321958,0,1,Sell
2229,NOK,2023-01-07 18:07:00,2023-01-07 18:13:00,0,0.047317334,0,0,Sell
4899,NOK,2023-01-08 07:27:00,2023-01-08 07:50:00,1,0.79869646,1,1,Buy
8930,NOK,2023-01-08 14:00:00,2023-01-08 14:11:00,1,0.9364011,1,1,Buy
8152,NOK,2023-01-09 03:02:00,2023-01-09 03:18:00,1,0.24121252,0,1,Sell
8687,NOK,2023-01-09 03:26:00,2023-01-09 03:48:00,1,0.916186,1,1,Buy
1849,NOK,2023-01-09 12:25:00,2023-01-09 12:38:00,1,0.9438597,1,1,Buy
8431,NOK,2023-01-10 01:38:00,2023-01-10 02:00:00,0,0.14613414,0,0,Sell
9382,NOK,2023-01-10 05:36:00,2023-01-10 06:00:00,1,0.93133026,1,1,Buy
6300,NOK,2023-01-10 08:44:00,2023-01-10 08:56:00,0,0.08488963,0,0,Sell
6622,NOK,2023-01-10 12:29:00,2023-01-10 12:52:00,1,0.465534,0,1,Hold
5565,NOK,2023-01-10 14:28:00,2023-01-10 14:33:00,1,0.46692717,0,1,Hold
5171,NOK,2023-01-10 22:28:00,2023-01-10 22:56:00,0,0.072732836,0,0,Sell
8968,NOK,2023-01-11 09:35:00,2023-01-11 09:49:00,1,0.5046739,1,1,Hold
300,NOK,2023-01-11 23:12:00,2023-01-11 23:28:00,1,0.9515374,1,1,Buy
4979,NOK,2023-01-13 12:08:00,2023-01-13 12:27:00,0,0.0952476,0,0,Sell
1643,NOK,2023-01-13 13:44:00,2023-01-13 14:09:00,1,0.9284163,1,1,Buy
6420,NOK,2023-01-13 23:14:00,2023-01-13 23:34:00,1,0.5428409,1,1,Hold
2565,NOK,2023-01-14 00:40:00,2023-01-14 01:00:00,0,0.069093786,0,0,Sell
3636,NOK,2023-01-14 03:52:00,2023-01-14 04:00:00,0,0.355242,0,0,Sell
8109,NOK,2023-01-14 05:44:00,2023-01-14 06:02:00,0,0.06734373,0,0,Sell
2011,NOK,2023-01-15 08:58:00,2023-01-15 09:28:00,0,0.1703472,0,0,Sell
5304,NOK,2023-01-15 17:57:00,2023-01-15 18:21:00,0,0.39003277,0,0,Sell
7973,NOK,2023-01-16 00:38:00,2023-01-16 01:00:00,1,0.8937207,1,1,Buy
6741,NOK,2023-01-16 07:59:00,2023-01-16 08:09:00,1,0.90525913,1,1,Buy
4126,NOK,2023-01-16 13:14:00,2023-01-16 13:36:00,1,0.49047747,0,1,Hold
8545,NOK,2023-01-16 13:17:00,2023-01-16 13:33:00,1,0.9925021,1,1,Buy
8312,NOK,2023-01-16 14:49:00,2023-01-16 15:13:00,1,0.9613407,1,1,Buy
9316,NOK,2023-01-17 10:01:00,2023-01-17 10:11:00,0,0.5537134,1,0,Hold
5470,NOK,2023-01-17 17:49:00,2023-01-17 18:18:00,1,0.9889481,1,1,Buy
2609,NOK,2023-01-17 23:09:00,2023-01-17 23:18:00,0,0.890599,1,0,Buy
2670,NOK,2023-01-18 06:05:00,2023-01-18 06:12:00,0,0.9311443,1,0,Buy
3782,NOK,2023-01-18 07:48:00,2023-01-18 08:14:00,1,0.9195441,1,1,Buy
5061,NOK,2023-01-18 12:37:00,2023-01-18 12:43:00,0,0.44932383,0,0,Hold
8130,NOK,2023-01-19 02:29:00,2023-01-19 02:47:00,0,0.319084,0,0,Sell
7493,NOK,2023-01-19 07:49:00,2023-01-19 07:55:00,0,0.082610644,0,0,Sell
3191,NOK,2023-01-20 00:06:00,2023-01-20 00:22:00,1,0.4535428,0,1,Hold
5094,NOK,2023-01-20 08:40:00,2023-01-20 08:56:00,0,0.10934484,0,0,Sell
685,NOK,2023-01-21 08:05:00,2023-01-21 08:32:00,1,0.25027928,0,1,Sell
8945,NOK,2023-01-21 18:27:00,2023-01-21 18:50:00,0,0.06603756,0,0,Sell
9143,NOK,2023-01-21 22:18:00,2023-01-21 22:43:00,0,0.4120614,0,0,Hold
1988,NOK,2023-01-22 04:10:00,2023-01-22 04:24:00,1,0.83013403,1,1,Buy
5393,NOK,2023-01-22 06:29:00,2023-01-22 06:59:00,0,0.55506,1,0,Hold
3739,NOK,2023-01-22 13:40:00,2023-01-22 14:07:00,1,0.9603379,1,1,Buy
720,NOK,2023-01-22 16:41:00,2023-01-22 16:48:00,0,0.102146074,0,0,Sell
2704,NOK,2023-01-23 03:13:00,2023-01-23 03:34:00,0,0.10237408,0,0,Sell
1516,NOK,2023-01-23 21:17:00,2023-01-23 21:36:00,1,0.09470572,0,1,Sell
5540,NOK,2023-01-24 13:09:00,2023-01-24 13:39:00,0,0.068730816,0,0,Sell
6805,NOK,2023-01-24 17:31:00,2023-01-24 17:57:00,1,0.3755736,0,1,Sell
7964,NOK,2023-01-24 19:53:00,2023-01-24 20:10:00,1,0.57780534,1,1,Hold
9808,NOK,2023-01-24 21:05:00,2023-01-24 21:14:00,0,0.328696,0,0,Sell
9259,NOK,2023-01-24 23:07:00,2023-01-24 23:28:00,1,0.39223003,0,1,Sell
5362,NOK,2023-01-25 18:34:00,2023-01-25 18:54:00,1,0.9594742,1,1,Buy
1020,NOK,2023-01-26 08:19:00,2023-01-26 08:29:00,0,0.11054838,0,0,Sell
3600,NOK,2023-01-26 10:48:00,2023-01-26 11:03:00,0,0.9052131,1,0,Buy
5463,NOK,2023-01-28 01:37:00,2023-01-28 01:55:00,1,0.6483915,1,1,Buy
1354,NOK,2023-01-28 19:24:00,2023-01-28 19:37:00,1,0.3109716,0,1,Sell
8113,NOK,2023-01-29 09:30:00,2023-01-29 09:42:00,0,0.3721313,0,0,Sell
1285,NOK,2023-01-29 13:18:00,2023-01-29 13:47:00,1,0.9461,1,1,Buy
5760,NOK,2023-01-30 03:54:00,2023-01-30 04:21:00,1,0.9330199,1,1,Buy
7626,NOK,2023-01-30 04:50:00,2023-01-30 05:12:00,1,0.6555177,1,1,Buy
9955,NOK,2023-01-30 21:01:00,2023-01-30 21:12:00,1,0.6329828,1,1,Buy
3377,NOK,2023-01-31 14:40:00,2023-01-31 14:57:00,0,0.3095985,0,0,Sell
3451,NOK,2023-02-01 00:12:00,2023-02-01 00:41:00,1,0.921707,1,1,Buy
9962,NOK,2023-02-01 02:31:00,2023-02-01 02:48:00,0,0.4801879,0,0,Hold
4452,NOK,2023-02-01 10:12:00,2023-02-01 10:31:00,1,0.93085545,1,1,Buy
9409,NOK,2023-02-01 17:41:00,2023-02-01 18:02:00,0,0.062138926,0,0,Sell
1048,NOK,2023-02-01 18:39:00,2023-02-01 18:57:00,0,0.06643885,0,0,Sell
8224,NOK,2023-02-01 20:15:00,2023-02-01 20:29:00,0,0.06013172,0,0,Sell
3210,NOK,2023-02-02 11:29:00,2023-02-02 11:37:00,1,0.9108744,1,1,Buy
9333,NOK,2023-02-03 16:18:00,2023-02-03 16:33:00,0,0.055815276,0,0,Sell
7503,NOK,2023-02-04 07:59:00,2023-02-04 08:12:00,1,0.9188104,1,1,Buy
789,NOK,2023-02-04 12:05:00,2023-02-04 12:31:00,1,0.9338354,1,1,Buy
449,NOK,2023-02-04 19:50:00,2023-02-04 20:19:00,1,0.92466897,1,1,Buy
2809,NOK,2023-02-04 20:03:00,2023-02-04 20:08:00,1,0.8911117,1,1,Buy
9796,NOK,2023-02-04 22:22:00,2023-02-04 22:37:00,1,0.9613035,1,1,Buy
696,NOK,2023-02-04 23:40:00,2023-02-04 23:49:00,1,0.96247625,1,1,Buy
792,NOK,2023-02-05 02:41:00,2023-02-05 02:56:00,1,0.9344809,1,1,Buy
481,NOK,2023-02-05 03:27:00,2023-02-05 03:45:00,1,0.94163126,1,1,Buy
8099,NOK,2023-02-05 09:00:00,2023-02-05 09:06:00,0,0.8456022,1,0,Buy
1242,NOK,2023-02-07 15:34:00,2023-02-07 15:53:00,1,0.9356934,1,1,Buy
6871,NOK,2023-02-08 03:38:00,2023-02-08 03:47:00,1,0.9245818,1,1,Buy
5795,NOK,2023-02-08 20:11:00,2023-02-08 20:29:00,1,0.9594458,1,1,Buy
5508,NOK,2023-02-09 01:25:00,2023-02-09 01:53:00,1,0.91283643,1,1,Buy
1029,NOK,2023-02-09 11:59:00,2023-02-09 12:04:00,1,0.9596114,1,1,Buy
397,NOK,2023-02-09 21:48:00,2023-02-09 22:04:00,1,0.9659194,1,1,Buy
346,NOK,2023-02-09 23:23:00,2023-02-09 23:47:00,0,0.19388866,0,0,Sell
4760,NOK,2023-02-10 00:04:00,2023-02-10 00:25:00,0,0.9298043,1,0,Buy
1703,NOK,2023-02-10 10:54:00,2023-02-10 11:07:00,1,0.66246116,1,1,Buy
632,NOK,2023-02-10 20:49:00,2023-02-10 21:15:00,0,0.49591976,0,0,Hold
3661,NOK,2023-02-11 02:34:00,2023-02-11 03:01:00,1,0.9316545,1,1,Buy
3847,NOK,2023-02-11 02:40:00,2023-02-11 02:45:00,1,0.33837032,0,1,Sell
5883,NOK,2023-02-11 12:52:00,2023-02-11 13:01:00,0,0.054931868,0,0,Sell
2878,NOK,2023-02-11 15:27:00,2023-02-11 15:36:00,0,0.05465287,0,0,Sell
9605,NOK,2023-02-12 02:35:00,2023-02-12 02:53:00,1,0.930302,1,1,Buy
334,NOK,2023-02-12 11:13:00,2023-02-12 11:29:00,0,0.06720036,0,0,Sell
9738,NOK,2023-02-13 02:59:00,2023-02-13 03:10:00,0,0.5105223,1,0,Hold
7972,NOK,2023-02-13 08:27:00,2023-02-13 08:34:00,1,0.93569815,1,1,Buy
4779,NOK,2023-02-13 10:36:00,2023-02-13 11:00:00,0,0.076929,0,0,Sell
3485,NOK,2023-02-13 14:42:00,2023-02-13 14:58:00,1,0.92858475,1,1,Buy
8084,NOK,2023-02-13 16:13:00,2023-02-13 16:30:00,0,0.08727891,0,0,Sell
4194,NOK,2023-02-13 19:46:00,2023-02-13 20:10:00,0,0.06727727,0,0,Sell
6911,NOK,2023-02-17 15:56:00,2023-02-17 16:09:00,0,0.8959456,1,0,Buy
7699,NOK,2023-02-18 14:23:00,2023-02-18 14:40:00,0,0.31672764,0,0,Sell
2470,NOK,2023-02-18 18:05:00,2023-02-18 18:11:00,0,0.038381185,0,0,Sell
7902,NOK,2023-02-20 17:25:00,2023-02-20 17:52:00,0,0.26856428,0,0,Sell
3722,NOK,2023-02-21 01:48:00,2023-02-21 02:17:00,1,0.38315585,0,1,Sell
5767,NOK,2023-02-21 08:35:00,2023-02-21 08:43:00,1,0.27296013,0,1,Sell
2454,NOK,2023-02-21 08:48:00,2023-02-21 09:05:00,0,0.063621044,0,0,Sell
7923,NOK,2023-02-21 12:57:00,2023-02-21 13:22:00,1,0.70727533,1,1,Buy
887,NOK,2023-02-21 21:51:00,2023-02-21 22:09:00,1,0.95115167,1,1,Buy
7155,NOK,2023-02-22 12:49:00,2023-02-22 13:12:00,0,0.512688,1,0,Hold
6382,NOK,2023-02-24 13:50:00,2023-02-24 14:15:00,1,0.9454645,1,1,Buy
9714,NOK,2023-02-24 16:53:00,2023-02-24 17:01:00,0,0.0892828,0,0,Sell
6670,NOK,2023-02-25 03:36:00,2023-02-25 03:41:00,1,0.9160085,1,1,Buy
2004,NOK,2023-02-25 08:02:00,2023-02-25 08:32:00,0,0.05122717,0,0,Sell
1766,NOK,2023-02-25 13:23:00,2023-02-25 13:31:00,0,0.931739,1,0,Buy
2580,NOK,2023-02-25 14:14:00,2023-02-25 14:22:00,0,0.059348248,0,0,Sell
4468,NOK,2023-02-25 20:10:00,2023-02-25 20:35:00,1,0.5232943,1,1,Hold
8889,NOK,2023-02-26 09:36:00,2023-02-26 09:49:00,1,0.36382508,0,1,Sell
3696,NOK,2023-02-26 18:10:00,2023-02-26 18:39:00,1,0.36425167,0,1,Sell
1524,NOK,2023-02-27 09:10:00,2023-02-27 09:22:00,0,0.09481722,0,0,Sell
5972,NOK,2023-02-27 19:57:00,2023-02-27 20:20:00,0,0.07600744,0,0,Sell
1261,NOK,2023-02-28 09:17:00,2023-02-28 09:28:00,1,0.93303037,1,1,Buy
4918,NOK,2023-03-02 23:51:00,2023-03-03 00:07:00,1,0.52821904,1,1,Hold
6801,NOK,2023-03-03 11:47:00,2023-03-03 12:16:00,1,0.28886542,0,1,Sell
6535,NOK,2023-03-03 22:08:00,2023-03-03 22:20:00,0,0.36023885,0,0,Sell
9582,NOK,2023-03-04 01:26:00,2023-03-04 01:33:00,0,0.0641176,0,0,Sell
5248,NOK,2023-03-04 05:49:00,2023-03-04 06:02:00,0,0.050223622,0,0,Sell
645,NOK,2023-03-04 23:06:00,2023-03-04 23:17:00,1,0.04785558,0,1,Sell
5915,NOK,2023-03-05 05:39:00,2023-03-05 06:08:00,0,0.8917473,1,0,Buy
3758,NOK,2023-03-05 11:51:00,2023-03-05 12:00:00,1,0.8985453,1,1,Buy
4772,NOK,2023-03-05 16:33:00,2023-03-05 16:55:00,0,0.6704113,1,0,Buy
9770,NOK,2023-03-06 14:11:00,2023-03-06 14:33:00,0,0.5982565,1,0,Hold
6967,NOK,2023-03-07 00:05:00,2023-03-07 00:25:00,1,0.887136,1,1,Buy
2474,NOK,2023-03-07 11:06:00,2023-03-07 11:21:00,1,0.9446675,1,1,Buy
9619,NOK,2023-03-08 09:29:00,2023-03-08 09:56:00,0,0.0632163,0,0,Sell
4334,NOK,2023-03-08 14:49:00,2023-03-08 15:10:00,1,0.6071872,1,1,Buy
2008,NOK,2023-03-09 05:48:00,2023-03-09 06:01:00,0,0.05794878,0,0,Sell
6649,NOK,2023-03-09 10:39:00,2023-03-09 11:05:00,0,0.05279299,0,0,Sell
5884,NOK,2023-03-09 14:50:00,2023-03-09 15:17:00,0,0.04818556,0,0,Sell
5891,NOK,2023-03-09 23:18:00,2023-03-09 23:24:00,0,0.034897152,0,0,Sell
7618,NOK,2023-03-10 02:09:00,2023-03-10 02:36:00,0,0.22418739,0,0,Sell
7209,NOK,2023-03-10 04:33:00,2023-03-10 05:00:00,0,0.065377645,0,0,Sell
6603,NOK,2023-03-10 09:14:00,2023-03-10 09:25:00,0,0.056284346,0,0,Sell
6652,NOK,2023-03-10 14:10:00,2023-03-10 14:40:00,0,0.09399662,0,0,Sell
2683,NOK,2023-03-10 19:21:00,2023-03-10 19:34:00,1,0.95182264,1,1,Buy
2691,NOK,2023-03-10 20:42:00,2023-03-10 20:50:00,1,0.40005228,0,1,Hold
3510,NOK,2023-03-10 22:42:00,2023-03-10 23:12:00,1,0.95287764,1,1,Buy
3187,NOK,2023-03-11 08:02:00,2023-03-11 08:18:00,0,0.07609633,0,0,Sell
4751,NOK,2023-03-11 17:27:00,2023-03-11 17:44:00,1,0.95183676,1,1,Buy
2361,NOK,2023-03-12 04:51:00,2023-03-12 05:13:00,1,0.6530114,1,1,Buy
6264,NOK,2023-03-13 03:35:00,2023-03-13 03:52:00,1,0.9493778,1,1,Buy
4682,NOK,2023-03-13 04:09:00,2023-03-13 04:33:00,0,0.0928157,0,0,Sell
7903,NOK,2023-03-13 12:12:00,2023-03-13 12:37:00,1,0.95516485,1,1,Buy
7204,NOK,2023-03-13 14:57:00,2023-03-13 15:25:00,1,0.9602859,1,1,Buy
4636,NOK,2023-03-14 10:59:00,2023-03-14 11:29:00,1,0.9568952,1,1,Buy
7211,NOK,2023-03-14 22:13:00,2023-03-14 22:36:00,0,0.12701266,0,0,Sell
4657,NOK,2023-03-16 09:58:00,2023-03-16 10:27:00,0,0.14351204,0,0,Sell
5258,NOK,2023-03-16 13:43:00,2023-03-16 13:53:00,1,0.25030917,0,1,Sell
4678,NOK,2023-03-17 00:42:00,2023-03-17 01:00:00,0,0.09591137,0,0,Sell
4285,NOK,2023-03-17 04:31:00,2023-03-17 04:55:00,0,0.20265482,0,0,Sell
3296,NOK,2023-03-17 15:35:00,2023-03-17 15:53:00,1,0.8726781,1,1,Buy
1010,NOK,2023-03-19 09:55:00,2023-03-19 10:11:00,0,0.055440858,0,0,Sell
1625,NOK,2023-03-20 19:30:00,2023-03-20 19:39:00,1,0.93334395,1,1,Buy
1130,NOK,2023-03-21 04:19:00,2023-03-21 04:47:00,1,0.63404113,1,1,Buy
1654,NOK,2023-03-21 06:45:00,2023-03-21 06:58:00,0,0.86030424,1,0,Buy
8323,NOK,2023-03-23 13:21:00,2023-03-23 13:46:00,0,0.07653778,0,0,Sell
6985,NOK,2023-03-23 14:23:00,2023-03-23 14:39:00,0,0.082422316,0,0,Sell
5356,NOK,2023-03-23 14:46:00,2023-03-23 15:01:00,1,0.37996137,0,1,Sell
963,NOK,2023-03-24 16:19:00,2023-03-24 16:33:00,1,0.9232966,1,1,Buy
7997,NOK,2023-03-24 21:50:00,2023-03-24 22:11:00,1,0.49547043,0,1,Hold
6388,NOK,2023-03-25 02:30:00,2023-03-25 02:59:00,0,0.31250218,0,0,Sell
1777,NOK,2023-03-25 03:22:00,2023-03-25 03:39:00,1,0.9182405,1,1,Buy
4165,NOK,2023-03-25 15:03:00,2023-03-25 15:18:00,1,0.9104525,1,1,Buy
7369,NOK,2023-03-26 14:29:00,2023-03-26 14:58:00,1,0.48405454,0,1,Hold
435,NOK,2023-03-27 04:19:00,2023-03-27 04:31:00,1,0.93882364,1,1,Buy
2621,NOK,2023-03-27 09:27:00,2023-03-27 09:52:00,0,0.13963519,0,0,Sell
4485,NOK,2023-03-27 12:21:00,2023-03-27 12:51:00,0,0.091056444,0,0,Sell
9981,NOK,2023-03-27 23:12:00,2023-03-27 23:30:00,1,0.9598379,1,1,Buy
4971,NOK,2023-03-28 10:30:00,2023-03-28 10:35:00,1,0.6808638,1,1,Buy
9344,NOK,2023-03-28 18:36:00,2023-03-28 19:01:00,1,0.6149175,1,1,Buy
7046,NOK,2023-03-29 12:06:00,2023-03-29 12:23:00,0,0.10732998,0,0,Sell
9977,NOK,2023-03-30 06:43:00,2023-03-30 07:08:00,1,0.5655895,1,1,Hold
9578,NOK,2023-03-30 07:55:00,2023-03-30 08:06:00,1,0.9477213,1,1,Buy
4576,NOK,2023-03-30 08:21:00,2023-03-30 08:27:00,0,0.49321306,0,0,Hold
951,NOK,2023-03-31 05:29:00,2023-03-31 05:58:00,0,0.7294956,1,0,Buy
1657,NOK,2023-03-31 10:51:00,2023-03-31 11:18:00,0,0.52898115,1,0,Hold
8607,NOK,2023-04-01 08:32:00,2023-04-01 08:57:00,1,0.5980585,1,1,Hold
6417,NOK,2023-04-01 14:27:00,2023-04-01 14:35:00,1,0.9567171,1,1,Buy
4322,NOK,2023-04-01 15:17:00,2023-04-01 15:24:00,0,0.7414489,1,0,Buy
3297,NOK,2023-04-01 18:02:00,2023-04-01 18:24:00,1,0.55949783,1,1,Hold
4432,NOK,2023-04-02 03:35:00,2023-04-02 03:59:00,0,0.09299919,0,0,Sell
4642,NOK,2023-04-02 08:17:00,2023-04-02 08:40:00,0,0.05955447,0,0,Sell
2462,NOK,2023-04-02 23:35:00,2023-04-02 23:53:00,0,0.31720585,0,0,Sell
4701,NOK,2023-04-03 19:15:00,2023-04-03 19:38:00,0,0.083630785,0,0,Sell
4071,NOK,2023-04-03 19:18:00,2023-04-03 19:37:00,1,0.71111906,1,1,Buy
1219,NOK,2023-04-03 19:30:00,2023-04-03 19:53:00,1,0.53981596,1,1,Hold
5282,NOK,2023-04-03 23:23:00,2023-04-03 23:51:00,1,0.92489135,1,1,Buy
9490,NOK,2023-04-04 10:57:00,2023-04-04 11:02:00,0,0.0884267,0,0,Sell
5937,NOK,2023-04-04 21:22:00,2023-04-04 21:49:00,0,0.08777714,0,0,Sell
1050,NOK,2023-04-05 02:53:00,2023-04-05 03:07:00,1,0.9199757,1,1,Buy
8409,NOK,2023-04-05 07:27:00,2023-04-05 07:44:00,1,0.9377212,1,1,Buy
1840,NOK,2023-04-05 07:41:00,2023-04-05 07:46:00,1,0.9551462,1,1,Buy
8356,NOK,2023-04-05 08:54:00,2023-04-05 09:15:00,0,0.3792011,0,0,Sell
1696,NOK,2023-04-05 11:32:00,2023-04-05 11:45:00,1,0.9553395,1,1,Buy
9352,NOK,2023-04-05 12:32:00,2023-04-05 13:01:00,0,0.900342,1,0,Buy
5563,NOK,2023-04-05 21:27:00,2023-04-05 21:36:00,1,0.94304097,1,1,Buy
9225,NOK,2023-04-08 19:47:00,2023-04-08 20:12:00,1,0.9550613,1,1,Buy
4021,NOK,2023-04-09 04:19:00,2023-04-09 04:25:00,1,0.94223744,1,1,Buy
1919,NOK,2023-04-09 13:38:00,2023-04-09 13:49:00,1,0.96984977,1,1,Buy
9928,NOK,2023-04-10 05:52:00,2023-04-10 06:12:00,1,0.928438,1,1,Buy
5599,NOK,2023-04-10 13:02:00,2023-04-10 13:08:00,0,0.14148977,0,0,Sell
5626,NOK,2023-04-10 15:22:00,2023-04-10 15:49:00,1,0.95169973,1,1,Buy
4491,NOK,2023-04-10 18:10:00,2023-04-10 18:24:00,0,0.08748579,0,0,Sell
1057,NOK,2023-04-11 12:51:00,2023-04-11 13:20:00,0,0.07235257,0,0,Sell
4267,NOK,2023-04-11 17:37:00,2023-04-11 17:50:00,1,0.93352956,1,1,Buy
8769,NOK,2023-04-11 17:37:00,2023-04-11 18:05:00,1,0.9371673,1,1,Buy
6005,NOK,2023-04-11 19:15:00,2023-04-11 19:24:00,0,0.07998582,0,0,Sell
1725,NOK,2023-04-12 09:53:00,2023-04-12 10:06:00,1,0.9386691,1,1,Buy
3049,NOK,2023-04-12 12:54:00,2023-04-12 13:07:00,0,0.67219365,1,0,Buy
9454,NOK,2023-04-12 19:40:00,2023-04-12 19:54:00,1,0.9295959,1,1,Buy
8193,NOK,2023-04-12 21:17:00,2023-04-12 21:41:00,1,0.38222834,0,1,Sell
1486,NOK,2023-04-13 05:14:00,2023-04-13 05:40:00,1,0.9489354,1,1,Buy
2212,NOK,2023-04-13 08:28:00,2023-04-13 08:42:00,0,0.14268264,0,0,Sell
1363,NOK,2023-04-13 23:28:00,2023-04-13 23:52:00,1,0.96111864,1,1,Buy
9854,NOK,2023-04-14 08:24:00,2023-04-14 08:30:00,0,0.113267034,0,0,Sell
6217,NOK,2023-04-14 09:06:00,2023-04-14 09:15:00,0,0.12412597,0,0,Sell
8045,NOK,2023-04-14 16:05:00,2023-04-14 16:29:00,1,0.62341154,1,1,Buy
6593,NOK,2023-04-14 18:04:00,2023-04-14 18:16:00,1,0.955533,1,1,Buy
3754,NOK,2023-04-14 22:02:00,2023-04-14 22:30:00,1,0.96303725,1,1,Buy
1707,NOK,2023-04-15 14:44:00,2023-04-15 15:10:00,0,0.48476925,0,0,Hold
4992,NOK,2023-04-16 00:35:00,2023-04-16 01:03:00,1,0.9420039,1,1,Buy
9233,NOK,2023-04-16 02:34:00,2023-04-16 02:58:00,1,0.3051916,0,1,Sell
9177,NOK,2023-04-16 10:36:00,2023-04-16 10:52:00,1,0.93633485,1,1,Buy
9293,NOK,2023-04-17 06:35:00,2023-04-17 07:03:00,1,0.89548683,1,1,Buy
9295,NOK,2023-04-17 11:11:00,2023-04-17 11:17:00,0,0.08086615,0,0,Sell
5585,NOK,2023-04-18 06:35:00,2023-04-18 06:52:00,1,0.9270684,1,1,Buy
2399,NOK,2023-04-19 11:57:00,2023-04-19 12:05:00,0,0.4118485,0,0,Hold
4422,NOK,2023-04-19 19:29:00,2023-04-19 19:43:00,1,0.59256035,1,1,Hold
12,NOK,2023-04-20 14:18:00,2023-04-20 14:43:00,0,0.059343304,0,0,Sell
2757,NOK,2023-04-20 20:58:00,2023-04-20 21:10:00,0,0.038958214,0,0,Sell
5376,NOK,2023-04-21 09:02:00,2023-04-21 09:10:00,0,0.03881282,0,0,Sell
8328,NOK,2023-04-22 07:00:00,2023-04-22 07:22:00,0,0.04102613,0,0,Sell
9306,NOK,2023-04-23 05:48:00,2023-04-23 05:58:00,0,0.034103703,0,0,Sell
3138,NOK,2023-04-23 14:18:00,2023-04-23 14:33:00,0,0.029520145,0,0,Sell
6009,NOK,2023-04-23 15:15:00,2023-04-23 15:31:00,0,0.025804916,0,0,Sell
9360,NOK,2023-04-24 07:08:00,2023-04-24 07:28:00,0,0.07049499,0,0,Sell
5824,NOK,2023-04-24 20:29:00,2023-04-24 20:51:00,0,0.25071478,0,0,Sell
4179,NOK,2023-04-24 23:35:00,2023-04-25 00:00:00,1,0.92064846,1,1,Buy
9167,NOK,2023-04-26 07:14:00,2023-04-26 07:20:00,0,0.59881186,1,0,Hold
6668,NOK,2023-04-26 20:06:00,2023-04-26 20:36:00,1,0.94514,1,1,Buy
8741,NOK,2023-04-26 22:33:00,2023-04-26 22:41:00,0,0.09857829,0,0,Sell
9087,NOK,2023-04-26 23:22:00,2023-04-26 23:44:00,1,0.96383923,1,1,Buy
7073,NOK,2023-04-28 09:47:00,2023-04-28 10:03:00,1,0.96992266,1,1,Buy
2978,NOK,2023-04-29 01:27:00,2023-04-29 01:55:00,1,0.95118815,1,1,Buy
4740,NOK,2023-04-30 09:18:00,2023-04-30 09:44:00,0,0.09326793,0,0,Sell
7178,NOK,2023-04-30 17:59:00,2023-04-30 18:10:00,1,0.9702635,1,1,Buy
8251,NOK,2023-05-01 06:40:00,2023-05-01 06:45:00,1,0.9434028,1,1,Buy
4813,NOK,2023-05-01 10:17:00,2023-05-01 10:25:00,0,0.067126706,0,0,Sell
8370,NOK,2023-05-01 17:42:00,2023-05-01 17:52:00,0,0.057497077,0,0,Sell
6115,NOK,2023-05-02 09:22:00,2023-05-02 09:49:00,1,0.40239415,0,1,Hold
5318,NOK,2023-05-02 10:41:00,2023-05-02 10:54:00,1,0.76434857,1,1,Buy
2359,NOK,2023-05-03 06:34:00,2023-05-03 06:55:00,0,0.054774124,0,0,Sell
1241,NOK,2023-05-03 12:32:00,2023-05-03 12:53:00,0,0.05432878,0,0,Sell
21,NOK,2023-05-03 16:36:00,2023-05-03 16:44:00,0,0.44143245,0,0,Hold
8422,NOK,2023-05-03 22:54:00,2023-05-03 23:02:00,1,0.42922786,0,1,Hold
6782,NOK,2023-05-04 08:33:00,2023-05-04 08:45:00,1,0.2901572,0,1,Sell
9536,NOK,2023-05-04 14:27:00,2023-05-04 14:44:00,1,0.95474696,1,1,Buy
1854,NOK,2023-05-04 22:21:00,2023-05-04 22:30:00,0,0.07469142,0,0,Sell
4921,NOK,2023-05-04 22:58:00,2023-05-04 23:07:00,1,0.96472335,1,1,Buy
4819,NOK,2023-05-06 17:18:00,2023-05-06 17:44:00,0,0.9458524,1,0,Buy
7980,NOK,2023-05-07 04:01:00,2023-05-07 04:27:00,0,0.04837522,0,0,Sell
8365,NOK,2023-05-07 07:42:00,2023-05-07 07:55:00,0,0.042759422,0,0,Sell
5308,NOK,2023-05-07 09:16:00,2023-05-07 09:45:00,1,0.920982,1,1,Buy
5778,NOK,2023-05-07 11:53:00,2023-05-07 12:11:00,0,0.042151503,0,0,Sell
9539,NOK,2023-05-07 17:48:00,2023-05-07 18:16:00,0,0.039330557,0,0,Sell
7240,NOK,2023-05-08 00:41:00,2023-05-08 00:50:00,1,0.8975525,1,1,Buy
440,NOK,2023-05-08 02:06:00,2023-05-08 02:34:00,0,0.3614598,0,0,Sell
5415,NOK,2023-05-09 03:40:00,2023-05-09 03:55:00,1,0.8909183,1,1,Buy
493,NOK,2023-05-09 04:42:00,2023-05-09 04:49:00,1,0.92459774,1,1,Buy
9347,NOK,2023-05-09 05:16:00,2023-05-09 05:23:00,1,0.92230284,1,1,Buy
401,NOK,2023-05-09 08:37:00,2023-05-09 09:01:00,0,0.08067964,0,0,Sell
9580,NOK,2023-05-09 11:20:00,2023-05-09 11:28:00,0,0.07534145,0,0,Sell
4881,NOK,2023-05-09 13:54:00,2023-05-09 14:03:00,0,0.059832796,0,0,Sell
6667,NOK,2023-05-09 21:15:00,2023-05-09 21:43:00,0,0.049701914,0,0,Sell
7481,NOK,2023-05-10 15:01:00,2023-05-10 15:23:00,0,0.04556393,0,0,Sell
8697,NOK,2023-05-10 23:44:00,2023-05-10 23:52:00,1,0.88885915,1,1,Buy
1594,NOK,2023-05-11 07:04:00,2023-05-11 07:23:00,0,0.0475547,0,0,Sell
3023,NOK,2023-05-11 13:16:00,2023-05-11 13:31:00,1,0.6861395,1,1,Buy
7177,NOK,2023-05-11 17:05:00,2023-05-11 17:25:00,0,0.51509744,1,0,Hold
5909,NOK,2023-05-12 05:38:00,2023-05-12 05:48:00,0,0.05340815,0,0,Sell
452,NOK,2023-05-12 21:12:00,2023-05-12 21:21:00,0,0.26652244,0,0,Sell
5892,NOK,2023-05-13 12:08:00,2023-05-13 12:13:00,0,0.35787293,0,0,Sell
1566,NOK,2023-05-14 09:17:00,2023-05-14 09:24:00,1,0.18234554,0,1,Sell
6104,NOK,2023-05-14 15:47:00,2023-05-14 16:00:00,1,0.8816489,1,1,Buy
551,NOK,2023-05-15 15:49:00,2023-05-15 16:17:00,1,0.9198185,1,1,Buy
214,NOK,2023-05-16 03:20:00,2023-05-16 03:41:00,0,0.10976897,0,0,Sell
827,NOK,2023-05-16 05:30:00,2023-05-16 05:50:00,1,0.42633325,0,1,Hold
4464,NOK,2023-05-16 16:55:00,2023-05-16 17:03:00,0,0.47796616,0,0,Hold
4743,NOK,2023-05-16 17:17:00,2023-05-16 17:43:00,1,0.9356876,1,1,Buy
3219,NOK,2023-05-16 22:30:00,2023-05-16 22:36:00,1,0.5825179,1,1,Hold
9827,NOK,2023-05-18 15:50:00,2023-05-18 16:04:00,1,0.9588194,1,1,Buy
2540,NOK,2023-05-18 17:50:00,2023-05-18 18:05:00,0,0.7534702,1,0,Buy
6178,NOK,2023-05-18 18:27:00,2023-05-18 18:43:00,0,0.5272312,1,0,Hold
8268,NOK,2023-05-20 07:23:00,2023-05-20 07:38:00,0,0.08168686,0,0,Sell
8104,NOK,2023-05-20 18:20:00,2023-05-20 18:41:00,1,0.9541796,1,1,Buy
438,NOK,2023-05-20 19:28:00,2023-05-20 19:57:00,0,0.613762,1,0,Buy
904,NOK,2023-05-21 07:53:00,2023-05-21 08:13:00,1,0.941056,1,1,Buy
4140,NOK,2023-05-21 13:46:00,2023-05-21 14:09:00,0,0.35574538,0,0,Sell
5008,NOK,2023-05-21 19:48:00,2023-05-21 20:02:00,0,0.11827772,0,0,Sell
327,NOK,2023-05-22 01:47:00,2023-05-22 02:02:00,0,0.08539281,0,0,Sell
2459,NOK,2023-05-22 11:28:00,2023-05-22 11:37:00,0,0.06929833,0,0,Sell
5943,NOK,2023-05-22 18:57:00,2023-05-22 19:02:00,0,0.07080365,0,0,Sell
9230,NOK,2023-05-23 05:15:00,2023-05-23 05:22:00,1,0.90084857,1,1,Buy
5310,NOK,2023-05-23 07:23:00,2023-05-23 07:53:00,0,0.06288488,0,0,Sell
1560,NOK,2023-05-23 17:49:00,2023-05-23 18:09:00,0,0.045594055,0,0,Sell
2634,NOK,2023-05-23 22:59:00,2023-05-23 23:25:00,1,0.94303644,1,1,Buy
5364,NOK,2023-05-23 23:16:00,2023-05-23 23:30:00,1,0.9495955,1,1,Buy
3563,NOK,2023-05-24 03:28:00,2023-05-24 03:39:00,0,0.0678931,0,0,Sell
355,NOK,2023-05-24 17:51:00,2023-05-24 18:17:00,1,0.9612917,1,1,Buy
496,NOK,2023-05-24 18:50:00,2023-05-24 18:55:00,1,0.7587793,1,1,Buy
5312,NOK,2023-05-24 23:25:00,2023-05-24 23:40:00,1,0.97398573,1,1,Buy
6518,NOK,2023-05-25 07:28:00,2023-05-25 07:46:00,1,0.9615633,1,1,Buy
2739,NOK,2023-05-25 07:34:00,2023-05-25 08:04:00,1,0.9575125,1,1,Buy
5320,NOK,2023-05-26 06:11:00,2023-05-26 06:29:00,1,0.9488136,1,1,Buy
5194,NOK,2023-05-26 14:33:00,2023-05-26 14:44:00,1,0.9604031,1,1,Buy
537,NOK,2023-05-27 02:04:00,2023-05-27 02:20:00,0,0.08350193,0,0,Sell
3008,NOK,2023-05-27 04:55:00,2023-05-27 05:02:00,1,0.9517982,1,1,Buy
8446,NOK,2023-05-27 09:59:00,2023-05-27 10:08:00,1,0.062292367,0,1,Sell
4031,NOK,2023-05-28 05:27:00,2023-05-28 05:40:00,0,0.11254408,0,0,Sell
6355,NOK,2023-05-29 07:04:00,2023-05-29 07:09:00,0,0.40228564,0,0,Hold
3140,NOK,2023-05-30 01:01:00,2023-05-30 01:19:00,0,0.67864925,1,0,Buy
2744,NOK,2023-05-30 06:23:00,2023-05-30 06:43:00,1,0.45033124,0,1,Hold
5298,NOK,2023-05-31 00:55:00,2023-05-31 01:14:00,0,0.24913758,0,0,Sell
8235,NOK,2023-05-31 01:45:00,2023-05-31 02:04:00,0,0.09322491,0,0,Sell
2723,NOK,2023-05-31 06:07:00,2023-05-31 06:24:00,0,0.08440313,0,0,Sell
2677,NOK,2023-05-31 08:05:00,2023-05-31 08:35:00,0,0.17787173,0,0,Sell
2731,NOK,2023-05-31 09:40:00,2023-05-31 10:09:00,0,0.058017846,0,0,Sell
8022,NOK,2023-05-31 16:50:00,2023-05-31 17:04:00,0,0.047239248,0,0,Sell
8937,NOK,2023-05-31 19:26:00,2023-05-31 19:34:00,1,0.2672265,0,1,Sell
4421,NOK,2023-06-01 01:33:00,2023-06-01 01:43:00,1,0.78685933,1,1,Buy
4141,NOK,2023-06-04 07:43:00,2023-06-04 08:09:00,1,0.2569322,0,1,Sell
1511,NOK,2023-06-04 11:21:00,2023-06-04 11:49:00,0,0.071718425,0,0,Sell
6735,NOK,2023-06-05 07:42:00,2023-06-05 07:50:00,1,0.88717884,1,1,Buy
1182,NOK,2023-06-05 20:57:00,2023-06-05 21:17:00,1,0.9412969,1,1,Buy
6312,NOK,2023-06-06 11:25:00,2023-06-06 11:36:00,1,0.93128425,1,1,Buy
3291,NOK,2023-06-08 10:27:00,2023-06-08 10:41:00,1,0.94354624,1,1,Buy
5974,NOK,2023-06-08 14:00:00,2023-06-08 14:20:00,1,0.96113074,1,1,Buy
2956,NOK,2023-06-08 14:33:00,2023-06-08 15:01:00,0,0.09954644,0,0,Sell
6018,NOK,2023-06-09 12:59:00,2023-06-09 13:07:00,0,0.0842616,0,0,Sell
6659,NOK,2023-06-09 22:48:00,2023-06-09 23:08:00,0,0.07454346,0,0,Sell
730,NOK,2023-06-10 19:41:00,2023-06-10 20:05:00,0,0.05383109,0,0,Sell
6929,NOK,2023-06-10 23:09:00,2023-06-10 23:16:00,0,0.14449258,0,0,Sell
1350,NOK,2023-06-11 00:33:00,2023-06-11 00:40:00,0,0.068058275,0,0,Sell
6372,NOK,2023-06-11 03:20:00,2023-06-11 03:46:00,0,0.08266132,0,0,Sell
5938,NOK,2023-06-12 07:31:00,2023-06-12 07:58:00,1,0.9152744,1,1,Buy
525,NOK,2023-06-13 13:42:00,2023-06-13 14:05:00,0,0.038546644,0,0,Sell
8093,NOK,2023-06-13 17:49:00,2023-06-13 18:13:00,0,0.14625837,0,0,Sell
7654,NOK,2023-06-13 21:46:00,2023-06-13 22:08:00,1,0.38422403,0,1,Sell
7411,NOK,2023-06-14 00:23:00,2023-06-14 00:40:00,1,0.88122666,1,1,Buy
4617,NOK,2023-06-14 15:33:00,2023-06-14 16:00:00,1,0.32881284,0,1,Sell
7633,NOK,2023-06-14 17:21:00,2023-06-14 17:47:00,0,0.19487512,0,0,Sell
2766,NOK,2023-06-14 22:41:00,2023-06-14 22:48:00,1,0.67912626,1,1,Buy
5797,NOK,2023-06-15 09:46:00,2023-06-15 09:52:00,1,0.9300673,1,1,Buy
9482,NOK,2023-06-15 13:11:00,2023-06-15 13:18:00,1,0.9640679,1,1,Buy
9764,NOK,2023-06-16 03:53:00,2023-06-16 04:11:00,1,0.8865624,1,1,Buy
5021,NOK,2023-06-16 18:30:00,2023-06-16 18:50:00,0,0.53103286,1,0,Hold
518,NOK,2023-06-17 00:09:00,2023-06-17 00:20:00,0,0.089389645,0,0,Sell
4344,NOK,2023-06-17 13:01:00,2023-06-17 13:27:00,1,0.5310643,1,1,Hold
2305,NOK,2023-06-17 14:45:00,2023-06-17 14:51:00,0,0.7574853,1,0,Buy
5121,NOK,2023-06-18 02:56:00,2023-06-18 03:08:00,0,0.33791432,0,0,Sell
3040,NOK,2023-06-18 12:08:00,2023-06-18 12:28:00,0,0.042468295,0,0,Sell
1656,NOK,2023-06-18 18:32:00,2023-06-18 18:58:00,1,0.9295197,1,1,Buy
1681,NOK,2023-06-19 03:36:00,2023-06-19 03:44:00,0,0.07272513,0,0,Sell
4382,NOK,2023-06-21 04:53:00,2023-06-21 05:09:00,1,0.93717945,1,1,Buy
1501,NOK,2023-06-21 14:23:00,2023-06-21 14:42:00,0,0.048750784,0,0,Sell
6597,NOK,2023-06-22 14:44:00,2023-06-22 15:05:00,1,0.9631813,1,1,Buy
7134,NOK,2023-06-22 15:14:00,2023-06-22 15:31:00,1,0.9611146,1,1,Buy
8594,NOK,2023-06-23 00:18:00,2023-06-23 00:35:00,0,0.12969054,0,0,Sell
3574,NOK,2023-06-23 02:07:00,2023-06-23 02:17:00,1,0.9613267,1,1,Buy
6188,NOK,2023-06-23 17:23:00,2023-06-23 17:43:00,0,0.18550907,0,0,Sell
3784,NOK,2023-06-23 18:23:00,2023-06-23 18:31:00,1,0.9688046,1,1,Buy
8749,NOK,2023-06-24 03:22:00,2023-06-24 03:31:00,1,0.9555826,1,1,Buy
2533,NOK,2023-06-24 03:44:00,2023-06-24 03:56:00,0,0.42593926,0,0,Hold
8984,NOK,2023-06-24 13:42:00,2023-06-24 14:02:00,1,0.6062896,1,1,Buy
6625,NOK,2023-06-25 18:48:00,2023-06-25 19:12:00,1,0.15141319,0,1,Sell
8767,NOK,2023-06-26 05:23:00,2023-06-26 05:48:00,0,0.09848285,0,0,Sell
5135,NOK,2023-06-27 02:04:00,2023-06-27 02:13:00,0,0.27338117,0,0,Sell
5289,NOK,2023-06-27 07:01:00,2023-06-27 07:22:00,1,0.39250883,0,1,Sell
4673,NOK,2023-06-28 11:19:00,2023-06-28 11:30:00,0,0.052411348,0,0,Sell
7556,NOK,2023-06-29 11:57:00,2023-06-29 12:26:00,1,0.9194352,1,1,Buy
7563,NOK,2023-06-29 12:22:00,2023-06-29 12:28:00,1,0.92444956,1,1,Buy
3021,NOK,2023-06-29 17:11:00,2023-06-29 17:34:00,1,0.47027937,0,1,Hold
1900,NOK,2023-06-30 02:53:00,2023-06-30 03:23:00,0,0.087375365,0,0,Sell
8520,NOK,2023-06-30 15:13:00,2023-06-30 15:30:00,1,0.95484614,1,1,Buy
5617,NOK,2023-07-01 04:03:00,2023-07-01 04:27:00,1,0.9388979,1,1,Buy
4400,NOK,2023-07-01 22:54:00,2023-07-01 23:13:00,1,0.9480558,1,1,Buy
9767,NOK,2023-07-02 07:11:00,2023-07-02 07:31:00,0,0.14425497,0,0,Sell
7794,NOK,2023-07-02 21:22:00,2023-07-02 21:36:00,1,0.88811475,1,1,Buy
4123,NOK,2023-07-03 09:01:00,2023-07-03 09:22:00,0,0.07465128,0,0,Sell
4710,NOK,2023-07-03 22:14:00,2023-07-03 22:31:00,1,0.94669515,1,1,Buy
3155,NOK,2023-07-04 00:13:00,2023-07-04 00:26:00,1,0.9324133,1,1,Buy
6046,NOK,2023-07-04 21:37:00,2023-07-04 21:56:00,1,0.9645622,1,1,Buy
5124,NOK,2023-07-04 21:41:00,2023-07-04 21:46:00,0,0.11766897,0,0,Sell
6671,NOK,2023-07-05 10:34:00,2023-07-05 10:56:00,1,0.9557391,1,1,Buy
2645,NOK,2023-07-05 18:06:00,2023-07-05 18:36:00,1,0.39265034,0,1,Sell
9383,NOK,2023-07-05 20:09:00,2023-07-05 20:29:00,1,0.11135025,0,1,Sell
2272,NOK,2023-07-05 22:16:00,2023-07-05 22:45:00,0,0.075637,0,0,Sell
7827,NOK,2023-07-05 22:52:00,2023-07-05 23:06:00,1,0.9496813,1,1,Buy
6044,NOK,2023-07-06 07:45:00,2023-07-06 08:10:00,1,0.9499907,1,1,Buy
2010,NOK,2023-07-06 16:17:00,2023-07-06 16:22:00,1,0.9462077,1,1,Buy
8278,NOK,2023-07-06 21:56:00,2023-07-06 22:05:00,0,0.69838184,1,0,Buy
4,NOK,2023-07-07 18:03:00,2023-07-07 18:30:00,1,0.6953898,1,1,Buy
465,NOK,2023-07-08 15:28:00,2023-07-08 15:33:00,0,0.6825246,1,0,Buy
1205,NOK,2023-07-09 01:01:00,2023-07-09 01:29:00,0,0.055351317,0,0,Sell
6998,NOK,2023-07-09 02:07:00,2023-07-09 02:37:00,1,0.88552403,1,1,Buy
6396,NOK,2023-07-09 04:12:00,2023-07-09 04:28:00,0,0.04958352,0,0,Sell
9194,NOK,2023-07-09 07:53:00,2023-07-09 08:01:00,0,0.041480508,0,0,Sell
9675,NOK,2023-07-09 19:47:00,2023-07-09 19:59:00,1,0.8973167,1,1,Buy
8250,NOK,2023-07-10 00:00:00,2023-07-10 00:20:00,1,0.9024926,1,1,Buy
5969,NOK,2023-07-10 05:30:00,2023-07-10 05:58:00,0,0.56687874,1,0,Hold
4942,NOK,2023-07-10 06:16:00,2023-07-10 06:25:00,0,0.10537243,0,0,Sell
526,NOK,2023-07-10 16:58:00,2023-07-10 17:05:00,0,0.06292745,0,0,Sell
6986,NOK,2023-07-10 21:42:00,2023-07-10 21:59:00,0,0.053933572,0,0,Sell
8737,NOK,2023-07-11 00:20:00,2023-07-11 00:38:00,0,0.22113307,0,0,Sell
3965,NOK,2023-07-12 06:20:00,2023-07-12 06:25:00,1,0.907405,1,1,Buy
4242,NOK,2023-07-12 09:22:00,2023-07-12 09:43:00,1,0.9161771,1,1,Buy
6890,NOK,2023-07-12 20:55:00,2023-07-12 21:18:00,0,0.0679198,0,0,Sell
9071,NOK,2023-07-13 16:48:00,2023-07-13 17:09:00,0,0.06327531,0,0,Sell
8515,NOK,2023-07-14 02:03:00,2023-07-14 02:26:00,0,0.052553862,0,0,Sell
3024,NOK,2023-07-15 07:23:00,2023-07-15 07:40:00,0,0.04871663,0,0,Sell
6189,NOK,2023-07-15 15:53:00,2023-07-15 16:17:00,1,0.8926372,1,1,Buy
115,NOK,2023-07-15 23:51:00,2023-07-16 00:14:00,0,0.91298395,1,0,Buy
1564,NOK,2023-07-16 19:37:00,2023-07-16 19:58:00,1,0.4449749,0,1,Hold
2559,NOK,2023-07-17 18:15:00,2023-07-17 18:32:00,1,0.93405616,1,1,Buy
3383,NOK,2023-07-17 19:29:00,2023-07-17 19:45:00,0,0.9399231,1,0,Buy
7295,NOK,2023-07-18 15:00:00,2023-07-18 15:20:00,1,0.38874835,0,1,Sell
1147,NOK,2023-07-18 17:39:00,2023-07-18 18:06:00,0,0.07198913,0,0,Sell
5275,NOK,2023-07-19 03:28:00,2023-07-19 03:41:00,1,0.92474216,1,1,Buy
9327,NOK,2023-07-19 06:00:00,2023-07-19 06:24:00,0,0.06727323,0,0,Sell
6107,NOK,2023-07-19 20:50:00,2023-07-19 21:08:00,0,0.06722385,0,0,Sell
9209,NOK,2023-07-20 02:52:00,2023-07-20 03:01:00,1,0.75529593,1,1,Buy
3666,NOK,2023-07-20 04:10:00,2023-07-20 04:35:00,0,0.06953761,0,0,Sell
2290,NOK,2023-07-20 13:39:00,2023-07-20 13:50:00,1,0.9254597,1,1,Buy
1639,NOK,2023-07-21 03:32:00,2023-07-21 03:44:00,0,0.0665406,0,0,Sell
9657,NOK,2023-07-21 04:02:00,2023-07-21 04:21:00,1,0.9363924,1,1,Buy
3932,NOK,2023-07-21 10:51:00,2023-07-21 11:05:00,0,0.34875643,0,0,Sell
4671,NOK,2023-07-21 20:00:00,2023-07-21 20:09:00,0,0.7343794,1,0,Buy
8546,NOK,2023-07-23 10:21:00,2023-07-23 10:36:00,1,0.92372435,1,1,Buy
1259,NOK,2023-07-23 12:03:00,2023-07-23 12:22:00,1,0.9433885,1,1,Buy
6861,NOK,2023-07-23 14:13:00,2023-07-23 14:22:00,0,0.582272,1,0,Hold
4408,NOK,2023-07-23 19:00:00,2023-07-23 19:13:00,1,0.60541517,1,1,Buy
1200,NOK,2023-07-25 06:37:00,2023-07-25 06:51:00,0,0.08890677,0,0,Sell
1914,NOK,2023-07-25 06:54:00,2023-07-25 07:04:00,0,0.07458169,0,0,Sell
3543,NOK,2023-07-25 11:12:00,2023-07-25 11:27:00,1,0.29434702,0,1,Sell
8833,NOK,2023-07-26 11:01:00,2023-07-26 11:28:00,0,0.06954552,0,0,Sell
1061,NOK,2023-07-27 08:24:00,2023-07-27 08:38:00,1,0.9249815,1,1,Buy
4390,NOK,2023-07-27 12:47:00,2023-07-27 13:07:00,0,0.054674063,0,0,Sell
7586,NOK,2023-07-28 04:09:00,2023-07-28 04:34:00,0,0.0596939,0,0,Sell
8341,NOK,2023-07-28 04:23:00,2023-07-28 04:53:00,1,0.23756357,0,1,Sell
1452,NOK,2023-07-28 06:26:00,2023-07-28 06:40:00,1,0.9291496,1,1,Buy
8013,NOK,2023-07-28 08:06:00,2023-07-28 08:12:00,0,0.27049598,0,0,Sell
9426,NOK,2023-07-29 05:21:00,2023-07-29 05:40:00,0,0.073335566,0,0,Sell
859,NOK,2023-07-29 23:58:00,2023-07-30 00:22:00,1,0.93016547,1,1,Buy
1475,NOK,2023-07-30 01:19:00,2023-07-30 01:48:00,1,0.91745555,1,1,Buy
9401,NOK,2023-07-30 09:58:00,2023-07-30 10:21:00,1,0.9355384,1,1,Buy
5414,NOK,2023-07-30 15:52:00,2023-07-30 16:21:00,1,0.5619267,1,1,Hold
98,NOK,2023-07-30 18:07:00,2023-07-30 18:27:00,0,0.109092936,0,0,Sell
7463,NOK,2023-07-30 21:56:00,2023-07-30 22:14:00,0,0.06635765,0,0,Sell
8424,NOK,2023-08-01 22:19:00,2023-08-01 22:41:00,0,0.056977063,0,0,Sell
2681,NOK,2023-08-02 15:11:00,2023-08-02 15:21:00,0,0.062339436,0,0,Sell
328,NOK,2023-08-02 20:49:00,2023-08-02 21:16:00,0,0.051138993,0,0,Sell
9391,NOK,2023-08-03 22:41:00,2023-08-03 22:51:00,1,0.18553257,0,1,Sell
6873,NOK,2023-08-04 07:07:00,2023-08-04 07:17:00,0,0.3245037,0,0,Sell
7655,NOK,2023-08-04 10:00:00,2023-08-04 10:18:00,1,0.9387141,1,1,Buy
6338,NOK,2023-08-04 11:17:00,2023-08-04 11:33:00,1,0.9021154,1,1,Buy
7263,NOK,2023-08-04 20:33:00,2023-08-04 20:44:00,0,0.85383886,1,0,Buy
2543,NOK,2023-08-04 22:41:00,2023-08-04 23:05:00,0,0.6464765,1,0,Buy
8047,NOK,2023-08-05 02:43:00,2023-08-05 02:48:00,1,0.94664985,1,1,Buy
2140,NOK,2023-08-05 05:34:00,2023-08-05 06:02:00,0,0.63528377,1,0,Buy
9528,NOK,2023-08-05 23:31:00,2023-08-05 23:45:00,0,0.38489264,0,0,Sell
3927,NOK,2023-08-06 03:09:00,2023-08-06 03:16:00,0,0.40356457,0,0,Hold
4385,NOK,2023-08-06 13:56:00,2023-08-06 14:23:00,1,0.48271936,0,1,Hold
9750,NOK,2023-08-06 14:50:00,2023-08-06 15:10:00,0,0.14487633,0,0,Sell
4331,NOK,2023-08-07 02:27:00,2023-08-07 02:40:00,1,0.9002209,1,1,Buy
7364,NOK,2023-08-07 18:34:00,2023-08-07 18:53:00,0,0.48871925,0,0,Hold
6094,NOK,2023-08-08 07:07:00,2023-08-08 07:33:00,1,0.29999483,0,1,Sell
6150,NOK,2023-08-09 07:32:00,2023-08-09 07:48:00,0,0.91952586,1,0,Buy
3638,NOK,2023-08-09 12:37:00,2023-08-09 12:56:00,0,0.07078504,0,0,Sell
6285,NOK,2023-08-09 15:35:00,2023-08-09 15:57:00,0,0.9120019,1,0,Buy
8532,NOK,2023-08-09 17:13:00,2023-08-09 17:25:00,1,0.9138649,1,1,Buy
203,NOK,2023-08-10 16:32:00,2023-08-10 16:43:00,0,0.06598242,0,0,Sell
4084,NOK,2023-08-10 20:22:00,2023-08-10 20:43:00,0,0.060259,0,0,Sell
6080,NOK,2023-08-10 21:55:00,2023-08-10 22:11:00,1,0.9479406,1,1,Buy
556,NOK,2023-08-11 15:49:00,2023-08-11 15:56:00,0,0.04017016,0,0,Sell
5110,NOK,2023-08-11 18:12:00,2023-08-11 18:33:00,0,0.045921773,0,0,Sell
6837,NOK,2023-08-11 22:29:00,2023-08-11 22:39:00,1,0.19552395,0,1,Sell
1415,NOK,2023-08-12 07:31:00,2023-08-12 07:47:00,0,0.16562578,0,0,Sell
4119,NOK,2023-08-12 10:28:00,2023-08-12 10:48:00,0,0.059674684,0,0,Sell
9995,NOK,2023-08-12 18:18:00,2023-08-12 18:35:00,0,0.06514764,0,0,Sell
8821,NOK,2023-08-13 09:19:00,2023-08-13 09:43:00,0,0.035428602,0,0,Sell
8041,NOK,2023-08-13 21:43:00,2023-08-13 21:58:00,1,0.27735123,0,1,Sell
3339,NOK,2023-08-14 06:21:00,2023-08-14 06:30:00,0,0.06894078,0,0,Sell
2892,NOK,2023-08-15 01:43:00,2023-08-15 02:13:00,1,0.89340895,1,1,Buy
140,NOK,2023-08-15 06:12:00,2023-08-15 06:25:00,1,0.91732866,1,1,Buy
4037,NOK,2023-08-16 02:19:00,2023-08-16 02:37:00,0,0.07952,0,0,Sell
2083,NOK,2023-08-16 02:40:00,2023-08-16 03:06:00,1,0.91366124,1,1,Buy
96,NOK,2023-08-16 04:54:00,2023-08-16 05:24:00,0,0.8942827,1,0,Buy
5575,NOK,2023-08-16 08:32:00,2023-08-16 09:02:00,1,0.95038474,1,1,Buy
93,NOK,2023-08-20 00:57:00,2023-08-20 01:18:00,1,0.93341196,1,1,Buy
6459,NOK,2023-08-20 01:52:00,2023-08-20 02:09:00,1,0.92005926,1,1,Buy
6389,NOK,2023-08-20 12:56:00,2023-08-20 13:05:00,0,0.095688574,0,0,Sell
5593,NOK,2023-08-20 13:44:00,2023-08-20 14:07:00,1,0.31365094,0,1,Sell
5093,NOK,2023-08-21 11:14:00,2023-08-21 11:26:00,0,0.8600474,1,0,Buy
8807,NOK,2023-08-21 12:58:00,2023-08-21 13:05:00,0,0.47064018,0,0,Hold
1203,NOK,2023-08-22 15:30:00,2023-08-22 15:55:00,1,0.3304006,0,1,Sell
1330,NOK,2023-08-22 16:57:00,2023-08-22 17:21:00,1,0.9383092,1,1,Buy
4458,NOK,2023-08-23 20:16:00,2023-08-23 20:46:00,0,0.059932847,0,0,Sell
7004,NOK,2023-08-24 04:21:00,2023-08-24 04:30:00,0,0.069073215,0,0,Sell
1338,NOK,2023-08-24 16:29:00,2023-08-24 16:55:00,0,0.9326488,1,0,Buy
4260,NOK,2023-08-25 00:02:00,2023-08-25 00:22:00,0,0.072660334,0,0,Sell
3741,NOK,2023-08-25 05:03:00,2023-08-25 05:20:00,0,0.061279137,0,0,Sell
6262,NOK,2023-08-25 08:27:00,2023-08-25 08:56:00,0,0.04371853,0,0,Sell
4891,NOK,2023-08-25 10:42:00,2023-08-25 10:48:00,1,0.3327301,0,1,Sell
1464,NOK,2023-08-26 04:05:00,2023-08-26 04:30:00,1,0.1271571,0,1,Sell
6469,NOK,2023-08-27 05:07:00,2023-08-27 05:21:00,0,0.053307787,0,0,Sell
1001,NOK,2023-08-27 08:31:00,2023-08-27 09:00:00,1,0.9471551,1,1,Buy
7434,NOK,2023-08-27 08:47:00,2023-08-27 09:11:00,0,0.22979164,0,0,Sell
3862,NOK,2023-08-27 13:56:00,2023-08-27 14:10:00,1,0.95454246,1,1,Buy
8503,NOK,2023-08-28 23:12:00,2023-08-28 23:18:00,1,0.958434,1,1,Buy
1744,NOK,2023-08-29 17:39:00,2023-08-29 17:58:00,0,0.552006,1,0,Hold
6214,NOK,2023-08-29 21:17:00,2023-08-29 21:47:00,0,0.11659434,0,0,Sell
6058,NOK,2023-08-30 12:26:00,2023-08-30 12:39:00,0,0.46709746,0,0,Hold
683,NOK,2023-08-30 17:36:00,2023-08-30 17:41:00,1,0.3707967,0,1,Sell
504,NOK,2023-08-30 20:23:00,2023-08-30 20:30:00,0,0.063771464,0,0,Sell
1282,NOK,2023-08-31 23:32:00,2023-08-31 23:39:00,1,0.9599724,1,1,Buy
1646,NOK,2023-09-01 13:09:00,2023-09-01 13:32:00,1,0.94688666,1,1,Buy
279,NOK,2023-09-02 03:11:00,2023-09-02 03:16:00,1,0.9626684,1,1,Buy
9450,NOK,2023-09-02 11:57:00,2023-09-02 12:10:00,0,0.11915937,0,0,Sell
4441,NOK,2023-09-02 20:20:00,2023-09-02 20:32:00,1,0.14710763,0,1,Sell
3243,NOK,2023-09-03 22:56:00,2023-09-03 23:08:00,0,0.5960714,1,0,Hold
5488,NOK,2023-09-04 05:33:00,2023-09-04 06:01:00,1,0.6327752,1,1,Buy
550,NOK,2023-09-04 14:40:00,2023-09-04 15:00:00,1,0.06141339,0,1,Sell
4230,NOK,2023-09-04 21:08:00,2023-09-04 21:24:00,0,0.56453973,1,0,Hold
7682,NOK,2023-09-05 13:06:00,2023-09-05 13:14:00,0,0.453268,0,0,Hold
2086,NOK,2023-09-05 15:24:00,2023-09-05 15:35:00,0,0.09090145,0,0,Sell
3161,NOK,2023-09-05 18:07:00,2023-09-05 18:27:00,1,0.9494549,1,1,Buy
6731,NOK,2023-09-05 23:33:00,2023-09-05 23:55:00,1,0.67371583,1,1,Buy
2392,NOK,2023-09-06 15:59:00,2023-09-06 16:27:00,0,0.9503268,1,0,Buy
4789,NOK,2023-09-06 17:32:00,2023-09-06 17:40:00,0,0.32942128,0,0,Sell
3855,NOK,2023-09-07 22:54:00,2023-09-07 23:15:00,0,0.95019925,1,0,Buy
5958,NOK,2023-09-08 16:05:00,2023-09-08 16:21:00,1,0.9574839,1,1,Buy
5769,NOK,2023-09-08 17:59:00,2023-09-08 18:14:00,0,0.06104537,0,0,Sell
1331,NOK,2023-09-09 00:49:00,2023-09-09 01:12:00,1,0.34589866,0,1,Sell
2801,NOK,2023-09-09 02:35:00,2023-09-09 02:49:00,0,0.07442735,0,0,Sell
9130,NOK,2023-09-09 08:45:00,2023-09-09 08:58:00,0,0.06347074,0,0,Sell
7845,NOK,2023-09-09 19:14:00,2023-09-09 19:22:00,1,0.47427082,0,1,Hold
587,NOK,2023-09-10 21:00:00,2023-09-10 21:08:00,0,0.06655636,0,0,Sell
1804,NOK,2023-09-10 21:39:00,2023-09-10 22:04:00,0,0.21333633,0,0,Sell
3211,NOK,2023-09-10 22:57:00,2023-09-10 23:27:00,1,0.20031694,0,1,Sell
2523,NOK,2023-09-11 13:52:00,2023-09-11 14:01:00,1,0.23206887,0,1,Sell
6517,NOK,2023-09-11 14:32:00,2023-09-11 14:47:00,0,0.0689501,0,0,Sell
3345,NOK,2023-09-11 16:28:00,2023-09-11 16:43:00,1,0.37746087,0,1,Sell
1530,NOK,2023-09-11 18:51:00,2023-09-11 18:57:00,1,0.25031278,0,1,Sell
6574,NOK,2023-09-12 05:18:00,2023-09-12 05:30:00,1,0.5008054,1,1,Hold
492,NOK,2023-09-12 10:19:00,2023-09-12 10:24:00,1,0.9338978,1,1,Buy
8808,NOK,2023-09-12 14:36:00,2023-09-12 14:46:00,0,0.11893814,0,0,Sell
4969,NOK,2023-09-12 15:08:00,2023-09-12 15:28:00,1,0.52013725,1,1,Hold
7331,NOK,2023-09-14 12:19:00,2023-09-14 12:39:00,1,0.27897993,0,1,Sell
966,NOK,2023-09-14 22:30:00,2023-09-14 22:57:00,1,0.9489655,1,1,Buy
5495,NOK,2023-09-14 23:55:00,2023-09-15 00:24:00,1,0.93653166,1,1,Buy
9395,NOK,2023-09-15 08:03:00,2023-09-15 08:14:00,1,0.94097406,1,1,Buy
3132,NOK,2023-09-16 02:57:00,2023-09-16 03:13:00,0,0.57674485,1,0,Hold
8450,NOK,2023-09-16 17:17:00,2023-09-16 17:47:00,1,0.93596023,1,1,Buy
5812,NOK,2023-09-16 21:55:00,2023-09-16 22:08:00,0,0.08996975,0,0,Sell
1706,NOK,2023-09-17 06:52:00,2023-09-17 07:18:00,0,0.056336977,0,0,Sell
7218,NOK,2023-09-17 13:22:00,2023-09-17 13:45:00,1,0.94024473,1,1,Buy
5925,NOK,2023-09-18 20:00:00,2023-09-18 20:09:00,1,0.94864553,1,1,Buy
7781,NOK,2023-09-19 04:20:00,2023-09-19 04:42:00,1,0.94026744,1,1,Buy
6442,NOK,2023-09-19 10:46:00,2023-09-19 11:11:00,1,0.7230533,1,1,Buy
6002,NOK,2023-09-21 00:55:00,2023-09-21 01:10:00,0,0.75898385,1,0,Buy
221,NOK,2023-09-21 17:56:00,2023-09-21 18:20:00,1,0.85731924,1,1,Buy
5024,NOK,2023-09-22 14:45:00,2023-09-22 14:59:00,0,0.10650885,0,0,Sell
4249,NOK,2023-09-22 20:11:00,2023-09-22 20:37:00,1,0.48834506,0,1,Hold
7954,NOK,2023-09-23 00:22:00,2023-09-23 00:39:00,1,0.92535186,1,1,Buy
363,NOK,2023-09-24 04:47:00,2023-09-24 04:53:00,0,0.48539892,0,0,Hold
8834,NOK,2023-09-24 10:14:00,2023-09-24 10:31:00,1,0.95047975,1,1,Buy
9096,NOK,2023-09-25 08:56:00,2023-09-25 09:01:00,1,0.580478,1,1,Hold
4404,NOK,2023-09-25 15:53:00,2023-09-25 16:11:00,0,0.091526836,0,0,Sell
515,NOK,2023-09-25 17:09:00,2023-09-25 17:34:00,0,0.48932025,0,0,Hold
2842,NOK,2023-09-26 02:05:00,2023-09-26 02:26:00,1,0.9076755,1,1,Buy
5406,NOK,2023-09-27 06:25:00,2023-09-27 06:50:00,1,0.07478829,0,1,Sell
7900,NOK,2023-09-27 19:55:00,2023-09-27 20:21:00,1,0.48091483,0,1,Hold
8853,NOK,2023-09-28 11:01:00,2023-09-28 11:16:00,1,0.93853027,1,1,Buy
2420,NOK,2023-09-29 11:32:00,2023-09-29 11:38:00,1,0.9610174,1,1,Buy
5067,NOK,2023-09-29 12:18:00,2023-09-29 12:35:00,1,0.96496046,1,1,Buy
5634,NOK,2023-09-29 16:35:00,2023-09-29 16:58:00,1,0.6993897,1,1,Buy
9940,NOK,2023-09-29 20:38:00,2023-09-29 20:55:00,1,0.95979685,1,1,Buy
5085,NOK,2023-09-30 04:53:00,2023-09-30 05:08:00,1,0.96283823,1,1,Buy
3396,NOK,2023-09-30 05:10:00,2023-09-30 05:19:00,1,0.8854758,1,1,Buy
6815,NOK,2023-09-30 10:27:00,2023-09-30 10:46:00,0,0.64400744,1,0,Buy
6261,NOK,2023-09-30 16:51:00,2023-09-30 17:12:00,0,0.055934735,0,0,Sell
2733,NOK,2023-09-30 17:34:00,2023-09-30 17:43:00,1,0.4998427,0,1,Hold
1181,NOK,2023-09-30 19:49:00,2023-09-30 20:18:00,0,0.07204226,0,0,Sell
8294,NOK,2023-09-30 23:04:00,2023-09-30 23:10:00,0,0.31718576,0,0,Sell
2923,NOK,2023-10-02 22:11:00,2023-10-02 22:26:00,1,0.93689096,1,1,Buy
7780,NOK,2023-10-03 00:47:00,2023-10-03 01:04:00,0,0.37983873,0,0,Sell
1295,NOK,2023-10-03 10:26:00,2023-10-03 10:56:00,1,0.44218343,0,1,Hold
9688,NOK,2023-10-03 18:04:00,2023-10-03 18:30:00,0,0.087333925,0,0,Sell
5,NOK,2023-10-03 19:57:00,2023-10-03 20:05:00,1,0.59158576,1,1,Hold
8344,NOK,2023-10-03 21:32:00,2023-10-03 21:53:00,0,0.06988112,0,0,Sell
7547,NOK,2023-10-03 23:28:00,2023-10-03 23:48:00,1,0.95307165,1,1,Buy
6024,NOK,2023-10-04 00:14:00,2023-10-04 00:22:00,0,0.08570674,0,0,Sell
6487,NOK,2023-10-05 08:11:00,2023-10-05 08:30:00,0,0.07544218,0,0,Sell
2496,NOK,2023-10-06 04:44:00,2023-10-06 04:53:00,1,0.93750846,1,1,Buy
9890,NOK,2023-10-06 07:15:00,2023-10-06 07:45:00,1,0.95024705,1,1,Buy
7913,NOK,2023-10-07 05:31:00,2023-10-07 05:57:00,1,0.9192003,1,1,Buy
8810,NOK,2023-10-08 05:27:00,2023-10-08 05:44:00,0,0.072352394,0,0,Sell
4003,NOK,2023-10-08 07:18:00,2023-10-08 07:33:00,0,0.8210648,1,0,Buy
898,NOK,2023-10-08 13:16:00,2023-10-08 13:22:00,0,0.066689216,0,0,Sell
4691,NOK,2023-10-08 21:06:00,2023-10-08 21:18:00,1,0.89910555,1,1,Buy
4510,NOK,2023-10-08 23:13:00,2023-10-08 23:26:00,1,0.17219667,0,1,Sell
1469,NOK,2023-10-09 04:17:00,2023-10-09 04:40:00,1,0.9350309,1,1,Buy
1049,NOK,2023-10-09 14:50:00,2023-10-09 14:56:00,0,0.94030327,1,0,Buy
6386,NOK,2023-10-09 15:35:00,2023-10-09 15:45:00,0,0.93861103,1,0,Buy
943,NOK,2023-10-10 09:02:00,2023-10-10 09:25:00,1,0.70059735,1,1,Buy
6398,NOK,2023-10-10 22:38:00,2023-10-10 22:46:00,0,0.08641872,0,0,Sell
3700,NOK,2023-10-11 13:22:00,2023-10-11 13:47:00,1,0.5347343,1,1,Hold
8095,NOK,2023-10-11 17:59:00,2023-10-11 18:10:00,1,0.93773353,1,1,Buy
8655,NOK,2023-10-11 18:14:00,2023-10-11 18:19:00,0,0.061669476,0,0,Sell
7541,NOK,2023-10-11 20:41:00,2023-10-11 20:55:00,1,0.94336456,1,1,Buy
5113,NOK,2023-10-12 02:46:00,2023-10-12 03:03:00,1,0.93300873,1,1,Buy
8296,NOK,2023-10-12 04:11:00,2023-10-12 04:34:00,1,0.9418829,1,1,Buy
5869,NOK,2023-10-12 05:44:00,2023-10-12 06:07:00,1,0.5610218,1,1,Hold
5195,NOK,2023-10-12 09:57:00,2023-10-12 10:09:00,0,0.58805954,1,0,Hold
6431,NOK,2023-10-12 15:34:00,2023-10-12 15:40:00,1,0.31952265,0,1,Sell
5141,NOK,2023-10-12 21:19:00,2023-10-12 21:29:00,0,0.771592,1,0,Buy
8878,NOK,2023-10-13 00:46:00,2023-10-13 00:53:00,1,0.36701334,0,1,Sell
3653,NOK,2023-10-13 06:04:00,2023-10-13 06:15:00,1,0.9319257,1,1,Buy
7323,NOK,2023-10-14 03:13:00,2023-10-14 03:33:00,1,0.67695874,1,1,Buy
1975,NOK,2023-10-14 15:23:00,2023-10-14 15:53:00,1,0.5475151,1,1,Hold
7929,NOK,2023-10-14 23:01:00,2023-10-14 23:09:00,1,0.93270427,1,1,Buy
2599,NOK,2023-10-15 10:05:00,2023-10-15 10:15:00,1,0.060591493,0,1,Sell
500,NOK,2023-10-15 17:03:00,2023-10-15 17:09:00,1,0.7084199,1,1,Buy
7373,NOK,2023-10-16 02:07:00,2023-10-16 02:33:00,0,0.34983394,0,0,Sell
8098,NOK,2023-10-16 06:03:00,2023-10-16 06:16:00,0,0.10584232,0,0,Sell
241,NOK,2023-10-16 11:24:00,2023-10-16 11:31:00,0,0.0739929,0,0,Sell
3955,NOK,2023-10-17 08:19:00,2023-10-17 08:34:00,0,0.06647858,0,0,Sell
7387,NOK,2023-10-18 07:17:00,2023-10-18 07:26:00,0,0.061381638,0,0,Sell
6479,NOK,2023-10-18 12:50:00,2023-10-18 12:59:00,0,0.063822016,0,0,Sell
8044,NOK,2023-10-18 20:33:00,2023-10-18 20:41:00,1,0.0675784,0,1,Sell
9280,NOK,2023-10-21 00:45:00,2023-10-21 01:02:00,1,0.87868804,1,1,Buy
8407,NOK,2023-10-21 03:13:00,2023-10-21 03:43:00,1,0.25501058,0,1,Sell
8941,NOK,2023-10-21 05:38:00,2023-10-21 05:47:00,1,0.9566003,1,1,Buy
8986,NOK,2023-10-22 00:30:00,2023-10-22 00:47:00,1,0.9494009,1,1,Buy
7353,NOK,2023-10-22 19:46:00,2023-10-22 20:03:00,1,0.96497035,1,1,Buy
2214,NOK,2023-10-23 15:38:00,2023-10-23 15:54:00,1,0.9524686,1,1,Buy
9616,NOK,2023-10-23 16:08:00,2023-10-23 16:31:00,0,0.12919126,0,0,Sell
8342,NOK,2023-10-23 19:30:00,2023-10-23 19:54:00,0,0.5753547,1,0,Hold
3116,NOK,2023-10-24 04:54:00,2023-10-24 05:18:00,1,0.9393331,1,1,Buy
4399,NOK,2023-10-24 13:47:00,2023-10-24 14:17:00,1,0.93760526,1,1,Buy
5597,NOK,2023-10-24 17:32:00,2023-10-24 17:54:00,1,0.5666343,1,1,Hold
6719,NOK,2023-10-25 05:23:00,2023-10-25 05:40:00,1,0.6532937,1,1,Buy
9011,NOK,2023-10-25 19:25:00,2023-10-25 19:48:00,0,0.11890918,0,0,Sell
1554,NOK,2023-10-26 00:23:00,2023-10-26 00:50:00,1,0.91418326,1,1,Buy
4882,NOK,2023-10-26 08:00:00,2023-10-26 08:11:00,1,0.410033,0,1,Hold
3204,NOK,2023-10-26 17:28:00,2023-10-26 17:52:00,1,0.9536469,1,1,Buy
9440,NOK,2023-10-26 22:07:00,2023-10-26 22:15:00,1,0.64771277,1,1,Buy
2550,NOK,2023-10-27 07:50:00,2023-10-27 07:59:00,1,0.6004623,1,1,Buy
4720,NOK,2023-10-27 19:06:00,2023-10-27 19:21:00,1,0.9556817,1,1,Buy
1509,NOK,2023-10-28 00:18:00,2023-10-28 00:47:00,0,0.096525,0,0,Sell
8696,NOK,2023-10-28 03:40:00,2023-10-28 03:52:00,0,0.9149664,1,0,Buy
9598,NOK,2023-10-28 08:45:00,2023-10-28 08:53:00,0,0.060338058,0,0,Sell
2169,NOK,2023-10-29 04:08:00,2023-10-29 04:23:00,1,0.8975466,1,1,Buy
5621,NOK,2023-10-29 12:12:00,2023-10-29 12:28:00,1,0.93758994,1,1,Buy
690,NOK,2023-10-29 15:06:00,2023-10-29 15:23:00,1,0.91378707,1,1,Buy
3582,NOK,2023-10-29 17:41:00,2023-10-29 17:53:00,1,0.9565893,1,1,Buy
8844,NOK,2023-10-29 17:56:00,2023-10-29 18:17:00,0,0.63651663,1,0,Buy
8421,NOK,2023-10-29 21:19:00,2023-10-29 21:24:00,0,0.10183979,0,0,Sell
9170,NOK,2023-10-30 05:54:00,2023-10-30 06:16:00,1,0.29199332,0,1,Sell
5654,NOK,2023-10-30 22:57:00,2023-10-30 23:19:00,1,0.4748549,0,1,Hold
7610,NOK,2023-10-31 15:33:00,2023-10-31 16:02:00,0,0.0767751,0,0,Sell
8551,NOK,2023-10-31 17:12:00,2023-10-31 17:20:00,1,0.4242449,0,1,Hold
4086,NOK,2023-10-31 22:34:00,2023-10-31 23:03:00,1,0.94967014,1,1,Buy
1437,NOK,2023-11-02 00:49:00,2023-11-02 00:57:00,1,0.5310548,1,1,Hold
6247,NOK,2023-11-04 09:00:00,2023-11-04 09:13:00,0,0.3635782,0,0,Sell
7250,NOK,2023-11-04 11:24:00,2023-11-04 11:42:00,0,0.073545635,0,0,Sell
770,NOK,2023-11-05 07:33:00,2023-11-05 07:44:00,0,0.9027828,1,0,Buy
8063,NOK,2023-11-05 17:42:00,2023-11-05 18:11:00,1,0.48303694,0,1,Hold
2199,NOK,2023-11-05 22:41:00,2023-11-05 22:54:00,1,0.21331403,0,1,Sell
1907,NOK,2023-11-06 19:53:00,2023-11-06 20:11:00,1,0.92577064,1,1,Buy
9031,NOK,2023-11-07 19:44:00,2023-11-07 19:59:00,1,0.9799417,1,1,Buy
2190,NOK,2023-11-07 23:58:00,2023-11-08 00:07:00,0,0.7223146,1,0,Buy
6015,NOK,2023-11-08 01:26:00,2023-11-08 01:34:00,0,0.13715164,0,0,Sell
4328,NOK,2023-11-08 14:46:00,2023-11-08 15:00:00,1,0.70037085,1,1,Buy
4648,NOK,2023-11-08 21:57:00,2023-11-08 22:21:00,0,0.7068881,1,0,Buy
9369,NOK,2023-11-09 03:45:00,2023-11-09 04:11:00,0,0.13796183,0,0,Sell
3769,NOK,2023-11-09 08:43:00,2023-11-09 09:10:00,0,0.057456598,0,0,Sell
2382,NOK,2023-11-09 08:55:00,2023-11-09 09:09:00,0,0.0738779,0,0,Sell
3793,NOK,2023-11-09 10:10:00,2023-11-09 10:37:00,1,0.52681667,1,1,Hold
659,NOK,2023-11-10 01:16:00,2023-11-10 01:38:00,1,0.8667571,1,1,Buy
3988,NOK,2023-11-10 18:43:00,2023-11-10 18:59:00,0,0.36350614,0,0,Sell
3692,NOK,2023-11-11 14:35:00,2023-11-11 15:05:00,0,0.5637489,1,0,Hold
6133,NOK,2023-11-12 06:35:00,2023-11-12 06:56:00,1,0.94190526,1,1,Buy
491,NOK,2023-11-13 06:06:00,2023-11-13 06:30:00,0,0.62239534,1,0,Buy
5209,NOK,2023-11-13 13:26:00,2023-11-13 13:46:00,1,0.9326797,1,1,Buy
6693,NOK,2023-11-13 13:57:00,2023-11-13 14:06:00,0,0.061859418,0,0,Sell
4686,NOK,2023-11-13 15:48:00,2023-11-13 16:05:00,0,0.4095047,0,0,Hold
5807,NOK,2023-11-13 17:01:00,2023-11-13 17:09:00,1,0.9472704,1,1,Buy
1614,NOK,2023-11-14 06:10:00,2023-11-14 06:32:00,1,0.93879896,1,1,Buy
1920,NOK,2023-11-15 00:17:00,2023-11-15 00:23:00,0,0.09882058,0,0,Sell
2429,NOK,2023-11-15 14:01:00,2023-11-15 14:18:00,1,0.95151937,1,1,Buy
9643,NOK,2023-11-15 16:09:00,2023-11-15 16:15:00,0,0.63053924,1,0,Buy
3336,NOK,2023-11-15 21:44:00,2023-11-15 21:51:00,0,0.9120978,1,0,Buy
1655,NOK,2023-11-15 23:25:00,2023-11-15 23:52:00,1,0.08970312,0,1,Sell
3747,NOK,2023-11-17 00:10:00,2023-11-17 00:26:00,1,0.9118868,1,1,Buy
5287,NOK,2023-11-17 04:30:00,2023-11-17 04:48:00,1,0.5268104,1,1,Hold
2126,NOK,2023-11-18 01:38:00,2023-11-18 01:58:00,0,0.34654036,0,0,Sell
9909,NOK,2023-11-18 02:09:00,2023-11-18 02:24:00,1,0.6196094,1,1,Buy
2999,NOK,2023-11-18 06:04:00,2023-11-18 06:18:00,1,0.9290587,1,1,Buy
9190,NOK,2023-11-19 05:20:00,2023-11-19 05:30:00,1,0.9315668,1,1,Buy
1515,NOK,2023-11-19 05:52:00,2023-11-19 06:17:00,1,0.9392142,1,1,Buy
1905,NOK,2023-11-19 10:41:00,2023-11-19 10:54:00,0,0.07784132,0,0,Sell
6361,NOK,2023-11-19 15:46:00,2023-11-19 16:08:00,1,0.94971895,1,1,Buy
9803,NOK,2023-11-19 22:46:00,2023-11-19 22:54:00,1,0.94355536,1,1,Buy
5803,NOK,2023-11-20 05:10:00,2023-11-20 05:15:00,0,0.10029466,0,0,Sell
8378,NOK,2023-11-20 19:29:00,2023-11-20 19:56:00,1,0.9371966,1,1,Buy
2778,NOK,2023-11-21 17:11:00,2023-11-21 17:33:00,0,0.58061594,1,0,Hold
9016,NOK,2023-11-22 05:10:00,2023-11-22 05:27:00,1,0.6236221,1,1,Buy
8507,NOK,2023-11-24 06:42:00,2023-11-24 06:58:00,0,0.55943304,1,0,Hold
1891,NOK,2023-11-24 20:49:00,2023-11-24 21:03:00,0,0.09551113,0,0,Sell
7116,NOK,2023-11-24 22:30:00,2023-11-24 22:41:00,0,0.10321706,0,0,Sell
1889,NOK,2023-11-25 03:24:00,2023-11-25 03:54:00,1,0.90583205,1,1,Buy
7593,NOK,2023-11-25 06:03:00,2023-11-25 06:24:00,0,0.060457494,0,0,Sell
9303,NOK,2023-11-26 10:58:00,2023-11-26 11:07:00,1,0.22650957,0,1,Sell
2939,NOK,2023-11-26 18:13:00,2023-11-26 18:26:00,0,0.07301939,0,0,Sell
8171,NOK,2023-11-27 07:18:00,2023-11-27 07:41:00,1,0.93493927,1,1,Buy
9917,NOK,2023-11-27 20:02:00,2023-11-27 20:07:00,0,0.5705059,1,0,Hold
1946,NOK,2023-11-27 22:30:00,2023-11-27 22:40:00,1,0.4600763,0,1,Hold
2386,NOK,2023-11-28 08:51:00,2023-11-28 09:13:00,0,0.304793,0,0,Sell
4790,NOK,2023-11-29 17:51:00,2023-11-29 18:09:00,0,0.46023634,0,0,Hold
6185,NOK,2023-11-29 23:48:00,2023-11-30 00:11:00,1,0.94981176,1,1,Buy
83,NOK,2023-11-30 10:21:00,2023-11-30 10:49:00,0,0.06794194,0,0,Sell
2783,NOK,2023-11-30 11:25:00,2023-11-30 11:44:00,1,0.92410535,1,1,Buy
9098,NOK,2023-12-01 01:09:00,2023-12-01 01:18:00,0,0.07677747,0,0,Sell
6679,NOK,2023-12-01 04:25:00,2023-12-01 04:35:00,0,0.07884954,0,0,Sell
8357,NOK,2023-12-02 05:00:00,2023-12-02 05:11:00,0,0.07976079,0,0,Sell
2961,NOK,2023-12-02 06:28:00,2023-12-02 06:40:00,1,0.3508107,0,1,Sell
5477,NOK,2023-12-02 21:53:00,2023-12-02 21:59:00,1,0.92208385,1,1,Buy
466,NOK,2023-12-04 12:27:00,2023-12-04 12:33:00,0,0.45486522,0,0,Hold
4716,NOK,2023-12-05 17:01:00,2023-12-05 17:15:00,1,0.93524957,1,1,Buy
6868,NOK,2023-12-05 20:11:00,2023-12-05 20:18:00,0,0.08354422,0,0,Sell
3797,NOK,2023-12-06 15:08:00,2023-12-06 15:36:00,1,0.92900586,1,1,Buy
9089,NOK,2023-12-06 16:25:00,2023-12-06 16:39:00,0,0.052830804,0,0,Sell
6666,NOK,2023-12-06 23:51:00,2023-12-07 00:01:00,1,0.5865965,1,1,Hold
5272,NOK,2023-12-07 07:46:00,2023-12-07 08:04:00,1,0.56277037,1,1,Hold
5823,NOK,2023-12-07 08:28:00,2023-12-07 08:36:00,1,0.9120756,1,1,Buy
7606,NOK,2023-12-07 10:23:00,2023-12-07 10:48:00,1,0.92088383,1,1,Buy
22,NOK,2023-12-07 18:00:00,2023-12-07 18:10:00,0,0.9312365,1,0,Buy
7943,NOK,2023-12-08 00:04:00,2023-12-08 00:27:00,1,0.51238143,1,1,Hold
5458,NOK,2023-12-08 00:15:00,2023-12-08 00:27:00,0,0.08112408,0,0,Sell
7599,NOK,2023-12-08 08:03:00,2023-12-08 08:16:00,1,0.9360766,1,1,Buy
7726,NOK,2023-12-08 11:58:00,2023-12-08 12:10:00,1,0.93724155,1,1,Buy
9284,NOK,2023-12-08 12:29:00,2023-12-08 12:39:00,1,0.5036718,1,1,Hold
3921,NOK,2023-12-09 00:41:00,2023-12-09 00:55:00,1,0.93728,1,1,Buy
5526,NOK,2023-12-09 11:28:00,2023-12-09 11:33:00,1,0.94625765,1,1,Buy
9255,NOK,2023-12-10 10:31:00,2023-12-10 10:52:00,0,0.09184687,0,0,Sell
7576,NOK,2023-12-10 11:29:00,2023-12-10 11:50:00,1,0.54667896,1,1,Hold
2364,NOK,2023-12-10 14:38:00,2023-12-10 14:47:00,1,0.49615738,0,1,Hold
454,NOK,2023-12-11 02:23:00,2023-12-11 02:48:00,0,0.09843779,0,0,Sell
9516,NOK,2023-12-11 07:28:00,2023-12-11 07:42:00,0,0.081745714,0,0,Sell
9568,NOK,2023-12-11 09:11:00,2023-12-11 09:23:00,1,0.92064923,1,1,Buy
7276,NOK,2023-12-11 10:16:00,2023-12-11 10:25:00,1,0.9412913,1,1,Buy
9298,NOK,2023-12-11 15:56:00,2023-12-11 16:15:00,0,0.07136688,0,0,Sell
7749,NOK,2023-12-11 18:07:00,2023-12-11 18:31:00,0,0.06612986,0,0,Sell
8435,NOK,2023-12-11 22:32:00,2023-12-11 22:57:00,0,0.072880685,0,0,Sell
6612,NOK,2023-12-12 12:34:00,2023-12-12 12:40:00,0,0.046393275,0,0,Sell
2425,NOK,2023-12-12 19:00:00,2023-12-12 19:19:00,0,0.49844465,0,0,Hold
6465,NOK,2023-12-13 15:23:00,2023-12-13 15:41:00,1,0.9042818,1,1,Buy
8311,NOK,2023-12-13 16:07:00,2023-12-13 16:18:00,1,0.9259581,1,1,Buy
5661,NOK,2023-12-13 22:13:00,2023-12-13 22:31:00,1,0.9494945,1,1,Buy
4610,NOK,2023-12-13 23:51:00,2023-12-14 00:02:00,1,0.080930784,0,1,Sell
838,NOK,2023-12-14 07:17:00,2023-12-14 07:40:00,1,0.60764474,1,1,Buy
432,NOK,2023-12-15 06:01:00,2023-12-15 06:09:00,0,0.5224245,1,0,Hold
6976,NOK,2023-12-15 11:45:00,2023-12-15 12:12:00,1,0.37690762,0,1,Sell
9832,NOK,2023-12-15 17:53:00,2023-12-15 18:19:00,0,0.37138686,0,0,Sell
5511,NOK,2023-12-15 20:21:00,2023-12-15 20:27:00,1,0.51553607,1,1,Hold
8387,NOK,2023-12-15 22:48:00,2023-12-15 23:03:00,0,0.4875563,0,0,Hold
2847,NOK,2023-12-16 05:15:00,2023-12-16 05:39:00,0,0.35701412,0,0,Sell
8526,NOK,2023-12-19 08:00:00,2023-12-19 08:27:00,1,0.43104312,0,1,Hold
5400,NOK,2023-12-20 04:51:00,2023-12-20 05:10:00,1,0.5633214,1,1,Hold
6814,NOK,2023-12-20 06:50:00,2023-12-20 07:12:00,1,0.94224197,1,1,Buy
1519,NOK,2023-12-20 10:59:00,2023-12-20 11:27:00,1,0.9345859,1,1,Buy
6930,NOK,2023-12-20 19:41:00,2023-12-20 19:48:00,0,0.14242768,0,0,Sell
6507,NOK,2023-12-21 04:34:00,2023-12-21 04:40:00,0,0.07403284,0,0,Sell
6308,NOK,2023-12-21 06:50:00,2023-12-21 07:11:00,1,0.34315765,0,1,Sell
8280,NOK,2023-12-21 07:40:00,2023-12-21 08:00:00,1,0.91996694,1,1,Buy
742,NOK,2023-12-22 04:25:00,2023-12-22 04:35:00,1,0.9466241,1,1,Buy
1348,NOK,2023-12-22 08:40:00,2023-12-22 09:03:00,0,0.07429405,0,0,Sell
3831,NOK,2023-12-22 15:06:00,2023-12-22 15:21:00,0,0.08832217,0,0,Sell
4337,NOK,2023-12-22 17:27:00,2023-12-22 17:39:00,0,0.073443726,0,0,Sell
2196,NOK,2023-12-22 18:31:00,2023-12-22 18:59:00,1,0.9239427,1,1,Buy
5555,NOK,2023-12-23 05:15:00,2023-12-23 05:29:00,1,0.292757,0,1,Sell
797,NOK,2023-12-23 07:58:00,2023-12-23 08:07:00,0,0.28735125,0,0,Sell
8710,NOK,2023-12-23 13:06:00,2023-12-23 13:30:00,1,0.15097667,0,1,Sell
6064,NOK,2023-12-23 22:00:00,2023-12-23 22:28:00,0,0.5427002,1,0,Hold
3073,NOK,2023-12-24 05:18:00,2023-12-24 05:33:00,1,0.9218782,1,1,Buy
2096,NOK,2023-12-24 11:13:00,2023-12-24 11:36:00,0,0.36936927,0,0,Sell
3613,NOK,2023-12-24 13:30:00,2023-12-24 13:59:00,1,0.68881327,1,1,Buy
5950,NOK,2023-12-24 20:01:00,2023-12-24 20:26:00,1,0.94145733,1,1,Buy
5129,NOK,2023-12-25 01:48:00,2023-12-25 02:09:00,0,0.44278604,0,0,Hold
2594,NOK,2023-12-25 02:47:00,2023-12-25 03:01:00,1,0.33978522,0,1,Sell
677,NOK,2023-12-26 06:53:00,2023-12-26 07:15:00,0,0.06699717,0,0,Sell
2085,NOK,2023-12-26 17:13:00,2023-12-26 17:30:00,1,0.9395413,1,1,Buy
1123,NOK,2023-12-26 17:14:00,2023-12-26 17:41:00,1,0.94009924,1,1,Buy
621,NOK,2023-12-26 22:03:00,2023-12-26 22:08:00,0,0.45833257,0,0,Hold
5584,NOK,2023-12-27 02:34:00,2023-12-27 02:50:00,1,0.50795525,1,1,Hold
4839,NOK,2023-12-27 04:35:00,2023-12-27 04:40:00,1,0.93305993,1,1,Buy
4502,NOK,2023-12-27 05:52:00,2023-12-27 06:15:00,1,0.9459449,1,1,Buy
2289,NOK,2023-12-27 12:16:00,2023-12-27 12:35:00,1,0.9434036,1,1,Buy
1175,NOK,2023-12-28 21:11:00,2023-12-28 21:41:00,0,0.14208783,0,0,Sell
2116,NOK,2023-12-29 07:41:00,2023-12-29 08:04:00,1,0.43445188,0,1,Hold
8738,NOK,2023-12-29 19:17:00,2023-12-29 19:38:00,0,0.068979904,0,0,Sell
9093,NOK,2023-12-29 21:50:00,2023-12-29 22:12:00,0,0.08767719,0,0,Sell
4573,NOK,2023-12-30 07:34:00,2023-12-30 07:43:00,1,0.75362575,1,1,Buy
6669,NOK,2023-12-30 13:59:00,2023-12-30 14:18:00,0,0.059658166,0,0,Sell
2331,NOK,2023-12-30 14:02:00,2023-12-30 14:10:00,1,0.92509586,1,1,Buy
8244,NOK,2023-12-31 01:02:00,2023-12-31 01:29:00,0,0.9183468,1,0,Buy
5889,NOK,2023-12-31 09:18:00,2023-12-31 09:40:00,1,0.94659173,1,1,Buy
7681,NOK,2023-12-31 17:01:00,2023-12-31 17:14:00,0,0.03961132,0,0,Sell
732,NOK,2024-01-01 02:35:00,2024-01-01 02:42:00,0,0.056608696,0,0,Sell
8428,NOK,2024-01-01 03:08:00,2024-01-01 03:32:00,1,0.19596589,0,1,Sell
425,NOK,2024-01-01 04:20:00,2024-01-01 04:33:00,1,0.31029832,0,1,Sell
8234,NOK,2024-01-01 23:09:00,2024-01-01 23:31:00,0,0.20769721,0,0,Sell
4158,NVDA,2023-01-01 03:18:00,2023-01-01 03:38:00,0,0.33064416,0,0,Sell
455,NVDA,2023-01-01 04:02:00,2023-01-01 04:16:00,1,0.76123935,1,1,Buy
4916,NVDA,2023-01-01 11:24:00,2023-01-01 11:34:00,0,0.05781131,0,0,Sell
619,NVDA,2023-01-01 12:28:00,2023-01-01 12:47:00,1,0.9435493,1,1,Buy
962,NVDA,2023-01-03 03:38:00,2023-01-03 04:00:00,0,0.8977033,1,0,Buy
3262,NVDA,2023-01-03 05:56:00,2023-01-03 06:16:00,0,0.08383932,0,0,Sell
3494,NVDA,2023-01-03 07:46:00,2023-01-03 07:55:00,0,0.07530493,0,0,Sell
7115,NVDA,2023-01-03 19:17:00,2023-01-03 19:36:00,1,0.61644423,1,1,Buy
4306,NVDA,2023-01-04 07:03:00,2023-01-04 07:11:00,1,0.9139275,1,1,Buy
2344,NVDA,2023-01-06 08:20:00,2023-01-06 08:37:00,1,0.6081369,1,1,Buy
4289,NVDA,2023-01-06 10:10:00,2023-01-06 10:39:00,1,0.58326775,1,1,Hold
8959,NVDA,2023-01-06 16:44:00,2023-01-06 16:55:00,0,0.07187611,0,0,Sell
1084,NVDA,2023-01-06 18:10:00,2023-01-06 18:18:00,0,0.54913425,1,0,Hold
9239,NVDA,2023-01-06 20:49:00,2023-01-06 21:10:00,1,0.49595016,0,1,Hold
3969,NVDA,2023-01-07 01:44:00,2023-01-07 01:56:00,0,0.06888941,0,0,Sell
1521,NVDA,2023-01-07 18:22:00,2023-01-07 18:40:00,0,0.93371713,1,0,Buy
3800,NVDA,2023-01-08 00:46:00,2023-01-08 00:59:00,1,0.39112,0,1,Sell
4426,NVDA,2023-01-08 06:56:00,2023-01-08 07:13:00,0,0.92461556,1,0,Buy
4135,NVDA,2023-01-08 16:06:00,2023-01-08 16:31:00,0,0.6384056,1,0,Buy
2348,NVDA,2023-01-08 22:10:00,2023-01-08 22:19:00,1,0.9566578,1,1,Buy
5003,NVDA,2023-01-09 02:48:00,2023-01-09 03:00:00,0,0.08477143,0,0,Sell
424,NVDA,2023-01-09 10:03:00,2023-01-09 10:30:00,1,0.06336388,0,1,Sell
8582,NVDA,2023-01-12 16:29:00,2023-01-12 16:45:00,0,0.07672522,0,0,Sell
3664,NVDA,2023-01-12 18:40:00,2023-01-12 19:03:00,0,0.036103733,0,0,Sell
4666,NVDA,2023-01-13 02:57:00,2023-01-13 03:06:00,1,0.8605378,1,1,Buy
5016,NVDA,2023-01-14 06:01:00,2023-01-14 06:22:00,0,0.049886186,0,0,Sell
7465,NVDA,2023-01-15 09:43:00,2023-01-15 10:06:00,0,0.3259558,0,0,Sell
8337,NVDA,2023-01-15 15:41:00,2023-01-15 15:55:00,1,0.3303989,0,1,Sell
7148,NVDA,2023-01-15 22:59:00,2023-01-15 23:13:00,0,0.06758914,0,0,Sell
1709,NVDA,2023-01-16 23:37:00,2023-01-17 00:05:00,0,0.04655991,0,0,Sell
7988,NVDA,2023-01-18 00:49:00,2023-01-18 01:04:00,1,0.8941931,1,1,Buy
6945,NVDA,2023-01-18 11:45:00,2023-01-18 12:00:00,1,0.6990514,1,1,Buy
1525,NVDA,2023-01-18 15:07:00,2023-01-18 15:34:00,1,0.94902796,1,1,Buy
6056,NVDA,2023-01-18 18:33:00,2023-01-18 18:50:00,1,0.106884375,0,1,Sell
7139,NVDA,2023-01-19 03:16:00,2023-01-19 03:25:00,1,0.13940403,0,1,Sell
3945,NVDA,2023-01-19 04:26:00,2023-01-19 04:44:00,1,0.5735849,1,1,Hold
6526,NVDA,2023-01-19 09:56:00,2023-01-19 10:09:00,0,0.26495937,0,0,Sell
2037,NVDA,2023-01-19 16:35:00,2023-01-19 17:02:00,0,0.083854645,0,0,Sell
4147,NVDA,2023-01-21 06:14:00,2023-01-21 06:20:00,0,0.16998412,0,0,Sell
3261,NVDA,2023-01-21 06:19:00,2023-01-21 06:47:00,1,0.93009835,1,1,Buy
7946,NVDA,2023-01-21 21:10:00,2023-01-21 21:28:00,1,0.92695314,1,1,Buy
5860,NVDA,2023-01-22 20:57:00,2023-01-22 21:20:00,1,0.75988007,1,1,Buy
8253,NVDA,2023-01-23 16:33:00,2023-01-23 16:45:00,0,0.9421587,1,0,Buy
7866,NVDA,2023-01-24 18:51:00,2023-01-24 19:15:00,1,0.9549402,1,1,Buy
4049,NVDA,2023-01-24 19:02:00,2023-01-24 19:11:00,0,0.07247199,0,0,Sell
5010,NVDA,2023-01-25 03:15:00,2023-01-25 03:26:00,1,0.93048203,1,1,Buy
9050,NVDA,2023-01-25 14:43:00,2023-01-25 14:48:00,1,0.950926,1,1,Buy
2341,NVDA,2023-01-25 15:40:00,2023-01-25 15:47:00,0,0.11630059,0,0,Sell
3815,NVDA,2023-01-25 17:23:00,2023-01-25 17:32:00,1,0.9379339,1,1,Buy
8177,NVDA,2023-01-26 07:17:00,2023-01-26 07:43:00,1,0.40522772,0,1,Hold
8634,NVDA,2023-01-27 07:58:00,2023-01-27 08:03:00,1,0.9404168,1,1,Buy
8701,NVDA,2023-01-27 22:45:00,2023-01-27 23:08:00,0,0.06890123,0,0,Sell
7224,NVDA,2023-01-27 23:26:00,2023-01-27 23:50:00,1,0.9530373,1,1,Buy
3139,NVDA,2023-01-28 05:48:00,2023-01-28 06:01:00,0,0.06360818,0,0,Sell
7289,NVDA,2023-01-28 15:52:00,2023-01-28 16:17:00,1,0.95430684,1,1,Buy
7734,NVDA,2023-01-28 23:50:00,2023-01-29 00:13:00,0,0.07183095,0,0,Sell
1570,NVDA,2023-01-29 05:10:00,2023-01-29 05:20:00,0,0.3993029,0,0,Sell
5404,NVDA,2023-01-29 05:20:00,2023-01-29 05:26:00,1,0.9607718,1,1,Buy
1254,NVDA,2023-01-29 08:58:00,2023-01-29 09:19:00,1,0.96023947,1,1,Buy
2070,NVDA,2023-01-29 13:23:00,2023-01-29 13:44:00,1,0.7854082,1,1,Buy
8146,NVDA,2023-01-30 14:26:00,2023-01-30 14:36:00,0,0.1470362,0,0,Sell
9474,NVDA,2023-01-31 00:18:00,2023-01-31 00:30:00,1,0.5088712,1,1,Hold
1224,NVDA,2023-01-31 06:39:00,2023-01-31 07:07:00,0,0.49366277,0,0,Hold
4566,NVDA,2023-02-01 06:00:00,2023-02-01 06:22:00,1,0.6313547,1,1,Buy
7302,NVDA,2023-02-01 12:29:00,2023-02-01 12:48:00,1,0.93510187,1,1,Buy
7210,NVDA,2023-02-01 16:47:00,2023-02-01 17:04:00,1,0.20692368,0,1,Sell
8564,NVDA,2023-02-01 18:56:00,2023-02-01 19:24:00,0,0.08205098,0,0,Sell
6836,NVDA,2023-02-02 03:29:00,2023-02-02 03:42:00,1,0.3139647,0,1,Sell
8219,NVDA,2023-02-02 06:50:00,2023-02-02 07:18:00,0,0.35195705,0,0,Sell
2650,NVDA,2023-02-02 09:23:00,2023-02-02 09:30:00,1,0.47462028,0,1,Hold
6290,NVDA,2023-02-02 14:36:00,2023-02-02 14:44:00,1,0.93082637,1,1,Buy
6553,NVDA,2023-02-03 09:54:00,2023-02-03 10:21:00,1,0.4110872,0,1,Hold
4885,NVDA,2023-02-03 10:52:00,2023-02-03 11:22:00,1,0.9150121,1,1,Buy
4083,NVDA,2023-02-03 12:59:00,2023-02-03 13:05:00,1,0.11254232,0,1,Sell
4264,NVDA,2023-02-04 12:15:00,2023-02-04 12:33:00,0,0.32492045,0,0,Sell
9513,NVDA,2023-02-04 16:46:00,2023-02-04 17:05:00,1,0.08401352,0,1,Sell
4534,NVDA,2023-02-04 18:54:00,2023-02-04 19:21:00,1,0.6891063,1,1,Buy
9388,NVDA,2023-02-05 00:02:00,2023-02-05 00:21:00,0,0.08652772,0,0,Sell
2858,NVDA,2023-02-05 15:16:00,2023-02-05 15:38:00,1,0.91197205,1,1,Buy
6783,NVDA,2023-02-05 17:58:00,2023-02-05 18:28:00,1,0.53006953,1,1,Hold
6551,NVDA,2023-02-05 22:15:00,2023-02-05 22:37:00,1,0.9580599,1,1,Buy
7041,NVDA,2023-02-06 04:36:00,2023-02-06 04:42:00,0,0.5007008,1,0,Hold
9358,NVDA,2023-02-06 09:45:00,2023-02-06 10:00:00,0,0.09807331,0,0,Sell
7305,NVDA,2023-02-06 13:12:00,2023-02-06 13:39:00,1,0.9311723,1,1,Buy
3111,NVDA,2023-02-06 20:14:00,2023-02-06 20:21:00,0,0.09867807,0,0,Sell
5051,NVDA,2023-02-07 02:52:00,2023-02-07 03:06:00,0,0.76535124,1,0,Buy
9844,NVDA,2023-02-08 05:51:00,2023-02-08 06:07:00,0,0.062796645,0,0,Sell
100,NVDA,2023-02-08 07:05:00,2023-02-08 07:13:00,0,0.46031675,0,0,Hold
4548,NVDA,2023-02-09 18:19:00,2023-02-09 18:47:00,1,0.30114195,0,1,Sell
420,NVDA,2023-02-09 21:52:00,2023-02-09 22:06:00,0,0.05585876,0,0,Sell
247,NVDA,2023-02-10 19:37:00,2023-02-10 19:53:00,1,0.9186891,1,1,Buy
8788,NVDA,2023-02-10 22:37:00,2023-02-10 22:55:00,0,0.9332289,1,0,Buy
367,NVDA,2023-02-11 15:16:00,2023-02-11 15:42:00,0,0.33540326,0,0,Sell
3603,NVDA,2023-02-12 04:55:00,2023-02-12 05:10:00,1,0.9038937,1,1,Buy
218,NVDA,2023-02-12 11:09:00,2023-02-12 11:19:00,0,0.5043952,1,0,Hold
5708,NVDA,2023-02-12 18:28:00,2023-02-12 18:38:00,1,0.93012595,1,1,Buy
5855,NVDA,2023-02-12 20:49:00,2023-02-12 21:16:00,0,0.1149206,0,0,Sell
8078,NVDA,2023-02-13 01:33:00,2023-02-13 01:49:00,1,0.9216764,1,1,Buy
1208,NVDA,2023-02-13 13:30:00,2023-02-13 13:40:00,1,0.9426274,1,1,Buy
6924,NVDA,2023-02-13 15:08:00,2023-02-13 15:16:00,1,0.95486605,1,1,Buy
9339,NVDA,2023-02-14 04:55:00,2023-02-14 05:08:00,1,0.9288487,1,1,Buy
5316,NVDA,2023-02-14 11:16:00,2023-02-14 11:45:00,1,0.74786067,1,1,Buy
1225,NVDA,2023-02-14 16:26:00,2023-02-14 16:42:00,1,0.94922155,1,1,Buy
6536,NVDA,2023-02-16 19:07:00,2023-02-16 19:22:00,0,0.49804407,0,0,Hold
5793,NVDA,2023-02-16 23:45:00,2023-02-16 23:53:00,0,0.5881361,1,0,Hold
5615,NVDA,2023-02-17 03:37:00,2023-02-17 03:57:00,0,0.09373682,0,0,Sell
7258,NVDA,2023-02-17 07:37:00,2023-02-17 08:06:00,0,0.07102289,0,0,Sell
3957,NVDA,2023-02-17 09:59:00,2023-02-17 10:12:00,1,0.9137498,1,1,Buy
7088,NVDA,2023-02-18 16:42:00,2023-02-18 17:11:00,0,0.41892868,0,0,Hold
5668,NVDA,2023-02-18 22:07:00,2023-02-18 22:29:00,1,0.9448265,1,1,Buy
1326,NVDA,2023-02-19 23:04:00,2023-02-19 23:22:00,1,0.75151867,1,1,Buy
9820,NVDA,2023-02-20 01:37:00,2023-02-20 01:55:00,1,0.93162256,1,1,Buy
6708,NVDA,2023-02-20 05:42:00,2023-02-20 05:52:00,0,0.10146727,0,0,Sell
7470,NVDA,2023-02-20 07:22:00,2023-02-20 07:36:00,0,0.08540954,0,0,Sell
795,NVDA,2023-02-20 15:17:00,2023-02-20 15:22:00,0,0.07984978,0,0,Sell
8334,NVDA,2023-02-20 18:18:00,2023-02-20 18:23:00,1,0.9179694,1,1,Buy
7952,NVDA,2023-02-21 16:02:00,2023-02-21 16:08:00,0,0.06764289,0,0,Sell
7591,NVDA,2023-02-21 23:54:00,2023-02-22 00:05:00,1,0.9386187,1,1,Buy
7145,NVDA,2023-02-22 01:57:00,2023-02-22 02:17:00,0,0.07651323,0,0,Sell
569,NVDA,2023-02-23 15:00:00,2023-02-23 15:09:00,1,0.76822317,1,1,Buy
1853,NVDA,2023-02-23 16:17:00,2023-02-23 16:27:00,1,0.9443069,1,1,Buy
1774,NVDA,2023-02-24 19:02:00,2023-02-24 19:15:00,0,0.07901856,0,0,Sell
4613,NVDA,2023-02-24 23:58:00,2023-02-25 00:16:00,1,0.9303297,1,1,Buy
3684,NVDA,2023-02-25 07:53:00,2023-02-25 08:14:00,0,0.48806107,0,0,Hold
6728,NVDA,2023-02-25 10:29:00,2023-02-25 10:51:00,0,0.06967976,0,0,Sell
2564,NVDA,2023-02-25 11:08:00,2023-02-25 11:38:00,1,0.9301954,1,1,Buy
6272,NVDA,2023-02-25 16:18:00,2023-02-25 16:41:00,1,0.9531977,1,1,Buy
7056,NVDA,2023-02-26 01:10:00,2023-02-26 01:28:00,1,0.47124746,0,1,Hold
2742,NVDA,2023-02-26 18:47:00,2023-02-26 19:11:00,1,0.93766236,1,1,Buy
5936,NVDA,2023-02-26 18:50:00,2023-02-26 19:16:00,0,0.061469264,0,0,Sell
5346,NVDA,2023-02-26 21:53:00,2023-02-26 22:13:00,1,0.93048006,1,1,Buy
4172,NVDA,2023-02-27 20:30:00,2023-02-27 20:57:00,1,0.41450477,0,1,Hold
7732,NVDA,2023-02-28 10:16:00,2023-02-28 10:40:00,1,0.56832665,1,1,Hold
4259,NVDA,2023-03-01 00:24:00,2023-03-01 00:54:00,0,0.082342,0,0,Sell
4251,NVDA,2023-03-01 11:38:00,2023-03-01 12:00:00,0,0.11344058,0,0,Sell
4150,NVDA,2023-03-01 18:58:00,2023-03-01 19:11:00,0,0.07453028,0,0,Sell
7674,NVDA,2023-03-02 02:46:00,2023-03-02 03:02:00,0,0.07193545,0,0,Sell
5765,NVDA,2023-03-02 04:44:00,2023-03-02 05:13:00,1,0.23592548,0,1,Sell
5336,NVDA,2023-03-02 14:28:00,2023-03-02 14:52:00,0,0.059183348,0,0,Sell
8197,NVDA,2023-03-03 07:44:00,2023-03-03 08:05:00,0,0.078873746,0,0,Sell
653,NVDA,2023-03-03 08:15:00,2023-03-03 08:37:00,1,0.89472175,1,1,Buy
4280,NVDA,2023-03-03 10:54:00,2023-03-03 11:21:00,0,0.061776623,0,0,Sell
7232,NVDA,2023-03-03 16:23:00,2023-03-03 16:45:00,0,0.23216613,0,0,Sell
3583,NVDA,2023-03-03 16:40:00,2023-03-03 17:09:00,0,0.0672653,0,0,Sell
553,NVDA,2023-03-04 06:16:00,2023-03-04 06:26:00,0,0.3502529,0,0,Sell
9842,NVDA,2023-03-04 15:55:00,2023-03-04 16:14:00,1,0.892295,1,1,Buy
8961,NVDA,2023-03-04 19:18:00,2023-03-04 19:46:00,1,0.947918,1,1,Buy
8559,NVDA,2023-03-04 22:46:00,2023-03-04 22:55:00,0,0.07127311,0,0,Sell
482,NVDA,2023-03-05 06:12:00,2023-03-05 06:30:00,0,0.045845203,0,0,Sell
7959,NVDA,2023-03-05 17:38:00,2023-03-05 17:46:00,1,0.9418112,1,1,Buy
8857,NVDA,2023-03-05 22:49:00,2023-03-05 23:11:00,1,0.5061679,1,1,Hold
6088,NVDA,2023-03-06 02:48:00,2023-03-06 02:55:00,1,0.9023387,1,1,Buy
1031,NVDA,2023-03-06 04:28:00,2023-03-06 04:58:00,0,0.91704893,1,0,Buy
4689,NVDA,2023-03-06 05:53:00,2023-03-06 06:20:00,1,0.9469712,1,1,Buy
6968,NVDA,2023-03-06 08:35:00,2023-03-06 08:42:00,1,0.94551295,1,1,Buy
868,NVDA,2023-03-07 02:58:00,2023-03-07 03:26:00,0,0.11593584,0,0,Sell
5544,NVDA,2023-03-07 23:35:00,2023-03-07 23:56:00,0,0.084553786,0,0,Sell
403,NVDA,2023-03-08 17:57:00,2023-03-08 18:04:00,1,0.4372616,0,1,Hold
3209,NVDA,2023-03-08 23:43:00,2023-03-09 00:11:00,0,0.4310541,0,0,Hold
2524,NVDA,2023-03-09 08:08:00,2023-03-09 08:36:00,0,0.061517328,0,0,Sell
9742,NVDA,2023-03-09 18:02:00,2023-03-09 18:09:00,1,0.925312,1,1,Buy
295,NVDA,2023-03-10 00:40:00,2023-03-10 01:05:00,1,0.64053,1,1,Buy
3523,NVDA,2023-03-10 05:58:00,2023-03-10 06:13:00,1,0.9355649,1,1,Buy
7090,NVDA,2023-03-10 19:20:00,2023-03-10 19:37:00,1,0.5875655,1,1,Hold
5736,NVDA,2023-03-11 03:29:00,2023-03-11 03:58:00,0,0.067128405,0,0,Sell
7728,NVDA,2023-03-11 05:53:00,2023-03-11 06:20:00,1,0.93363297,1,1,Buy
9387,NVDA,2023-03-11 09:47:00,2023-03-11 09:53:00,0,0.061626896,0,0,Sell
6909,NVDA,2023-03-11 09:49:00,2023-03-11 10:17:00,1,0.911811,1,1,Buy
1605,NVDA,2023-03-11 18:14:00,2023-03-11 18:33:00,0,0.35880345,0,0,Sell
1443,NVDA,2023-03-11 21:10:00,2023-03-11 21:28:00,1,0.93576443,1,1,Buy
5865,NVDA,2023-03-12 20:55:00,2023-03-12 21:21:00,0,0.51659626,1,0,Hold
5000,NVDA,2023-03-12 23:24:00,2023-03-12 23:32:00,0,0.35403293,0,0,Sell
4646,NVDA,2023-03-13 22:30:00,2023-03-13 22:47:00,1,0.9366277,1,1,Buy
2477,NVDA,2023-03-14 05:06:00,2023-03-14 05:22:00,1,0.91668797,1,1,Buy
566,NVDA,2023-03-14 07:56:00,2023-03-14 08:01:00,0,0.06460179,0,0,Sell
5499,NVDA,2023-03-14 12:59:00,2023-03-14 13:27:00,1,0.41095188,0,1,Hold
4208,NVDA,2023-03-14 13:04:00,2023-03-14 13:33:00,1,0.6005671,1,1,Buy
8586,NVDA,2023-03-15 04:04:00,2023-03-15 04:17:00,1,0.9290498,1,1,Buy
8205,NVDA,2023-03-15 09:46:00,2023-03-15 10:07:00,1,0.45529553,0,1,Hold
174,NVDA,2023-03-15 13:25:00,2023-03-15 13:30:00,0,0.91890866,1,0,Buy
5303,NVDA,2023-03-16 02:31:00,2023-03-16 02:40:00,1,0.92039114,1,1,Buy
1962,NVDA,2023-03-16 08:24:00,2023-03-16 08:38:00,0,0.2513502,0,0,Sell
9438,NVDA,2023-03-16 09:36:00,2023-03-16 09:54:00,0,0.060937334,0,0,Sell
7027,NVDA,2023-03-17 00:24:00,2023-03-17 00:50:00,0,0.06694933,0,0,Sell
9991,NVDA,2023-03-18 04:58:00,2023-03-18 05:18:00,1,0.93390465,1,1,Buy
1794,NVDA,2023-03-18 07:04:00,2023-03-18 07:22:00,1,0.67505485,1,1,Buy
7629,NVDA,2023-03-18 08:08:00,2023-03-18 08:26:00,0,0.06524665,0,0,Sell
5733,NVDA,2023-03-19 05:26:00,2023-03-19 05:42:00,0,0.04760463,0,0,Sell
8675,NVDA,2023-03-19 18:15:00,2023-03-19 18:27:00,0,0.34023023,0,0,Sell
7816,NVDA,2023-03-21 06:18:00,2023-03-21 06:27:00,0,0.06718751,0,0,Sell
5637,NVDA,2023-03-21 07:15:00,2023-03-21 07:29:00,1,0.8719052,1,1,Buy
5417,NVDA,2023-03-22 02:16:00,2023-03-22 02:23:00,1,0.91249216,1,1,Buy
8779,NVDA,2023-03-22 11:06:00,2023-03-22 11:12:00,0,0.08158658,0,0,Sell
3719,NVDA,2023-03-22 18:52:00,2023-03-22 19:02:00,1,0.93780327,1,1,Buy
2506,NVDA,2023-03-23 03:59:00,2023-03-23 04:14:00,1,0.93650323,1,1,Buy
4676,NVDA,2023-03-23 09:22:00,2023-03-23 09:46:00,1,0.60856336,1,1,Buy
9256,NVDA,2023-03-23 13:37:00,2023-03-23 13:43:00,1,0.27575487,0,1,Sell
6399,NVDA,2023-03-23 22:48:00,2023-03-23 23:05:00,1,0.9491712,1,1,Buy
1622,NVDA,2023-03-24 04:11:00,2023-03-24 04:24:00,0,0.08674034,0,0,Sell
929,NVDA,2023-03-24 16:47:00,2023-03-24 17:10:00,1,0.9385354,1,1,Buy
34,NVDA,2023-03-25 01:44:00,2023-03-25 02:08:00,1,0.9511383,1,1,Buy
7260,NVDA,2023-03-26 01:49:00,2023-03-26 01:59:00,0,0.62124914,1,0,Buy
9008,NVDA,2023-03-26 02:41:00,2023-03-26 02:59:00,0,0.41004092,0,0,Hold
7248,NVDA,2023-03-26 14:08:00,2023-03-26 14:26:00,1,0.96179634,1,1,Buy
4852,NVDA,2023-03-26 16:20:00,2023-03-26 16:25:00,1,0.9642438,1,1,Buy
150,NVDA,2023-03-27 08:27:00,2023-03-27 08:34:00,0,0.09716924,0,0,Sell
6216,NVDA,2023-03-27 11:07:00,2023-03-27 11:12:00,0,0.08182994,0,0,Sell
3318,NVDA,2023-03-27 19:35:00,2023-03-27 19:47:00,0,0.5261336,1,0,Hold
987,NVDA,2023-03-28 12:21:00,2023-03-28 12:40:00,1,0.9561843,1,1,Buy
9526,NVDA,2023-03-29 14:32:00,2023-03-29 14:53:00,0,0.43723327,0,0,Hold
802,NVDA,2023-03-29 17:49:00,2023-03-29 18:15:00,1,0.942628,1,1,Buy
7012,NVDA,2023-03-30 00:10:00,2023-03-30 00:15:00,0,0.40067434,0,0,Hold
7273,NVDA,2023-03-31 14:25:00,2023-03-31 14:54:00,0,0.9379472,1,0,Buy
7336,NVDA,2023-04-01 18:10:00,2023-04-01 18:37:00,1,0.06132187,0,1,Sell
6373,NVDA,2023-04-01 19:55:00,2023-04-01 20:10:00,1,0.1838872,0,1,Sell
4653,NVDA,2023-04-02 00:35:00,2023-04-02 01:05:00,0,0.080535,0,0,Sell
1027,NVDA,2023-04-02 16:08:00,2023-04-02 16:38:00,1,0.6237168,1,1,Buy
7689,NVDA,2023-04-03 12:00:00,2023-04-03 12:05:00,0,0.6888245,1,0,Buy
2995,NVDA,2023-04-03 18:13:00,2023-04-03 18:38:00,1,0.9378979,1,1,Buy
3379,NVDA,2023-04-03 19:11:00,2023-04-03 19:18:00,1,0.9498665,1,1,Buy
8470,NVDA,2023-04-04 09:13:00,2023-04-04 09:24:00,1,0.9555734,1,1,Buy
6825,NVDA,2023-04-04 09:24:00,2023-04-04 09:32:00,0,0.87771136,1,0,Buy
8600,NVDA,2023-04-04 23:36:00,2023-04-04 23:46:00,0,0.1420393,0,0,Sell
7153,NVDA,2023-04-05 01:42:00,2023-04-05 02:00:00,1,0.9465371,1,1,Buy
4980,NVDA,2023-04-05 03:53:00,2023-04-05 04:02:00,0,0.70529443,1,0,Buy
3014,NVDA,2023-04-05 20:11:00,2023-04-05 20:17:00,1,0.8352336,1,1,Buy
2032,NVDA,2023-04-06 13:11:00,2023-04-06 13:27:00,1,0.91439635,1,1,Buy
287,NVDA,2023-04-06 17:24:00,2023-04-06 17:42:00,0,0.81844646,1,0,Buy
3054,NVDA,2023-04-06 22:47:00,2023-04-06 23:14:00,1,0.4541674,0,1,Hold
2946,NVDA,2023-04-07 02:34:00,2023-04-07 02:40:00,1,0.93827254,1,1,Buy
7703,NVDA,2023-04-08 03:03:00,2023-04-08 03:10:00,0,0.07649549,0,0,Sell
1365,NVDA,2023-04-08 06:54:00,2023-04-08 07:01:00,1,0.5340061,1,1,Hold
746,NVDA,2023-04-08 15:43:00,2023-04-08 15:55:00,0,0.11144189,0,0,Sell
7775,NVDA,2023-04-08 16:41:00,2023-04-08 16:51:00,1,0.9466055,1,1,Buy
217,NVDA,2023-04-08 16:50:00,2023-04-08 16:58:00,1,0.9085528,1,1,Buy
1470,NVDA,2023-04-09 15:09:00,2023-04-09 15:34:00,1,0.8142182,1,1,Buy
4713,NVDA,2023-04-10 02:16:00,2023-04-10 02:25:00,1,0.2592691,0,1,Sell
1148,NVDA,2023-04-11 11:05:00,2023-04-11 11:26:00,1,0.56187236,1,1,Hold
6402,NVDA,2023-04-11 12:31:00,2023-04-11 12:42:00,1,0.93108296,1,1,Buy
17,NVDA,2023-04-12 04:20:00,2023-04-12 04:41:00,0,0.05610057,0,0,Sell
7074,NVDA,2023-04-13 03:19:00,2023-04-13 03:41:00,1,0.9098463,1,1,Buy
8156,NVDA,2023-04-13 04:46:00,2023-04-13 05:00:00,1,0.93059844,1,1,Buy
8814,NVDA,2023-04-13 08:30:00,2023-04-13 08:44:00,0,0.07114649,0,0,Sell
3991,NVDA,2023-04-13 16:23:00,2023-04-13 16:51:00,0,0.042388875,0,0,Sell
238,NVDA,2023-04-13 21:25:00,2023-04-13 21:43:00,0,0.46841133,0,0,Hold
1864,NVDA,2023-04-14 23:06:00,2023-04-14 23:19:00,0,0.05917592,0,0,Sell
3314,NVDA,2023-04-14 23:57:00,2023-04-15 00:10:00,1,0.9456541,1,1,Buy
6547,NVDA,2023-04-15 07:38:00,2023-04-15 07:48:00,0,0.047948603,0,0,Sell
6294,NVDA,2023-04-15 09:56:00,2023-04-15 10:02:00,0,0.2663498,0,0,Sell
9408,NVDA,2023-04-15 10:19:00,2023-04-15 10:34:00,1,0.4130513,0,1,Hold
8576,NVDA,2023-04-16 07:01:00,2023-04-16 07:14:00,0,0.56191504,1,0,Hold
1373,NVDA,2023-04-16 20:00:00,2023-04-16 20:23:00,0,0.06259291,0,0,Sell
4316,NVDA,2023-04-17 03:18:00,2023-04-17 03:33:00,0,0.30811787,0,0,Sell
6577,NVDA,2023-04-17 12:30:00,2023-04-17 12:38:00,0,0.051262006,0,0,Sell
7652,NVDA,2023-04-17 14:36:00,2023-04-17 14:52:00,1,0.3466882,0,1,Sell
1306,NVDA,2023-04-20 16:11:00,2023-04-20 16:30:00,0,0.043411814,0,0,Sell
4180,NVDA,2023-04-20 16:32:00,2023-04-20 16:39:00,0,0.042858817,0,0,Sell
8805,NVDA,2023-04-21 14:52:00,2023-04-21 15:04:00,0,0.042341005,0,0,Sell
1684,NVDA,2023-04-22 01:08:00,2023-04-22 01:16:00,0,0.06736778,0,0,Sell
5456,NVDA,2023-04-22 06:59:00,2023-04-22 07:19:00,0,0.061128456,0,0,Sell
9851,NVDA,2023-04-23 08:07:00,2023-04-23 08:24:00,0,0.048234716,0,0,Sell
1838,NVDA,2023-04-23 09:08:00,2023-04-23 09:37:00,0,0.05120202,0,0,Sell
4959,NVDA,2023-04-23 21:38:00,2023-04-23 21:45:00,1,0.539224,1,1,Hold
2690,NVDA,2023-04-24 05:01:00,2023-04-24 05:27:00,0,0.07240181,0,0,Sell
4519,NVDA,2023-04-24 18:46:00,2023-04-24 19:09:00,1,0.88560283,1,1,Buy
921,NVDA,2023-04-25 01:23:00,2023-04-25 01:48:00,0,0.09796751,0,0,Sell
1174,NVDA,2023-04-25 03:45:00,2023-04-25 03:55:00,0,0.57928646,1,0,Hold
3651,NVDA,2023-04-25 04:43:00,2023-04-25 05:08:00,0,0.067208104,0,0,Sell
5611,NVDA,2023-04-26 11:27:00,2023-04-26 11:57:00,1,0.9410363,1,1,Buy
1993,NVDA,2023-04-27 10:39:00,2023-04-27 11:04:00,0,0.071749635,0,0,Sell
284,NVDA,2023-04-28 01:59:00,2023-04-28 02:07:00,0,0.05876754,0,0,Sell
4931,NVDA,2023-04-28 10:57:00,2023-04-28 11:24:00,0,0.72822565,1,0,Buy
3144,NVDA,2023-04-28 16:01:00,2023-04-28 16:29:00,0,0.07914368,0,0,Sell
8232,NVDA,2023-04-28 17:45:00,2023-04-28 18:10:00,0,0.03306074,0,0,Sell
1234,NVDA,2023-04-29 09:30:00,2023-04-29 09:58:00,1,0.82249576,1,1,Buy
7990,NVDA,2023-04-29 10:02:00,2023-04-29 10:18:00,1,0.8862855,1,1,Buy
8418,NVDA,2023-04-29 16:01:00,2023-04-29 16:17:00,0,0.3364346,0,0,Sell
6562,NVDA,2023-04-30 11:36:00,2023-04-30 12:06:00,1,0.94908315,1,1,Buy
3352,NVDA,2023-05-01 01:29:00,2023-05-01 01:50:00,1,0.8981402,1,1,Buy
3247,NVDA,2023-05-01 04:10:00,2023-05-01 04:17:00,1,0.91531086,1,1,Buy
6508,NVDA,2023-05-02 14:14:00,2023-05-02 14:29:00,1,0.94836575,1,1,Buy
1817,NVDA,2023-05-02 18:22:00,2023-05-02 18:29:00,1,0.9422372,1,1,Buy
9275,NVDA,2023-05-02 20:39:00,2023-05-02 20:55:00,1,0.9607578,1,1,Buy
2471,NVDA,2023-05-03 05:51:00,2023-05-03 06:18:00,1,0.92964303,1,1,Buy
1537,NVDA,2023-05-03 06:38:00,2023-05-03 06:49:00,0,0.68865377,1,0,Buy
3619,NVDA,2023-05-03 11:21:00,2023-05-03 11:51:00,1,0.9371833,1,1,Buy
9133,NVDA,2023-05-04 20:03:00,2023-05-04 20:19:00,0,0.10324768,0,0,Sell
1146,NVDA,2023-05-05 22:16:00,2023-05-05 22:40:00,0,0.062778465,0,0,Sell
6692,NVDA,2023-05-06 03:54:00,2023-05-06 04:14:00,1,0.93909544,1,1,Buy
652,NVDA,2023-05-06 05:58:00,2023-05-06 06:14:00,1,0.94127756,1,1,Buy
4033,NVDA,2023-05-07 17:30:00,2023-05-07 17:45:00,1,0.420888,0,1,Hold
8965,NVDA,2023-05-07 23:28:00,2023-05-07 23:57:00,1,0.9647298,1,1,Buy
6387,NVDA,2023-05-09 05:02:00,2023-05-09 05:19:00,1,0.9332229,1,1,Buy
9435,NVDA,2023-05-09 11:39:00,2023-05-09 11:44:00,1,0.3904658,0,1,Sell
4797,NVDA,2023-05-10 09:16:00,2023-05-10 09:42:00,0,0.06823075,0,0,Sell
1529,NVDA,2023-05-10 13:48:00,2023-05-10 14:00:00,1,0.93994343,1,1,Buy
1309,NVDA,2023-05-10 17:02:00,2023-05-10 17:09:00,0,0.08141688,0,0,Sell
6448,NVDA,2023-05-11 02:25:00,2023-05-11 02:46:00,0,0.056752045,0,0,Sell
8301,NVDA,2023-05-11 13:24:00,2023-05-11 13:48:00,0,0.061786238,0,0,Sell
9756,NVDA,2023-05-11 19:19:00,2023-05-11 19:30:00,0,0.05378428,0,0,Sell
207,NVDA,2023-05-12 09:09:00,2023-05-12 09:24:00,1,0.508388,1,1,Hold
5317,NVDA,2023-05-12 12:44:00,2023-05-12 12:55:00,1,0.34544063,0,1,Sell
2920,NVDA,2023-05-12 14:47:00,2023-05-12 14:53:00,1,0.113839865,0,1,Sell
2921,NVDA,2023-05-12 16:49:00,2023-05-12 17:16:00,0,0.10010916,0,0,Sell
1653,NVDA,2023-05-12 17:53:00,2023-05-12 18:17:00,0,0.07443921,0,0,Sell
6010,NVDA,2023-05-13 13:45:00,2023-05-13 13:57:00,0,0.07662425,0,0,Sell
9632,NVDA,2023-05-15 08:00:00,2023-05-15 08:10:00,0,0.087023035,0,0,Sell
6957,NVDA,2023-05-15 09:45:00,2023-05-15 09:50:00,1,0.8825483,1,1,Buy
2720,NVDA,2023-05-16 02:37:00,2023-05-16 03:00:00,0,0.07191758,0,0,Sell
9051,NVDA,2023-05-16 10:26:00,2023-05-16 10:35:00,1,0.45552522,0,1,Hold
7376,NVDA,2023-05-16 20:02:00,2023-05-16 20:08:00,1,0.92453384,1,1,Buy
7833,NVDA,2023-05-16 21:53:00,2023-05-16 22:14:00,1,0.95969045,1,1,Buy
4024,NVDA,2023-05-18 01:24:00,2023-05-18 01:42:00,0,0.09222586,0,0,Sell
2403,NVDA,2023-05-18 10:59:00,2023-05-18 11:05:00,0,0.11169,0,0,Sell
8717,NVDA,2023-05-18 12:43:00,2023-05-18 13:05:00,0,0.056807104,0,0,Sell
4859,NVDA,2023-05-19 04:35:00,2023-05-19 04:49:00,1,0.9149279,1,1,Buy
6341,NVDA,2023-05-20 15:24:00,2023-05-20 15:50:00,0,0.055874635,0,0,Sell
9792,NVDA,2023-05-20 18:17:00,2023-05-20 18:36:00,1,0.93741375,1,1,Buy
7286,NVDA,2023-05-20 20:30:00,2023-05-20 20:43:00,0,0.06279574,0,0,Sell
2912,NVDA,2023-05-21 10:27:00,2023-05-21 10:54:00,1,0.49832058,0,1,Hold
3107,NVDA,2023-05-22 23:34:00,2023-05-23 00:01:00,1,0.31652063,0,1,Sell
4788,NVDA,2023-05-23 01:57:00,2023-05-23 02:02:00,1,0.90977067,1,1,Buy
1906,NVDA,2023-05-23 05:03:00,2023-05-23 05:16:00,1,0.40558305,0,1,Hold
2362,NVDA,2023-05-23 07:31:00,2023-05-23 07:59:00,1,0.90778863,1,1,Buy
3588,NVDA,2023-05-23 07:43:00,2023-05-23 08:05:00,0,0.08130765,0,0,Sell
8931,NVDA,2023-05-23 12:49:00,2023-05-23 13:13:00,1,0.94009703,1,1,Buy
4645,NVDA,2023-05-23 22:51:00,2023-05-23 23:16:00,0,0.07408951,0,0,Sell
8504,NVDA,2023-05-24 02:07:00,2023-05-24 02:18:00,1,0.89022285,1,1,Buy
9035,NVDA,2023-05-24 03:38:00,2023-05-24 03:44:00,0,0.08553138,0,0,Sell
805,NVDA,2023-05-24 08:09:00,2023-05-24 08:26:00,0,0.0746463,0,0,Sell
4082,NVDA,2023-05-24 10:00:00,2023-05-24 10:05:00,0,0.2593598,0,0,Sell
4841,NVDA,2023-05-24 15:45:00,2023-05-24 15:56:00,0,0.37277633,0,0,Sell
349,NVDA,2023-05-24 17:42:00,2023-05-24 17:56:00,1,0.9206535,1,1,Buy
3882,NVDA,2023-05-24 18:41:00,2023-05-24 18:52:00,1,0.40278715,0,1,Hold
3287,NVDA,2023-05-25 03:03:00,2023-05-25 03:15:00,0,0.08106851,0,0,Sell
5140,NVDA,2023-05-25 09:11:00,2023-05-25 09:32:00,0,0.9359532,1,0,Buy
2222,NVDA,2023-05-25 11:04:00,2023-05-25 11:16:00,1,0.49570832,0,1,Hold
6726,NVDA,2023-05-25 19:12:00,2023-05-25 19:39:00,0,0.054286696,0,0,Sell
1476,NVDA,2023-05-26 02:31:00,2023-05-26 02:42:00,1,0.18839215,0,1,Sell
148,NVDA,2023-05-26 04:55:00,2023-05-26 05:23:00,0,0.062347814,0,0,Sell
6360,NVDA,2023-05-26 19:55:00,2023-05-26 20:12:00,1,0.9099711,1,1,Buy
9611,NVDA,2023-05-27 20:20:00,2023-05-27 20:38:00,1,0.93067896,1,1,Buy
7707,NVDA,2023-05-27 21:46:00,2023-05-27 22:01:00,0,0.06242907,0,0,Sell
3552,NVDA,2023-05-28 17:52:00,2023-05-28 18:15:00,0,0.051021624,0,0,Sell
6099,NVDA,2023-05-28 18:02:00,2023-05-28 18:14:00,0,0.062483344,0,0,Sell
7317,NVDA,2023-05-28 18:49:00,2023-05-28 19:09:00,1,0.1342284,0,1,Sell
9823,NVDA,2023-05-28 21:24:00,2023-05-28 21:35:00,0,0.27259016,0,0,Sell
6271,NVDA,2023-05-30 16:15:00,2023-05-30 16:35:00,0,0.06282696,0,0,Sell
1058,NVDA,2023-05-31 02:21:00,2023-05-31 02:35:00,0,0.08182059,0,0,Sell
2730,NVDA,2023-05-31 10:57:00,2023-05-31 11:26:00,0,0.35271648,0,0,Sell
3879,NVDA,2023-05-31 20:23:00,2023-05-31 20:51:00,0,0.05508518,0,0,Sell
7419,NVDA,2023-06-01 04:13:00,2023-06-01 04:27:00,0,0.054208264,0,0,Sell
9147,NVDA,2023-06-02 04:06:00,2023-06-02 04:15:00,1,0.079200745,0,1,Sell
4281,NVDA,2023-06-02 07:38:00,2023-06-02 08:05:00,0,0.34222275,0,0,Sell
3126,NVDA,2023-06-03 02:40:00,2023-06-03 03:02:00,0,0.91284555,1,0,Buy
8147,NVDA,2023-06-03 03:30:00,2023-06-03 03:50:00,0,0.3715589,0,0,Sell
9574,NVDA,2023-06-03 11:30:00,2023-06-03 11:37:00,0,0.31912982,0,0,Sell
7895,NVDA,2023-06-03 18:05:00,2023-06-03 18:25:00,0,0.054601923,0,0,Sell
9710,NVDA,2023-06-03 21:19:00,2023-06-03 21:35:00,1,0.9275892,1,1,Buy
9297,NVDA,2023-06-03 23:15:00,2023-06-03 23:45:00,1,0.93843484,1,1,Buy
4423,NVDA,2023-06-04 05:33:00,2023-06-04 05:44:00,1,0.56901467,1,1,Hold
1523,NVDA,2023-06-05 03:19:00,2023-06-05 03:37:00,1,0.9498578,1,1,Buy
1526,NVDA,2023-06-05 04:22:00,2023-06-05 04:36:00,1,0.9364034,1,1,Buy
2527,NVDA,2023-06-05 17:17:00,2023-06-05 17:40:00,1,0.9551087,1,1,Buy
1788,NVDA,2023-06-06 12:05:00,2023-06-06 12:10:00,1,0.94325274,1,1,Buy
9716,NVDA,2023-06-06 22:05:00,2023-06-06 22:30:00,0,0.16753976,0,0,Sell
6092,NVDA,2023-06-07 03:25:00,2023-06-07 03:54:00,1,0.9227634,1,1,Buy
6265,NVDA,2023-06-07 15:49:00,2023-06-07 15:54:00,0,0.07414573,0,0,Sell
325,NVDA,2023-06-07 20:31:00,2023-06-07 20:52:00,0,0.41029876,0,0,Hold
2227,NVDA,2023-06-09 09:01:00,2023-06-09 09:25:00,1,0.90327203,1,1,Buy
2195,NVDA,2023-06-10 03:50:00,2023-06-10 04:16:00,1,0.9094258,1,1,Buy
9021,NVDA,2023-06-10 21:53:00,2023-06-10 22:18:00,0,0.07093697,0,0,Sell
6295,NVDA,2023-06-11 05:46:00,2023-06-11 06:00:00,1,0.9313387,1,1,Buy
9963,NVDA,2023-06-11 07:38:00,2023-06-11 08:00:00,0,0.072005615,0,0,Sell
9732,NVDA,2023-06-12 01:50:00,2023-06-12 01:59:00,0,0.12986751,0,0,Sell
4509,NVDA,2023-06-12 13:12:00,2023-06-12 13:20:00,1,0.94435805,1,1,Buy
3984,NVDA,2023-06-13 17:40:00,2023-06-13 17:53:00,1,0.5720048,1,1,Hold
9219,NVDA,2023-06-14 11:42:00,2023-06-14 11:59:00,1,0.9499051,1,1,Buy
748,NVDA,2023-06-14 12:07:00,2023-06-14 12:17:00,0,0.44715756,0,0,Hold
1172,NVDA,2023-06-15 05:13:00,2023-06-15 05:20:00,0,0.10114535,0,0,Sell
8461,NVDA,2023-06-16 14:31:00,2023-06-16 14:54:00,1,0.95214576,1,1,Buy
8252,NVDA,2023-06-16 16:07:00,2023-06-16 16:15:00,0,0.058350265,0,0,Sell
2913,NVDA,2023-06-17 05:01:00,2023-06-17 05:23:00,0,0.06624041,0,0,Sell
8873,NVDA,2023-06-17 05:54:00,2023-06-17 06:14:00,0,0.051442984,0,0,Sell
5751,NVDA,2023-06-18 00:59:00,2023-06-18 01:16:00,0,0.23302227,0,0,Sell
1842,NVDA,2023-06-18 02:45:00,2023-06-18 03:01:00,0,0.06319418,0,0,Sell
9061,NVDA,2023-06-18 04:47:00,2023-06-18 05:01:00,1,0.88323265,1,1,Buy
5341,NVDA,2023-06-18 15:24:00,2023-06-18 15:33:00,1,0.34432045,0,1,Sell
607,NVDA,2023-06-18 17:11:00,2023-06-18 17:36:00,1,0.94399714,1,1,Buy
5648,NVDA,2023-06-18 21:13:00,2023-06-18 21:38:00,0,0.06363373,0,0,Sell
3033,NVDA,2023-06-19 05:25:00,2023-06-19 05:45:00,0,0.0729708,0,0,Sell
3958,NVDA,2023-06-19 08:08:00,2023-06-19 08:24:00,1,0.35725754,0,1,Sell
1859,NVDA,2023-06-19 13:02:00,2023-06-19 13:30:00,0,0.06430284,0,0,Sell
8117,NVDA,2023-06-19 19:21:00,2023-06-19 19:32:00,1,0.29487577,0,1,Sell
9214,NVDA,2023-06-20 02:47:00,2023-06-20 02:53:00,1,0.9065457,1,1,Buy
874,NVDA,2023-06-20 06:25:00,2023-06-20 06:38:00,1,0.92875797,1,1,Buy
5176,NVDA,2023-06-20 10:13:00,2023-06-20 10:26:00,0,0.08102462,0,0,Sell
3896,NVDA,2023-06-20 14:53:00,2023-06-20 15:11:00,1,0.55267376,1,1,Hold
6630,NVDA,2023-06-21 05:40:00,2023-06-21 06:01:00,1,0.69243205,1,1,Buy
1303,NVDA,2023-06-22 14:50:00,2023-06-22 14:56:00,0,0.07268529,0,0,Sell
5562,NVDA,2023-06-22 18:45:00,2023-06-22 18:58:00,1,0.9382496,1,1,Buy
3726,NVDA,2023-06-23 15:35:00,2023-06-23 15:46:00,1,0.946363,1,1,Buy
6438,NVDA,2023-06-23 19:22:00,2023-06-23 19:31:00,0,0.719431,1,0,Buy
1547,NVDA,2023-06-24 01:51:00,2023-06-24 02:05:00,0,0.51688546,1,0,Hold
8009,NVDA,2023-06-24 05:38:00,2023-06-24 06:03:00,0,0.026939102,0,0,Sell
3936,NVDA,2023-06-25 02:33:00,2023-06-25 02:49:00,0,0.1637247,0,0,Sell
9336,NVDA,2023-06-25 03:34:00,2023-06-25 03:57:00,1,0.78769386,1,1,Buy
6614,NVDA,2023-06-25 12:16:00,2023-06-25 12:31:00,1,0.7870042,1,1,Buy
2737,NVDA,2023-06-25 14:18:00,2023-06-25 14:40:00,1,0.80707914,1,1,Buy
8388,NVDA,2023-06-26 04:08:00,2023-06-26 04:22:00,1,0.5521449,1,1,Hold
6201,NVDA,2023-06-26 15:16:00,2023-06-26 15:43:00,1,0.47236398,0,1,Hold
3026,NVDA,2023-06-27 13:59:00,2023-06-27 14:21:00,0,0.14003764,0,0,Sell
2637,NVDA,2023-06-28 04:07:00,2023-06-28 04:21:00,0,0.7202919,1,0,Buy
5882,NVDA,2023-06-28 06:31:00,2023-06-28 06:58:00,1,0.35421014,0,1,Sell
6407,NVDA,2023-06-28 10:12:00,2023-06-28 10:42:00,1,0.920929,1,1,Buy
1812,NVDA,2023-06-29 19:54:00,2023-06-29 20:13:00,1,0.71521205,1,1,Buy
5059,NVDA,2023-06-30 01:05:00,2023-06-30 01:19:00,0,0.8001278,1,0,Buy
7693,NVDA,2023-06-30 04:18:00,2023-06-30 04:31:00,1,0.9193232,1,1,Buy
1312,NVDA,2023-06-30 18:42:00,2023-06-30 19:11:00,1,0.5085689,1,1,Hold
59,NVDA,2023-06-30 20:36:00,2023-06-30 21:03:00,1,0.76060563,1,1,Buy
8700,NVDA,2023-07-01 21:04:00,2023-07-01 21:19:00,1,0.9467334,1,1,Buy
6455,NVDA,2023-07-02 06:58:00,2023-07-02 07:20:00,0,0.844764,1,0,Buy
9235,NVDA,2023-07-02 10:12:00,2023-07-02 10:23:00,0,0.12466124,0,0,Sell
4444,NVDA,2023-07-02 15:09:00,2023-07-02 15:25:00,1,0.9243579,1,1,Buy
2936,NVDA,2023-07-02 22:06:00,2023-07-02 22:29:00,1,0.9442686,1,1,Buy
2792,NVDA,2023-07-03 04:10:00,2023-07-03 04:32:00,1,0.8812705,1,1,Buy
997,NVDA,2023-07-04 17:25:00,2023-07-04 17:36:00,1,0.42114785,0,1,Hold
2224,NVDA,2023-07-05 09:13:00,2023-07-05 09:31:00,1,0.6680377,1,1,Buy
9088,NVDA,2023-07-05 10:37:00,2023-07-05 11:03:00,0,0.097210266,0,0,Sell
7351,NVDA,2023-07-05 10:47:00,2023-07-05 11:10:00,0,0.2552925,0,0,Sell
342,NVDA,2023-07-05 21:04:00,2023-07-05 21:23:00,1,0.9501703,1,1,Buy
2285,NVDA,2023-07-06 00:42:00,2023-07-06 01:03:00,1,0.9120126,1,1,Buy
5492,NVDA,2023-07-06 07:46:00,2023-07-06 07:51:00,1,0.46329406,0,1,Hold
7444,NVDA,2023-07-06 12:42:00,2023-07-06 13:01:00,1,0.72610265,1,1,Buy
4275,NVDA,2023-07-06 20:57:00,2023-07-06 21:22:00,1,0.8737386,1,1,Buy
3223,NVDA,2023-07-07 05:56:00,2023-07-07 06:06:00,0,0.0049314876,0,0,Sell
4982,NVDA,2023-07-08 05:05:00,2023-07-08 05:35:00,0,0.0044646864,0,0,Sell
6182,NVDA,2023-07-08 13:30:00,2023-07-08 13:35:00,0,0.00472187,0,0,Sell
7806,NVDA,2023-07-08 21:34:00,2023-07-08 22:00:00,0,0.013528992,0,0,Sell
3620,NVDA,2023-07-09 02:16:00,2023-07-09 02:46:00,0,0.004417728,0,0,Sell
4225,NVDA,2023-07-09 03:04:00,2023-07-09 03:31:00,1,0.91728187,1,1,Buy
7494,NVDA,2023-07-09 07:34:00,2023-07-09 07:41:00,1,0.9315348,1,1,Buy
778,NVDA,2023-07-09 07:48:00,2023-07-09 08:14:00,1,0.94755226,1,1,Buy
7925,NVDA,2023-07-09 12:44:00,2023-07-09 13:01:00,0,0.55120915,1,0,Hold
9377,NVDA,2023-07-09 15:55:00,2023-07-09 16:10:00,0,0.3983385,0,0,Sell
7590,NVDA,2023-07-10 01:48:00,2023-07-10 02:11:00,0,0.52151334,1,0,Hold
2889,NVDA,2023-07-10 08:59:00,2023-07-10 09:23:00,0,0.382112,0,0,Sell
5893,NVDA,2023-07-10 19:43:00,2023-07-10 19:55:00,1,0.902832,1,1,Buy
7,NVDA,2023-07-11 06:43:00,2023-07-11 07:10:00,1,0.91679806,1,1,Buy
2484,NVDA,2023-07-12 02:04:00,2023-07-12 02:18:00,1,0.9134004,1,1,Buy
7721,NVDA,2023-07-12 08:55:00,2023-07-12 09:19:00,1,0.9558698,1,1,Buy
4244,NVDA,2023-07-13 07:00:00,2023-07-13 07:09:00,0,0.09558244,0,0,Sell
402,NVDA,2023-07-13 07:08:00,2023-07-13 07:27:00,0,0.34045058,0,0,Sell
8242,NVDA,2023-07-13 08:04:00,2023-07-13 08:19:00,0,0.07693266,0,0,Sell
3079,NVDA,2023-07-13 16:23:00,2023-07-13 16:39:00,1,0.9471613,1,1,Buy
172,NVDA,2023-07-14 00:47:00,2023-07-14 01:10:00,1,0.9505496,1,1,Buy
2167,NVDA,2023-07-14 04:34:00,2023-07-14 04:49:00,1,0.63055664,1,1,Buy
7386,NVDA,2023-07-14 18:18:00,2023-07-14 18:40:00,0,0.52570426,1,0,Hold
4694,NVDA,2023-07-15 08:55:00,2023-07-15 09:17:00,1,0.648748,1,1,Buy
6824,NVDA,2023-07-15 22:35:00,2023-07-15 22:49:00,1,0.56790864,1,1,Hold
4879,NVDA,2023-07-16 02:46:00,2023-07-16 02:51:00,1,0.9073999,1,1,Buy
1006,NVDA,2023-07-16 21:46:00,2023-07-16 21:58:00,1,0.83004147,1,1,Buy
2161,NVDA,2023-07-17 09:21:00,2023-07-17 09:36:00,0,0.08403217,0,0,Sell
9943,NVDA,2023-07-17 15:13:00,2023-07-17 15:26:00,0,0.061053805,0,0,Sell
4759,NVDA,2023-07-18 09:58:00,2023-07-18 10:13:00,0,0.05997235,0,0,Sell
9223,NVDA,2023-07-18 17:40:00,2023-07-18 17:49:00,0,0.2791604,0,0,Sell
2450,NVDA,2023-07-18 18:41:00,2023-07-18 18:58:00,1,0.87292314,1,1,Buy
2926,NVDA,2023-07-19 09:46:00,2023-07-19 09:57:00,1,0.9030904,1,1,Buy
8004,NVDA,2023-07-19 17:37:00,2023-07-19 17:59:00,1,0.94137526,1,1,Buy
3061,NVDA,2023-07-20 04:10:00,2023-07-20 04:29:00,1,0.8993476,1,1,Buy
7123,NVDA,2023-07-20 15:50:00,2023-07-20 16:10:00,0,0.8434053,1,0,Buy
2590,NVDA,2023-07-21 04:40:00,2023-07-21 04:53:00,0,0.07289236,0,0,Sell
6140,NVDA,2023-07-21 17:33:00,2023-07-21 17:51:00,1,0.942103,1,1,Buy
5153,NVDA,2023-07-22 06:23:00,2023-07-22 06:44:00,1,0.46156126,0,1,Hold
7981,NVDA,2023-07-22 21:01:00,2023-07-22 21:30:00,1,0.89472777,1,1,Buy
3295,NVDA,2023-07-23 07:07:00,2023-07-23 07:27:00,1,0.9078836,1,1,Buy
8489,NVDA,2023-07-23 22:41:00,2023-07-23 23:05:00,1,0.95341116,1,1,Buy
9010,NVDA,2023-07-24 05:16:00,2023-07-24 05:38:00,1,0.34221223,0,1,Sell
7538,NVDA,2023-07-24 05:43:00,2023-07-24 06:06:00,1,0.78572977,1,1,Buy
153,NVDA,2023-07-24 11:15:00,2023-07-24 11:25:00,0,0.75400996,1,0,Buy
6677,NVDA,2023-07-24 14:49:00,2023-07-24 15:16:00,0,0.122778654,0,0,Sell
7059,NVDA,2023-07-25 07:01:00,2023-07-25 07:27:00,1,0.92144233,1,1,Buy
1319,NVDA,2023-07-25 10:25:00,2023-07-25 10:52:00,1,0.9374605,1,1,Buy
2749,NVDA,2023-07-25 18:50:00,2023-07-25 19:06:00,1,0.4712725,0,1,Hold
2295,NVDA,2023-07-26 06:23:00,2023-07-26 06:40:00,0,0.097355634,0,0,Sell
1675,NVDA,2023-07-27 15:42:00,2023-07-27 16:01:00,0,0.5568979,1,0,Hold
8955,NVDA,2023-07-27 20:00:00,2023-07-27 20:19:00,1,0.963752,1,1,Buy
5150,NVDA,2023-07-29 21:17:00,2023-07-29 21:43:00,0,0.10094085,0,0,Sell
9330,NVDA,2023-07-30 09:13:00,2023-07-30 09:28:00,1,0.92204577,1,1,Buy
2131,NVDA,2023-07-31 21:19:00,2023-07-31 21:27:00,1,0.94106835,1,1,Buy
4030,NVDA,2023-08-01 04:30:00,2023-08-01 04:54:00,1,0.91917247,1,1,Buy
7751,NVDA,2023-08-01 17:35:00,2023-08-01 17:58:00,0,0.5802527,1,0,Hold
3397,NVDA,2023-08-01 20:47:00,2023-08-01 21:06:00,0,0.43958616,0,0,Hold
8585,NVDA,2023-08-02 09:48:00,2023-08-02 10:03:00,1,0.9350937,1,1,Buy
1834,NVDA,2023-08-02 12:56:00,2023-08-02 13:04:00,0,0.0698101,0,0,Sell
6395,NVDA,2023-08-02 14:38:00,2023-08-02 14:43:00,0,0.5692706,1,0,Hold
7869,NVDA,2023-08-02 16:44:00,2023-08-02 16:50:00,0,0.04423206,0,0,Sell
5871,NVDA,2023-08-03 11:39:00,2023-08-03 12:04:00,0,0.062221594,0,0,Sell
9173,NVDA,2023-08-04 10:06:00,2023-08-04 10:24:00,1,0.8432555,1,1,Buy
6059,NVDA,2023-08-04 16:30:00,2023-08-04 16:39:00,1,0.94143575,1,1,Buy
9997,NVDA,2023-08-05 02:55:00,2023-08-05 03:20:00,1,0.9468845,1,1,Buy
6451,NVDA,2023-08-05 08:07:00,2023-08-05 08:13:00,0,0.3297215,0,0,Sell
7491,NVDA,2023-08-05 08:53:00,2023-08-05 09:16:00,0,0.65141475,1,0,Buy
4754,NVDA,2023-08-05 20:11:00,2023-08-05 20:24:00,0,0.050251972,0,0,Sell
9907,NVDA,2023-08-05 22:48:00,2023-08-05 22:54:00,0,0.07044947,0,0,Sell
1624,NVDA,2023-08-06 13:28:00,2023-08-06 13:43:00,1,0.9088084,1,1,Buy
2465,NVDA,2023-08-06 13:53:00,2023-08-06 14:23:00,0,0.04568724,0,0,Sell
5923,NVDA,2023-08-07 00:31:00,2023-08-07 00:51:00,0,0.6640293,1,0,Buy
8466,NVDA,2023-08-08 00:50:00,2023-08-08 01:14:00,1,0.8770012,1,1,Buy
706,NVDA,2023-08-09 03:35:00,2023-08-09 03:48:00,1,0.9187699,1,1,Buy
5164,NVDA,2023-08-10 02:12:00,2023-08-10 02:18:00,1,0.44489145,0,1,Hold
1723,NVDA,2023-08-10 12:07:00,2023-08-10 12:28:00,1,0.9540881,1,1,Buy
4355,NVDA,2023-08-10 16:35:00,2023-08-10 16:52:00,0,0.09301526,0,0,Sell
2277,NVDA,2023-08-11 13:50:00,2023-08-11 14:15:00,0,0.7396287,1,0,Buy
8229,NVDA,2023-08-11 17:31:00,2023-08-11 17:47:00,1,0.082710855,0,1,Sell
6251,NVDA,2023-08-11 18:45:00,2023-08-11 19:08:00,0,0.05594648,0,0,Sell
3495,NVDA,2023-08-12 21:52:00,2023-08-12 22:03:00,1,0.39082488,0,1,Sell
502,NVDA,2023-08-13 01:10:00,2023-08-13 01:22:00,1,0.60610974,1,1,Buy
4321,NVDA,2023-08-15 09:16:00,2023-08-15 09:25:00,1,0.89894646,1,1,Buy
6559,NVDA,2023-08-16 11:52:00,2023-08-16 12:05:00,1,0.9203944,1,1,Buy
1099,NVDA,2023-08-16 17:10:00,2023-08-16 17:22:00,1,0.11493521,0,1,Sell
5844,NVDA,2023-08-16 20:18:00,2023-08-16 20:42:00,1,0.5254847,1,1,Hold
9154,NVDA,2023-08-17 00:35:00,2023-08-17 00:48:00,1,0.9191905,1,1,Buy
1135,NVDA,2023-08-17 07:57:00,2023-08-17 08:27:00,1,0.60820687,1,1,Buy
872,NVDA,2023-08-18 16:11:00,2023-08-18 16:26:00,1,0.9569565,1,1,Buy
1722,NVDA,2023-08-19 05:59:00,2023-08-19 06:09:00,0,0.086116366,0,0,Sell
4793,NVDA,2023-08-19 15:12:00,2023-08-19 15:18:00,0,0.35856605,0,0,Sell
8211,NVDA,2023-08-19 15:44:00,2023-08-19 15:55:00,1,0.9419415,1,1,Buy
3316,NVDA,2023-08-19 20:26:00,2023-08-19 20:34:00,1,0.96058166,1,1,Buy
6910,NVDA,2023-08-20 05:11:00,2023-08-20 05:41:00,1,0.9445631,1,1,Buy
4025,NVDA,2023-08-21 06:32:00,2023-08-21 06:47:00,0,0.1073398,0,0,Sell
2188,NVDA,2023-08-21 10:13:00,2023-08-21 10:18:00,0,0.516905,1,0,Hold
4418,NVDA,2023-08-21 18:46:00,2023-08-21 18:53:00,1,0.89342153,1,1,Buy
4455,NVDA,2023-08-21 20:21:00,2023-08-21 20:26:00,0,0.32727325,0,0,Sell
7428,NVDA,2023-08-22 00:22:00,2023-08-22 00:40:00,0,0.080848664,0,0,Sell
3669,NVDA,2023-08-22 14:57:00,2023-08-22 15:26:00,1,0.49415854,0,1,Hold
5344,NVDA,2023-08-22 19:02:00,2023-08-22 19:19:00,0,0.058999106,0,0,Sell
9252,NVDA,2023-08-23 06:12:00,2023-08-23 06:22:00,1,0.92428434,1,1,Buy
800,NVDA,2023-08-23 08:14:00,2023-08-23 08:39:00,0,0.052966822,0,0,Sell
5270,NVDA,2023-08-23 12:42:00,2023-08-23 13:07:00,0,0.070094235,0,0,Sell
9979,NVDA,2023-08-24 09:25:00,2023-08-24 09:40:00,0,0.77322364,1,0,Buy
2262,NVDA,2023-08-24 17:15:00,2023-08-24 17:43:00,1,0.25756598,0,1,Sell
1093,NVDA,2023-08-24 22:15:00,2023-08-24 22:22:00,1,0.89950883,1,1,Buy
2577,NVDA,2023-08-25 07:53:00,2023-08-25 08:14:00,1,0.920548,1,1,Buy
1881,NVDA,2023-08-25 09:13:00,2023-08-25 09:32:00,0,0.66805506,1,0,Buy
345,NVDA,2023-08-26 01:10:00,2023-08-26 01:36:00,1,0.9378113,1,1,Buy
8293,NVDA,2023-08-26 15:09:00,2023-08-26 15:15:00,0,0.42656624,0,0,Hold
6978,NVDA,2023-08-27 19:40:00,2023-08-27 19:50:00,0,0.064455986,0,0,Sell
7424,NVDA,2023-08-28 09:03:00,2023-08-28 09:32:00,1,0.873729,1,1,Buy
2495,NVDA,2023-08-29 00:08:00,2023-08-29 00:24:00,0,0.6840216,1,0,Buy
7782,NVDA,2023-08-29 21:04:00,2023-08-29 21:26:00,1,0.9442322,1,1,Buy
9782,NVDA,2023-08-31 00:17:00,2023-08-31 00:43:00,0,0.75334215,1,0,Buy
4582,NVDA,2023-08-31 01:05:00,2023-08-31 01:12:00,0,0.0961023,0,0,Sell
1144,NVDA,2023-08-31 11:39:00,2023-08-31 11:49:00,1,0.43742278,0,1,Hold
600,NVDA,2023-09-02 00:36:00,2023-09-02 00:51:00,0,0.091567725,0,0,Sell
4336,NVDA,2023-09-02 07:38:00,2023-09-02 07:55:00,1,0.6731353,1,1,Buy
864,NVDA,2023-09-02 19:28:00,2023-09-02 19:49:00,0,0.058633517,0,0,Sell
5714,NVDA,2023-09-04 21:44:00,2023-09-04 22:01:00,1,0.950299,1,1,Buy
4185,NVDA,2023-09-05 04:05:00,2023-09-05 04:29:00,0,0.06911313,0,0,Sell
8330,NVDA,2023-09-05 15:53:00,2023-09-05 16:02:00,1,0.9374485,1,1,Buy
9444,NVDA,2023-09-05 17:01:00,2023-09-05 17:29:00,0,0.08935833,0,0,Sell
5734,NVDA,2023-09-05 18:17:00,2023-09-05 18:35:00,0,0.35050923,0,0,Sell
9002,NVDA,2023-09-06 01:25:00,2023-09-06 01:32:00,1,0.92693615,1,1,Buy
4762,NVDA,2023-09-06 17:58:00,2023-09-06 18:21:00,1,0.9462761,1,1,Buy
2973,NVDA,2023-09-07 01:05:00,2023-09-07 01:35:00,1,0.92325354,1,1,Buy
1336,NVDA,2023-09-07 08:45:00,2023-09-07 08:50:00,0,0.15575181,0,0,Sell
2042,NVDA,2023-09-07 19:33:00,2023-09-07 19:44:00,0,0.09367452,0,0,Sell
1545,NVDA,2023-09-08 20:09:00,2023-09-08 20:14:00,1,0.9383133,1,1,Buy
2173,NVDA,2023-09-09 22:33:00,2023-09-09 22:57:00,1,0.92669445,1,1,Buy
9099,NVDA,2023-09-11 01:51:00,2023-09-11 02:16:00,0,0.26942304,0,0,Sell
226,NVDA,2023-09-11 18:36:00,2023-09-11 18:50:00,0,0.050737977,0,0,Sell
1458,NVDA,2023-09-11 21:05:00,2023-09-11 21:13:00,0,0.07652453,0,0,Sell
7995,NVDA,2023-09-12 01:36:00,2023-09-12 01:45:00,0,0.060878575,0,0,Sell
2489,NVDA,2023-09-12 14:00:00,2023-09-12 14:07:00,0,0.53666466,1,0,Hold
5642,NVDA,2023-09-13 06:10:00,2023-09-13 06:24:00,0,0.06918762,0,0,Sell
4709,NVDA,2023-09-13 22:03:00,2023-09-13 22:19:00,1,0.89163905,1,1,Buy
160,NVDA,2023-09-14 12:48:00,2023-09-14 13:05:00,0,0.20608819,0,0,Sell
6740,NVDA,2023-09-14 13:23:00,2023-09-14 13:42:00,0,0.04116813,0,0,Sell
7095,NVDA,2023-09-14 21:05:00,2023-09-14 21:13:00,1,0.44762993,0,1,Hold
8354,NVDA,2023-09-16 05:02:00,2023-09-16 05:11:00,1,0.9570258,1,1,Buy
1445,NVDA,2023-09-17 00:08:00,2023-09-17 00:24:00,0,0.056866843,0,0,Sell
3663,NVDA,2023-09-17 13:49:00,2023-09-17 14:00:00,1,0.9083213,1,1,Buy
601,NVDA,2023-09-17 16:58:00,2023-09-17 17:10:00,1,0.9609146,1,1,Buy
3411,NVDA,2023-09-18 11:48:00,2023-09-18 12:16:00,0,0.107590914,0,0,Sell
5682,NVDA,2023-09-19 00:44:00,2023-09-19 01:14:00,0,0.5235589,1,0,Hold
2727,NVDA,2023-09-19 13:07:00,2023-09-19 13:20:00,1,0.65294194,1,1,Buy
303,NVDA,2023-09-19 16:32:00,2023-09-19 16:52:00,0,0.09858124,0,0,Sell
4712,NVDA,2023-09-21 03:08:00,2023-09-21 03:23:00,1,0.91525894,1,1,Buy
1506,NVDA,2023-09-21 05:48:00,2023-09-21 06:16:00,0,0.0674452,0,0,Sell
3488,NVDA,2023-09-21 06:01:00,2023-09-21 06:24:00,1,0.93021065,1,1,Buy
4940,NVDA,2023-09-21 14:03:00,2023-09-21 14:30:00,0,0.070425846,0,0,Sell
7191,NVDA,2023-09-22 05:59:00,2023-09-22 06:14:00,1,0.9350849,1,1,Buy
3337,NVDA,2023-09-22 07:45:00,2023-09-22 08:15:00,0,0.11378321,0,0,Sell
9985,NVDA,2023-09-22 07:45:00,2023-09-22 07:50:00,0,0.07821358,0,0,Sell
880,NVDA,2023-09-23 01:31:00,2023-09-23 01:39:00,0,0.060677204,0,0,Sell
622,NVDA,2023-09-24 19:50:00,2023-09-24 20:04:00,1,0.9182163,1,1,Buy
360,NVDA,2023-09-24 20:42:00,2023-09-24 21:05:00,0,0.047491103,0,0,Sell
3449,NVDA,2023-09-25 08:54:00,2023-09-25 09:11:00,1,0.44019982,0,1,Hold
5281,NVDA,2023-09-25 14:38:00,2023-09-25 15:04:00,0,0.059113614,0,0,Sell
5928,NVDA,2023-09-25 17:10:00,2023-09-25 17:40:00,0,0.27645183,0,0,Sell
1768,NVDA,2023-09-26 02:41:00,2023-09-26 02:56:00,1,0.39273214,0,1,Sell
815,NVDA,2023-09-26 10:04:00,2023-09-26 10:13:00,1,0.94857156,1,1,Buy
133,NVDA,2023-09-28 00:03:00,2023-09-28 00:12:00,1,0.9286554,1,1,Buy
175,NVDA,2023-09-28 10:04:00,2023-09-28 10:29:00,1,0.8370967,1,1,Buy
3190,NVDA,2023-09-28 22:04:00,2023-09-28 22:26:00,1,0.6233783,1,1,Buy
6753,NVDA,2023-09-29 11:00:00,2023-09-29 11:17:00,0,0.05537052,0,0,Sell
4362,NVDA,2023-09-30 10:59:00,2023-09-30 11:24:00,0,0.4654845,0,0,Hold
8196,NVDA,2023-09-30 13:32:00,2023-09-30 13:53:00,0,0.068411194,0,0,Sell
414,NVDA,2023-10-01 03:06:00,2023-10-01 03:22:00,0,0.7606173,1,0,Buy
3948,NVDA,2023-10-01 16:11:00,2023-10-01 16:41:00,0,0.04503574,0,0,Sell
178,NVDA,2023-10-01 17:35:00,2023-10-01 18:02:00,1,0.89200634,1,1,Buy
5835,NVDA,2023-10-02 00:11:00,2023-10-02 00:16:00,1,0.8984763,1,1,Buy
8570,NVDA,2023-10-02 06:31:00,2023-10-02 06:59:00,1,0.9116659,1,1,Buy
8704,NVDA,2023-10-02 15:55:00,2023-10-02 16:19:00,1,0.9291923,1,1,Buy
8848,NVDA,2023-10-02 18:19:00,2023-10-02 18:31:00,0,0.5760474,1,0,Hold
4623,NVDA,2023-10-02 18:56:00,2023-10-02 19:07:00,1,0.9338347,1,1,Buy
6958,NVDA,2023-10-02 21:21:00,2023-10-02 21:40:00,1,0.95328945,1,1,Buy
2066,NVDA,2023-10-04 17:57:00,2023-10-04 18:09:00,1,0.95745164,1,1,Buy
7457,NVDA,2023-10-05 01:38:00,2023-10-05 02:06:00,1,0.8623192,1,1,Buy
6481,NVDA,2023-10-05 10:00:00,2023-10-05 10:18:00,0,0.3059209,0,0,Sell
6500,NVDA,2023-10-05 14:08:00,2023-10-05 14:14:00,1,0.4283595,0,1,Hold
1925,NVDA,2023-10-05 15:21:00,2023-10-05 15:45:00,1,0.9502441,1,1,Buy
7156,NVDA,2023-10-05 18:27:00,2023-10-05 18:57:00,1,0.95263064,1,1,Buy
3520,NVDA,2023-10-05 20:19:00,2023-10-05 20:29:00,0,0.11508785,0,0,Sell
7195,NVDA,2023-10-06 14:47:00,2023-10-06 14:56:00,1,0.9536506,1,1,Buy
3401,NVDA,2023-10-07 00:11:00,2023-10-07 00:16:00,1,0.9166445,1,1,Buy
6953,NVDA,2023-10-08 08:20:00,2023-10-08 08:36:00,0,0.057425722,0,0,Sell
2134,NVDA,2023-10-08 12:41:00,2023-10-08 12:55:00,0,0.10214751,0,0,Sell
4927,NVDA,2023-10-08 19:55:00,2023-10-08 20:25:00,0,0.0578595,0,0,Sell
6662,NVDA,2023-10-08 20:38:00,2023-10-08 20:54:00,0,0.042875487,0,0,Sell
1240,NVDA,2023-10-08 21:19:00,2023-10-08 21:48:00,1,0.9508123,1,1,Buy
6392,NVDA,2023-10-09 17:11:00,2023-10-09 17:29:00,0,0.31059843,0,0,Sell
169,NVDA,2023-10-09 22:41:00,2023-10-09 22:58:00,0,0.08686639,0,0,Sell
8786,NVDA,2023-10-10 04:30:00,2023-10-10 04:58:00,0,0.39906538,0,0,Sell
2208,NVDA,2023-10-10 06:25:00,2023-10-10 06:47:00,0,0.46505684,0,0,Hold
4350,NVDA,2023-10-10 07:39:00,2023-10-10 08:01:00,1,0.86300796,1,1,Buy
3016,NVDA,2023-10-10 11:24:00,2023-10-10 11:51:00,0,0.07306962,0,0,Sell
5905,NVDA,2023-10-10 15:33:00,2023-10-10 15:39:00,1,0.47868937,0,1,Hold
3559,NVDA,2023-10-11 14:02:00,2023-10-11 14:27:00,1,0.4561764,0,1,Hold
986,NVDA,2023-10-11 18:17:00,2023-10-11 18:25:00,0,0.5451457,1,0,Hold
7535,NVDA,2023-10-11 19:14:00,2023-10-11 19:26:00,1,0.92977434,1,1,Buy
1652,NVDA,2023-10-12 03:22:00,2023-10-12 03:38:00,1,0.9215302,1,1,Buy
1502,NVDA,2023-10-12 04:01:00,2023-10-12 04:14:00,0,0.104711466,0,0,Sell
3338,NVDA,2023-10-12 07:07:00,2023-10-12 07:29:00,0,0.08410274,0,0,Sell
1047,NVDA,2023-10-12 20:37:00,2023-10-12 20:43:00,1,0.4142993,0,1,Hold
8451,NVDA,2023-10-13 12:13:00,2023-10-13 12:40:00,1,0.95635885,1,1,Buy
8396,NVDA,2023-10-13 15:22:00,2023-10-13 15:40:00,1,0.5452512,1,1,Hold
1821,NVDA,2023-10-14 02:03:00,2023-10-14 02:15:00,1,0.92254573,1,1,Buy
268,NVDA,2023-10-14 09:46:00,2023-10-14 10:14:00,1,0.8211994,1,1,Buy
9311,NVDA,2023-10-14 13:12:00,2023-10-14 13:38:00,1,0.47991446,0,1,Hold
8087,NVDA,2023-10-14 15:23:00,2023-10-14 15:29:00,0,0.33997512,0,0,Sell
734,NVDA,2023-10-14 19:40:00,2023-10-14 19:50:00,1,0.6955708,1,1,Buy
2275,NVDA,2023-10-15 07:21:00,2023-10-15 07:29:00,1,0.31514138,0,1,Sell
4453,NVDA,2023-10-15 15:56:00,2023-10-15 16:10:00,0,0.5992537,1,0,Hold
1327,NVDA,2023-10-16 00:59:00,2023-10-16 01:11:00,1,0.40539512,0,1,Hold
5735,NVDA,2023-10-16 07:37:00,2023-10-16 07:55:00,0,0.09933298,0,0,Sell
8228,NVDA,2023-10-16 21:21:00,2023-10-16 21:33:00,0,0.50575644,1,0,Hold
5169,NVDA,2023-10-17 11:03:00,2023-10-17 11:23:00,1,0.4109644,0,1,Hold
8861,NVDA,2023-10-17 23:35:00,2023-10-17 23:48:00,1,0.95310956,1,1,Buy
6196,NVDA,2023-10-19 02:08:00,2023-10-19 02:17:00,0,0.08955762,0,0,Sell
3089,NVDA,2023-10-19 07:28:00,2023-10-19 07:46:00,0,0.0936544,0,0,Sell
737,NVDA,2023-10-19 11:22:00,2023-10-19 11:27:00,0,0.07699814,0,0,Sell
6226,NVDA,2023-10-19 12:01:00,2023-10-19 12:19:00,1,0.49101084,0,1,Hold
522,NVDA,2023-10-20 07:01:00,2023-10-20 07:26:00,0,0.056939725,0,0,Sell
2768,NVDA,2023-10-20 07:38:00,2023-10-20 08:08:00,1,0.8161224,1,1,Buy
1828,NVDA,2023-10-20 19:01:00,2023-10-20 19:14:00,0,0.54049516,1,0,Hold
3983,NVDA,2023-10-22 07:32:00,2023-10-22 07:44:00,1,0.42931542,0,1,Hold
7644,NVDA,2023-10-22 08:04:00,2023-10-22 08:19:00,0,0.07504,0,0,Sell
5020,NVDA,2023-10-23 07:40:00,2023-10-23 07:57:00,0,0.10327896,0,0,Sell
5920,NVDA,2023-10-23 07:44:00,2023-10-23 08:12:00,0,0.07565195,0,0,Sell
7038,NVDA,2023-10-23 08:33:00,2023-10-23 08:45:00,1,0.93270564,1,1,Buy
5987,NVDA,2023-10-23 14:50:00,2023-10-23 15:04:00,0,0.06125942,0,0,Sell
4603,NVDA,2023-10-24 04:36:00,2023-10-24 04:54:00,0,0.36752498,0,0,Sell
1129,NVDA,2023-10-24 11:31:00,2023-10-24 11:54:00,0,0.0694183,0,0,Sell
2619,NVDA,2023-10-24 11:43:00,2023-10-24 12:09:00,1,0.45736888,0,1,Hold
4377,NVDA,2023-10-24 21:33:00,2023-10-24 22:02:00,1,0.94272697,1,1,Buy
7777,NVDA,2023-10-25 04:45:00,2023-10-25 05:06:00,1,0.8140031,1,1,Buy
3897,NVDA,2023-10-25 05:28:00,2023-10-25 05:37:00,0,0.08186291,0,0,Sell
961,NVDA,2023-10-25 10:53:00,2023-10-25 11:16:00,1,0.9279294,1,1,Buy
5722,NVDA,2023-10-25 12:40:00,2023-10-25 12:55:00,1,0.3374773,0,1,Sell
3409,NVDA,2023-10-25 20:47:00,2023-10-25 21:03:00,1,0.48037907,0,1,Hold
127,NVDA,2023-10-26 02:54:00,2023-10-26 03:16:00,1,0.9453589,1,1,Buy
6881,NVDA,2023-10-26 10:17:00,2023-10-26 10:37:00,1,0.9367128,1,1,Buy
5739,NVDA,2023-10-27 06:11:00,2023-10-27 06:27:00,1,0.94964087,1,1,Buy
7100,NVDA,2023-10-27 09:38:00,2023-10-27 09:43:00,0,0.6603603,1,0,Buy
1791,NVDA,2023-10-27 11:11:00,2023-10-27 11:16:00,0,0.76793295,1,0,Buy
476,NVDA,2023-10-27 19:15:00,2023-10-27 19:29:00,1,0.95704055,1,1,Buy
1256,NVDA,2023-10-27 20:05:00,2023-10-27 20:24:00,0,0.95401335,1,0,Buy
9604,NVDA,2023-10-28 19:54:00,2023-10-28 20:16:00,1,0.39347893,0,1,Sell
7236,NVDA,2023-10-29 04:35:00,2023-10-29 04:52:00,0,0.57524216,1,0,Hold
7761,NVDA,2023-10-29 04:36:00,2023-10-29 04:58:00,0,0.06285819,0,0,Sell
7114,NVDA,2023-10-29 05:04:00,2023-10-29 05:14:00,1,0.9284651,1,1,Buy
7962,NVDA,2023-10-30 10:22:00,2023-10-30 10:47:00,0,0.5700073,1,0,Hold
3419,NVDA,2023-10-30 14:22:00,2023-10-30 14:50:00,1,0.94807005,1,1,Buy
8492,NVDA,2023-10-30 14:48:00,2023-10-30 15:17:00,0,0.49001604,0,0,Hold
4437,NVDA,2023-10-31 05:04:00,2023-10-31 05:10:00,1,0.5464418,1,1,Hold
9100,NVDA,2023-10-31 23:43:00,2023-10-31 23:54:00,0,0.106678486,0,0,Sell
5146,NVDA,2023-11-02 00:06:00,2023-11-02 00:16:00,0,0.10412983,0,0,Sell
9609,NVDA,2023-11-02 07:38:00,2023-11-02 07:44:00,0,0.056225464,0,0,Sell
6288,NVDA,2023-11-02 16:35:00,2023-11-02 17:01:00,1,0.9461066,1,1,Buy
763,NVDA,2023-11-03 00:33:00,2023-11-03 00:38:00,1,0.91610205,1,1,Buy
8742,NVDA,2023-11-03 05:16:00,2023-11-03 05:34:00,0,0.063516855,0,0,Sell
117,NVDA,2023-11-03 14:17:00,2023-11-03 14:46:00,1,0.9433715,1,1,Buy
2106,NVDA,2023-11-03 19:04:00,2023-11-03 19:32:00,1,0.5556603,1,1,Hold
7811,NVDA,2023-11-03 20:55:00,2023-11-03 21:04:00,0,0.85083556,1,0,Buy
7223,NVDA,2023-11-04 00:22:00,2023-11-04 00:38:00,1,0.9297202,1,1,Buy
3704,NVDA,2023-11-04 01:23:00,2023-11-04 01:43:00,0,0.07237458,0,0,Sell
6062,NVDA,2023-11-04 20:00:00,2023-11-04 20:12:00,1,0.95146656,1,1,Buy
9486,NVDA,2023-11-05 11:24:00,2023-11-05 11:35:00,0,0.5411259,1,0,Hold
7702,NVDA,2023-11-06 09:12:00,2023-11-06 09:34:00,0,0.48095018,0,0,Hold
8505,NVDA,2023-11-06 14:07:00,2023-11-06 14:20:00,1,0.9309468,1,1,Buy
9508,NVDA,2023-11-07 09:50:00,2023-11-07 09:58:00,0,0.08541258,0,0,Sell
575,NVDA,2023-11-07 13:44:00,2023-11-07 14:11:00,1,0.4320486,0,1,Hold
4166,NVDA,2023-11-07 16:24:00,2023-11-07 16:47:00,1,0.91175455,1,1,Buy
5075,NVDA,2023-11-08 01:14:00,2023-11-08 01:31:00,0,0.0921406,0,0,Sell
6990,NVDA,2023-11-09 02:09:00,2023-11-09 02:38:00,0,0.06675423,0,0,Sell
591,NVDA,2023-11-09 10:19:00,2023-11-09 10:32:00,0,0.0641267,0,0,Sell
8033,NVDA,2023-11-10 13:09:00,2023-11-10 13:28:00,0,0.7454712,1,0,Buy
5573,NVDA,2023-11-11 06:38:00,2023-11-11 06:49:00,0,0.041185528,0,0,Sell
7064,NVDA,2023-11-11 13:56:00,2023-11-11 14:16:00,1,0.88509804,1,1,Buy
3960,NVDA,2023-11-11 20:40:00,2023-11-11 21:08:00,1,0.059098482,0,1,Sell
9836,NVDA,2023-11-12 03:59:00,2023-11-12 04:09:00,0,0.0797443,0,0,Sell
2988,NVDA,2023-11-12 05:34:00,2023-11-12 05:43:00,0,0.5124936,1,0,Hold
1302,NVDA,2023-11-12 18:00:00,2023-11-12 18:30:00,0,0.06656667,0,0,Sell
9161,NVDA,2023-11-13 11:36:00,2023-11-13 11:48:00,0,0.8931936,1,0,Buy
6082,NVDA,2023-11-13 17:47:00,2023-11-13 18:07:00,1,0.2860116,0,1,Sell
3509,NVDA,2023-11-14 02:16:00,2023-11-14 02:24:00,0,0.08487443,0,0,Sell
7185,NVDA,2023-11-14 03:00:00,2023-11-14 03:18:00,0,0.08614703,0,0,Sell
6803,NVDA,2023-11-14 13:10:00,2023-11-14 13:30:00,1,0.9255435,1,1,Buy
9329,NVDA,2023-11-14 18:46:00,2023-11-14 19:08:00,1,0.9484998,1,1,Buy
3374,NVDA,2023-11-15 19:50:00,2023-11-15 19:58:00,0,0.077836595,0,0,Sell
596,NVDA,2023-11-16 01:09:00,2023-11-16 01:35:00,1,0.56282187,1,1,Hold
5610,NVDA,2023-11-16 05:40:00,2023-11-16 05:55:00,1,0.9374045,1,1,Buy
6952,NVDA,2023-11-16 17:35:00,2023-11-16 18:04:00,0,0.08718655,0,0,Sell
2387,NVDA,2023-11-16 23:08:00,2023-11-16 23:35:00,1,0.9498313,1,1,Buy
4492,NVDA,2023-11-17 05:42:00,2023-11-17 06:01:00,1,0.9311187,1,1,Buy
8991,NVDA,2023-11-18 08:15:00,2023-11-18 08:23:00,1,0.93949604,1,1,Buy
5935,NVDA,2023-11-18 18:28:00,2023-11-18 18:42:00,1,0.93414843,1,1,Buy
8190,NVDA,2023-11-18 22:37:00,2023-11-18 22:48:00,1,0.4161188,0,1,Hold
5036,NVDA,2023-11-20 02:33:00,2023-11-20 03:00:00,1,0.5625221,1,1,Hold
1305,NVDA,2023-11-20 12:34:00,2023-11-20 13:04:00,1,0.9207134,1,1,Buy
6231,NVDA,2023-11-20 21:00:00,2023-11-20 21:12:00,1,0.9590009,1,1,Buy
7055,NVDA,2023-11-21 00:30:00,2023-11-21 00:39:00,1,0.90354025,1,1,Buy
2146,NVDA,2023-11-21 07:58:00,2023-11-21 08:18:00,1,0.93192303,1,1,Buy
6138,NVDA,2023-11-21 21:11:00,2023-11-21 21:38:00,0,0.13124529,0,0,Sell
6862,NVDA,2023-11-22 03:04:00,2023-11-22 03:31:00,0,0.076458596,0,0,Sell
1997,NVDA,2023-11-22 05:17:00,2023-11-22 05:32:00,1,0.7756618,1,1,Buy
6587,NVDA,2023-11-22 10:58:00,2023-11-22 11:17:00,1,0.26714835,0,1,Sell
4349,NVDA,2023-11-22 11:26:00,2023-11-22 11:32:00,1,0.9103144,1,1,Buy
2664,NVDA,2023-11-22 15:14:00,2023-11-22 15:33:00,0,0.08394849,0,0,Sell
2705,NVDA,2023-11-23 09:46:00,2023-11-23 09:59:00,1,0.57334083,1,1,Hold
3820,NVDA,2023-11-25 02:21:00,2023-11-25 02:31:00,1,0.9340127,1,1,Buy
4880,NVDA,2023-11-25 07:27:00,2023-11-25 07:50:00,1,0.946877,1,1,Buy
1734,NVDA,2023-11-25 20:37:00,2023-11-25 21:01:00,0,0.06142503,0,0,Sell
2943,NVDA,2023-11-26 03:05:00,2023-11-26 03:18:00,1,0.9202174,1,1,Buy
2791,NVDA,2023-11-27 05:24:00,2023-11-27 05:38:00,0,0.3202933,0,0,Sell
5674,NVDA,2023-11-27 16:53:00,2023-11-27 17:13:00,0,0.06987904,0,0,Sell
7412,NVDA,2023-11-28 09:13:00,2023-11-28 09:34:00,0,0.03315991,0,0,Sell
5539,NVDA,2023-11-29 20:48:00,2023-11-29 20:56:00,0,0.11659908,0,0,Sell
6546,NVDA,2023-11-30 13:36:00,2023-11-30 13:44:00,0,0.046157837,0,0,Sell
8759,NVDA,2023-11-30 20:20:00,2023-11-30 20:32:00,1,0.0363506,0,1,Sell
8213,NVDA,2023-11-30 23:28:00,2023-11-30 23:55:00,0,0.04041927,0,0,Sell
9771,NVDA,2023-12-01 18:29:00,2023-12-01 18:39:00,1,0.94009125,1,1,Buy
620,NVDA,2023-12-01 19:26:00,2023-12-01 19:44:00,0,0.08187836,0,0,Sell
7550,NVDA,2023-12-02 12:59:00,2023-12-02 13:18:00,1,0.8016289,1,1,Buy
5418,NVDA,2023-12-02 18:38:00,2023-12-02 19:00:00,0,0.5183813,1,0,Hold
6090,NVDA,2023-12-02 21:19:00,2023-12-02 21:28:00,1,0.7178246,1,1,Buy
4204,NVDA,2023-12-03 02:43:00,2023-12-03 03:11:00,1,0.91869795,1,1,Buy
8605,NVDA,2023-12-03 14:33:00,2023-12-03 14:49:00,1,0.36005476,0,1,Sell
3881,NVDA,2023-12-04 09:05:00,2023-12-04 09:20:00,0,0.5588766,1,0,Hold
3479,NVDA,2023-12-04 19:03:00,2023-12-04 19:32:00,1,0.94408554,1,1,Buy
7844,NVDA,2023-12-05 04:21:00,2023-12-05 04:40:00,0,0.35516372,0,0,Sell
5696,NVDA,2023-12-05 18:45:00,2023-12-05 18:56:00,1,0.4602433,0,1,Hold
2255,NVDA,2023-12-06 02:18:00,2023-12-06 02:45:00,1,0.90558344,1,1,Buy
1069,NVDA,2023-12-06 04:21:00,2023-12-06 04:33:00,1,0.92653674,1,1,Buy
7435,NVDA,2023-12-06 14:16:00,2023-12-06 14:41:00,1,0.9364175,1,1,Buy
7882,NVDA,2023-12-07 10:33:00,2023-12-07 10:52:00,1,0.65870005,1,1,Buy
5223,NVDA,2023-12-07 15:38:00,2023-12-07 15:45:00,0,0.12510264,0,0,Sell
3715,NVDA,2023-12-07 16:04:00,2023-12-07 16:23:00,0,0.5052794,1,0,Hold
2610,NVDA,2023-12-08 04:45:00,2023-12-08 05:11:00,0,0.6457703,1,0,Buy
1676,NVDA,2023-12-08 08:51:00,2023-12-08 09:10:00,0,0.068974115,0,0,Sell
5163,NVDA,2023-12-08 15:31:00,2023-12-08 15:38:00,0,0.057741757,0,0,Sell
980,NVDA,2023-12-08 18:40:00,2023-12-08 18:54:00,0,0.05416418,0,0,Sell
7578,NVDA,2023-12-08 20:10:00,2023-12-08 20:35:00,1,0.87630063,1,1,Buy
9915,NVDA,2023-12-09 07:28:00,2023-12-09 07:33:00,1,0.92492867,1,1,Buy
960,NVDA,2023-12-09 14:56:00,2023-12-09 15:07:00,0,0.052508328,0,0,Sell
9484,NVDA,2023-12-09 19:36:00,2023-12-09 19:54:00,0,0.059535857,0,0,Sell
2712,NVDA,2023-12-10 14:36:00,2023-12-10 14:53:00,1,0.5768031,1,1,Hold
3388,NVDA,2023-12-11 20:09:00,2023-12-11 20:15:00,0,0.052998737,0,0,Sell
8393,NVDA,2023-12-12 20:30:00,2023-12-12 20:49:00,0,0.04194934,0,0,Sell
1963,NVDA,2023-12-13 06:09:00,2023-12-13 06:20:00,1,0.8898958,1,1,Buy
3617,NVDA,2023-12-13 08:53:00,2023-12-13 08:59:00,1,0.8987076,1,1,Buy
2776,NVDA,2023-12-14 11:52:00,2023-12-14 12:04:00,0,0.059576,0,0,Sell
3015,NVDA,2023-12-15 00:17:00,2023-12-15 00:30:00,0,0.07665693,0,0,Sell
3649,NVDA,2023-12-15 00:20:00,2023-12-15 00:45:00,0,0.06855072,0,0,Sell
5533,NVDA,2023-12-15 02:27:00,2023-12-15 02:46:00,0,0.46190447,0,0,Hold
5122,NVDA,2023-12-15 14:08:00,2023-12-15 14:22:00,1,0.056408383,0,1,Sell
1921,NVDA,2023-12-15 16:00:00,2023-12-15 16:09:00,0,0.4427135,0,0,Hold
6963,NVDA,2023-12-15 21:49:00,2023-12-15 22:18:00,0,0.06622963,0,0,Sell
2431,NVDA,2023-12-16 16:27:00,2023-12-16 16:38:00,0,0.048781894,0,0,Sell
1717,NVDA,2023-12-16 22:45:00,2023-12-16 23:03:00,1,0.9251405,1,1,Buy
2640,NVDA,2023-12-17 03:34:00,2023-12-17 03:46:00,0,0.063714385,0,0,Sell
7433,NVDA,2023-12-17 11:51:00,2023-12-17 11:59:00,1,0.9349465,1,1,Buy
8395,NVDA,2023-12-17 22:42:00,2023-12-17 22:47:00,0,0.075196825,0,0,Sell
5103,NVDA,2023-12-17 22:53:00,2023-12-17 23:12:00,0,0.3023556,0,0,Sell
2244,NVDA,2023-12-18 20:59:00,2023-12-18 21:22:00,0,0.3465219,0,0,Sell
4629,NVDA,2023-12-19 03:37:00,2023-12-19 03:44:00,0,0.09934416,0,0,Sell
1072,NVDA,2023-12-19 14:24:00,2023-12-19 14:44:00,1,0.91577023,1,1,Buy
4977,NVDA,2023-12-19 15:01:00,2023-12-19 15:08:00,0,0.078792304,0,0,Sell
3096,NVDA,2023-12-19 15:12:00,2023-12-19 15:23:00,1,0.945919,1,1,Buy
9932,NVDA,2023-12-19 15:23:00,2023-12-19 15:46:00,0,0.10337098,0,0,Sell
446,NVDA,2023-12-19 22:15:00,2023-12-19 22:43:00,0,0.95727986,1,0,Buy
2433,NVDA,2023-12-20 01:47:00,2023-12-20 01:54:00,1,0.9060607,1,1,Buy
5055,NVDA,2023-12-21 02:27:00,2023-12-21 02:45:00,1,0.9084195,1,1,Buy
3553,NVDA,2023-12-21 11:39:00,2023-12-21 11:54:00,1,0.9113351,1,1,Buy
7723,NVDA,2023-12-21 17:35:00,2023-12-21 17:40:00,1,0.61771125,1,1,Buy
3858,NVDA,2023-12-21 18:14:00,2023-12-21 18:25:00,1,0.9596486,1,1,Buy
3711,NVDA,2023-12-21 20:19:00,2023-12-21 20:32:00,0,0.21826749,0,0,Sell
9129,NVDA,2023-12-22 05:29:00,2023-12-22 05:53:00,0,0.10892927,0,0,Sell
6674,NVDA,2023-12-22 05:57:00,2023-12-22 06:26:00,0,0.08133383,0,0,Sell
5717,NVDA,2023-12-22 17:31:00,2023-12-22 17:46:00,1,0.4523656,0,1,Hold
1636,NVDA,2023-12-23 21:17:00,2023-12-23 21:24:00,0,0.047652945,0,0,Sell
1045,NVDA,2023-12-24 01:09:00,2023-12-24 01:27:00,1,0.8951042,1,1,Buy
159,NVDA,2023-12-24 19:12:00,2023-12-24 19:28:00,0,0.2335149,0,0,Sell
1119,NVDA,2023-12-25 14:41:00,2023-12-25 14:47:00,0,0.3387622,0,0,Sell
6757,NVDA,2023-12-25 21:32:00,2023-12-25 21:57:00,0,0.045553528,0,0,Sell
151,NVDA,2023-12-26 02:03:00,2023-12-26 02:12:00,1,0.9198635,1,1,Buy
6353,NVDA,2023-12-26 06:46:00,2023-12-26 07:14:00,0,0.06305973,0,0,Sell
9817,NVDA,2023-12-26 10:22:00,2023-12-26 10:43:00,0,0.06394676,0,0,Sell
8360,NVDA,2023-12-26 20:02:00,2023-12-26 20:15:00,0,0.044626232,0,0,Sell
786,NVDA,2023-12-28 14:42:00,2023-12-28 14:51:00,1,0.9312398,1,1,Buy
1776,NVDA,2023-12-28 15:39:00,2023-12-28 16:08:00,1,0.9042004,1,1,Buy
9910,NVDA,2023-12-28 20:50:00,2023-12-28 20:56:00,0,0.800948,1,0,Buy
6480,NVDA,2023-12-29 00:41:00,2023-12-29 01:08:00,0,0.08406745,0,0,Sell
4383,NVDA,2023-12-29 01:47:00,2023-12-29 02:12:00,1,0.925777,1,1,Buy
7488,NVDA,2023-12-29 08:55:00,2023-12-29 09:20:00,0,0.074039996,0,0,Sell
1896,PLTR,2023-01-01 08:52:00,2023-01-01 09:16:00,1,0.93203825,1,1,Buy
4124,PLTR,2023-01-01 09:19:00,2023-01-01 09:45:00,1,0.9283804,1,1,Buy
3051,PLTR,2023-01-02 05:13:00,2023-01-02 05:37:00,1,0.9248554,1,1,Buy
4641,PLTR,2023-01-02 05:34:00,2023-01-02 06:00:00,0,0.113738805,0,0,Sell
4470,PLTR,2023-01-02 06:46:00,2023-01-02 07:13:00,0,0.10727455,0,0,Sell
8145,PLTR,2023-01-02 16:43:00,2023-01-02 16:59:00,0,0.05749736,0,0,Sell
6416,PLTR,2023-01-03 06:17:00,2023-01-03 06:25:00,0,0.07089886,0,0,Sell
4015,PLTR,2023-01-03 09:45:00,2023-01-03 09:57:00,1,0.8872247,1,1,Buy
2917,PLTR,2023-01-03 12:29:00,2023-01-03 12:44:00,1,0.46976244,0,1,Hold
6578,PLTR,2023-01-03 16:16:00,2023-01-03 16:24:00,1,0.90227515,1,1,Buy
3257,PLTR,2023-01-04 03:56:00,2023-01-04 04:15:00,1,0.60613495,1,1,Buy
8926,PLTR,2023-01-04 16:27:00,2023-01-04 16:48:00,1,0.9684295,1,1,Buy
1105,PLTR,2023-01-04 16:40:00,2023-01-04 17:07:00,1,0.95805806,1,1,Buy
7365,PLTR,2023-01-04 17:14:00,2023-01-04 17:44:00,1,0.84656197,1,1,Buy
3527,PLTR,2023-01-04 23:12:00,2023-01-04 23:18:00,0,0.18887669,0,0,Sell
6502,PLTR,2023-01-05 05:32:00,2023-01-05 05:54:00,0,0.16586825,0,0,Sell
2090,PLTR,2023-01-05 11:22:00,2023-01-05 11:50:00,0,0.051493898,0,0,Sell
4755,PLTR,2023-01-05 18:43:00,2023-01-05 19:00:00,0,0.39339164,0,0,Sell
5038,PLTR,2023-01-06 05:40:00,2023-01-06 05:57:00,0,0.057584856,0,0,Sell
626,PLTR,2023-01-06 18:41:00,2023-01-06 18:56:00,1,0.72009754,1,1,Buy
8665,PLTR,2023-01-07 00:54:00,2023-01-07 01:16:00,1,0.92655754,1,1,Buy
2247,PLTR,2023-01-07 08:26:00,2023-01-07 08:45:00,0,0.3813279,0,0,Sell
2605,PLTR,2023-01-07 13:02:00,2023-01-07 13:16:00,1,0.8713569,1,1,Buy
5624,PLTR,2023-01-07 14:25:00,2023-01-07 14:46:00,0,0.5168133,1,0,Hold
7632,PLTR,2023-01-07 22:21:00,2023-01-07 22:29:00,1,0.5627918,1,1,Hold
5954,PLTR,2023-01-08 04:18:00,2023-01-08 04:45:00,0,0.079762235,0,0,Sell
1227,PLTR,2023-01-09 04:36:00,2023-01-09 04:51:00,0,0.080300406,0,0,Sell
2748,PLTR,2023-01-10 00:58:00,2023-01-10 01:28:00,1,0.9121796,1,1,Buy
6368,PLTR,2023-01-11 05:22:00,2023-01-11 05:49:00,0,0.7007351,1,0,Buy
2038,PLTR,2023-01-11 06:02:00,2023-01-11 06:07:00,0,0.04099125,0,0,Sell
1014,PLTR,2023-01-11 09:43:00,2023-01-11 10:07:00,0,0.05444832,0,0,Sell
7783,PLTR,2023-01-11 20:20:00,2023-01-11 20:41:00,0,0.05520033,0,0,Sell
7566,PLTR,2023-01-12 22:41:00,2023-01-12 22:49:00,1,0.7796174,1,1,Buy
229,PLTR,2023-01-13 07:52:00,2023-01-13 08:11:00,0,0.45998812,0,0,Hold
7835,PLTR,2023-01-13 13:07:00,2023-01-13 13:35:00,0,0.05899353,0,0,Sell
5898,PLTR,2023-01-13 19:32:00,2023-01-13 19:38:00,1,0.9499614,1,1,Buy
616,PLTR,2023-01-13 19:34:00,2023-01-13 20:04:00,1,0.95494443,1,1,Buy
394,PLTR,2023-01-14 02:49:00,2023-01-14 02:54:00,1,0.9253815,1,1,Buy
4663,PLTR,2023-01-14 11:07:00,2023-01-14 11:33:00,0,0.09957724,0,0,Sell
6267,PLTR,2023-01-14 14:16:00,2023-01-14 14:38:00,0,0.09381951,0,0,Sell
6432,PLTR,2023-01-15 09:35:00,2023-01-15 09:51:00,0,0.084295444,0,0,Sell
224,PLTR,2023-01-15 13:11:00,2023-01-15 13:41:00,0,0.41375324,0,0,Hold
6867,PLTR,2023-01-16 06:38:00,2023-01-16 07:03:00,0,0.0736901,0,0,Sell
3788,PLTR,2023-01-17 05:01:00,2023-01-17 05:24:00,0,0.088563226,0,0,Sell
9774,PLTR,2023-01-17 12:17:00,2023-01-17 12:31:00,0,0.5710042,1,0,Hold
3786,PLTR,2023-01-17 16:52:00,2023-01-17 17:17:00,1,0.92212296,1,1,Buy
244,PLTR,2023-01-17 17:05:00,2023-01-17 17:30:00,1,0.1808479,0,1,Sell
2197,PLTR,2023-01-18 04:00:00,2023-01-18 04:29:00,0,0.07756512,0,0,Sell
2807,PLTR,2023-01-18 05:04:00,2023-01-18 05:18:00,1,0.9194707,1,1,Buy
1814,PLTR,2023-01-18 14:22:00,2023-01-18 14:43:00,0,0.47086412,0,0,Hold
64,PLTR,2023-01-19 14:55:00,2023-01-19 15:02:00,1,0.5653653,1,1,Hold
8338,PLTR,2023-01-20 05:22:00,2023-01-20 05:35:00,0,0.0823634,0,0,Sell
7486,PLTR,2023-01-20 16:20:00,2023-01-20 16:47:00,0,0.5000591,1,0,Hold
957,PLTR,2023-01-20 16:43:00,2023-01-20 17:11:00,1,0.95410204,1,1,Buy
7105,PLTR,2023-01-21 05:30:00,2023-01-21 05:55:00,1,0.9315041,1,1,Buy
2633,PLTR,2023-01-22 00:38:00,2023-01-22 00:59:00,0,0.86204207,1,0,Buy
2522,PLTR,2023-01-22 01:20:00,2023-01-22 01:40:00,1,0.94621164,1,1,Buy
507,PLTR,2023-01-22 03:55:00,2023-01-22 04:11:00,1,0.94261736,1,1,Buy
5516,PLTR,2023-01-22 07:04:00,2023-01-22 07:10:00,1,0.9444413,1,1,Buy
5117,PLTR,2023-01-23 03:45:00,2023-01-23 03:50:00,0,0.07980264,0,0,Sell
6130,PLTR,2023-01-24 13:24:00,2023-01-24 13:30:00,1,0.5080991,1,1,Hold
2039,PLTR,2023-01-24 18:36:00,2023-01-24 18:45:00,0,0.080269806,0,0,Sell
9687,PLTR,2023-01-24 23:11:00,2023-01-24 23:17:00,1,0.9379803,1,1,Buy
6170,PLTR,2023-01-24 23:33:00,2023-01-24 23:43:00,1,0.93686265,1,1,Buy
8316,PLTR,2023-01-25 21:12:00,2023-01-25 21:26:00,1,0.95060015,1,1,Buy
1716,PLTR,2023-01-26 02:14:00,2023-01-26 02:35:00,1,0.92645466,1,1,Buy
6525,PLTR,2023-01-27 17:45:00,2023-01-27 18:08:00,0,0.5023255,1,0,Hold
7076,PLTR,2023-01-28 22:08:00,2023-01-28 22:38:00,1,0.95695966,1,1,Buy
77,PLTR,2023-01-29 04:11:00,2023-01-29 04:31:00,0,0.074628815,0,0,Sell
2383,PLTR,2023-01-29 11:58:00,2023-01-29 12:03:00,0,0.4937167,0,0,Hold
8262,PLTR,2023-01-29 14:54:00,2023-01-29 15:20:00,0,0.100622825,0,0,Sell
5649,PLTR,2023-01-30 19:49:00,2023-01-30 20:01:00,1,0.9427485,1,1,Buy
7418,PLTR,2023-01-31 03:00:00,2023-01-31 03:30:00,0,0.7209093,1,0,Buy
2589,PLTR,2023-02-01 04:28:00,2023-02-01 04:55:00,0,0.78189313,1,0,Buy
128,PLTR,2023-02-01 14:23:00,2023-02-01 14:51:00,0,0.056017105,0,0,Sell
8199,PLTR,2023-02-02 13:13:00,2023-02-02 13:27:00,1,0.9521792,1,1,Buy
114,PLTR,2023-02-03 00:51:00,2023-02-03 01:04:00,1,0.9238731,1,1,Buy
9469,PLTR,2023-02-03 01:19:00,2023-02-03 01:43:00,1,0.9220211,1,1,Buy
2219,PLTR,2023-02-04 08:41:00,2023-02-04 09:05:00,1,0.9221326,1,1,Buy
7892,PLTR,2023-02-04 08:42:00,2023-02-04 08:51:00,1,0.94179875,1,1,Buy
2551,PLTR,2023-02-04 14:14:00,2023-02-04 14:44:00,0,0.06623984,0,0,Sell
5685,PLTR,2023-02-05 00:45:00,2023-02-05 00:55:00,1,0.91627574,1,1,Buy
4722,PLTR,2023-02-05 00:50:00,2023-02-05 01:19:00,0,0.06498167,0,0,Sell
5352,PLTR,2023-02-05 09:37:00,2023-02-05 09:46:00,1,0.94101006,1,1,Buy
4313,PLTR,2023-02-05 12:48:00,2023-02-05 13:05:00,0,0.48298988,0,0,Hold
3695,PLTR,2023-02-05 21:52:00,2023-02-05 22:08:00,0,0.07850805,0,0,Sell
821,PLTR,2023-02-06 00:40:00,2023-02-06 00:51:00,1,0.9108526,1,1,Buy
1550,PLTR,2023-02-06 09:47:00,2023-02-06 10:09:00,1,0.9427933,1,1,Buy
9384,PLTR,2023-02-07 08:05:00,2023-02-07 08:17:00,1,0.47073105,0,1,Hold
9092,PLTR,2023-02-07 10:59:00,2023-02-07 11:07:00,0,0.06712275,0,0,Sell
46,PLTR,2023-02-07 18:28:00,2023-02-07 18:33:00,1,0.088500954,0,1,Sell
4855,PLTR,2023-02-07 22:03:00,2023-02-07 22:33:00,0,0.113460444,0,0,Sell
9254,PLTR,2023-02-08 03:29:00,2023-02-08 03:53:00,1,0.33788094,0,1,Sell
3857,PLTR,2023-02-09 09:12:00,2023-02-09 09:35:00,0,0.07797347,0,0,Sell
7531,PLTR,2023-02-09 23:07:00,2023-02-09 23:14:00,1,0.37534243,0,1,Sell
7730,PLTR,2023-02-10 05:44:00,2023-02-10 05:58:00,1,0.75205094,1,1,Buy
6816,PLTR,2023-02-10 17:04:00,2023-02-10 17:26:00,0,0.5287777,1,0,Hold
668,PLTR,2023-02-11 01:33:00,2023-02-11 01:39:00,0,0.27638167,0,0,Sell
592,PLTR,2023-02-13 21:06:00,2023-02-13 21:31:00,0,0.06417939,0,0,Sell
2841,PLTR,2023-02-15 19:58:00,2023-02-15 20:09:00,1,0.9314978,1,1,Buy
232,PLTR,2023-02-16 17:37:00,2023-02-16 18:04:00,0,0.082168125,0,0,Sell
6545,PLTR,2023-02-16 23:42:00,2023-02-16 23:58:00,0,0.05916271,0,0,Sell
7333,PLTR,2023-02-16 23:47:00,2023-02-17 00:13:00,1,0.9294574,1,1,Buy
8153,PLTR,2023-02-17 13:46:00,2023-02-17 14:07:00,1,0.94838065,1,1,Buy
889,PLTR,2023-02-17 17:09:00,2023-02-17 17:15:00,1,0.93411255,1,1,Buy
5850,PLTR,2023-02-17 19:14:00,2023-02-17 19:38:00,1,0.94574153,1,1,Buy
6903,PLTR,2023-02-17 22:01:00,2023-02-17 22:18:00,0,0.60024524,1,0,Buy
2234,PLTR,2023-02-17 23:01:00,2023-02-17 23:10:00,1,0.6519142,1,1,Buy
1441,PLTR,2023-02-18 16:41:00,2023-02-18 16:57:00,1,0.93767935,1,1,Buy
6835,PLTR,2023-02-18 22:16:00,2023-02-18 22:30:00,0,0.08821208,0,0,Sell
790,PLTR,2023-02-21 07:00:00,2023-02-21 07:22:00,0,0.7484068,1,0,Buy
995,PLTR,2023-02-21 08:58:00,2023-02-21 09:16:00,1,0.08537757,0,1,Sell
702,PLTR,2023-02-21 13:24:00,2023-02-21 13:30:00,1,0.93881303,1,1,Buy
7748,PLTR,2023-02-21 23:21:00,2023-02-21 23:31:00,1,0.96302384,1,1,Buy
1597,PLTR,2023-02-22 15:53:00,2023-02-22 16:03:00,0,0.5698933,1,0,Hold
2987,PLTR,2023-02-23 11:20:00,2023-02-23 11:33:00,1,0.89630497,1,1,Buy
7057,PLTR,2023-02-24 06:45:00,2023-02-24 07:05:00,0,0.822065,1,0,Buy
941,PLTR,2023-02-24 18:18:00,2023-02-24 18:46:00,0,0.07292725,0,0,Sell
6936,PLTR,2023-02-25 08:52:00,2023-02-25 09:01:00,0,0.8417861,1,0,Buy
8390,PLTR,2023-02-25 09:35:00,2023-02-25 09:46:00,0,0.35032505,0,0,Sell
1137,PLTR,2023-02-25 13:12:00,2023-02-25 13:37:00,0,0.74636436,1,0,Buy
8580,PLTR,2023-02-25 14:06:00,2023-02-25 14:22:00,0,0.6253054,1,0,Buy
3778,PLTR,2023-02-26 16:11:00,2023-02-26 16:20:00,0,0.045893107,0,0,Sell
3490,PLTR,2023-02-26 21:20:00,2023-02-26 21:48:00,0,0.06606599,0,0,Sell
2237,PLTR,2023-02-27 03:31:00,2023-02-27 03:59:00,1,0.8947545,1,1,Buy
6032,PLTR,2023-02-27 03:51:00,2023-02-27 04:03:00,0,0.1529334,0,0,Sell
6979,PLTR,2023-02-28 16:45:00,2023-02-28 16:57:00,1,0.93021023,1,1,Buy
920,PLTR,2023-02-28 20:17:00,2023-02-28 20:39:00,1,0.5512682,1,1,Hold
738,PLTR,2023-03-01 02:02:00,2023-03-01 02:19:00,1,0.39314687,0,1,Sell
8940,PLTR,2023-03-01 02:50:00,2023-03-01 03:08:00,1,0.9256371,1,1,Buy
5192,PLTR,2023-03-01 10:38:00,2023-03-01 10:54:00,1,0.6521273,1,1,Buy
2934,PLTR,2023-03-01 12:37:00,2023-03-01 12:44:00,0,0.09862955,0,0,Sell
3688,PLTR,2023-03-01 15:33:00,2023-03-01 15:50:00,1,0.93349105,1,1,Buy
3949,PLTR,2023-03-01 22:02:00,2023-03-01 22:19:00,0,0.91673446,1,0,Buy
6827,PLTR,2023-03-02 02:04:00,2023-03-02 02:23:00,0,0.088919535,0,0,Sell
3662,PLTR,2023-03-02 06:56:00,2023-03-02 07:24:00,1,0.9561062,1,1,Buy
9411,PLTR,2023-03-02 18:37:00,2023-03-02 19:07:00,1,0.96051127,1,1,Buy
716,PLTR,2023-03-02 22:44:00,2023-03-02 22:53:00,1,0.97835827,1,1,Buy
4274,PLTR,2023-03-04 13:29:00,2023-03-04 13:35:00,0,0.11608445,0,0,Sell
3361,PLTR,2023-03-04 18:02:00,2023-03-04 18:18:00,0,0.11300457,0,0,Sell
5182,PLTR,2023-03-06 19:53:00,2023-03-06 20:04:00,1,0.9299647,1,1,Buy
1866,PLTR,2023-03-07 00:29:00,2023-03-07 00:54:00,1,0.92977506,1,1,Buy
2850,PLTR,2023-03-08 16:56:00,2023-03-08 17:26:00,1,0.95009035,1,1,Buy
3627,PLTR,2023-03-09 03:10:00,2023-03-09 03:37:00,0,0.5863104,1,0,Hold
5306,PLTR,2023-03-09 05:08:00,2023-03-09 05:27:00,1,0.78169614,1,1,Buy
3961,PLTR,2023-03-10 10:24:00,2023-03-10 10:39:00,1,0.9449167,1,1,Buy
4428,PLTR,2023-03-10 12:27:00,2023-03-10 12:38:00,0,0.08174482,0,0,Sell
8731,PLTR,2023-03-11 02:46:00,2023-03-11 03:14:00,1,0.22622623,0,1,Sell
2043,PLTR,2023-03-11 06:10:00,2023-03-11 06:35:00,0,0.05830175,0,0,Sell
9793,PLTR,2023-03-11 23:24:00,2023-03-11 23:32:00,0,0.049166523,0,0,Sell
5881,PLTR,2023-03-12 07:36:00,2023-03-12 08:05:00,0,0.04971927,0,0,Sell
4746,PLTR,2023-03-12 15:31:00,2023-03-12 15:39:00,0,0.88299817,1,0,Buy
2614,PLTR,2023-03-12 16:35:00,2023-03-12 17:04:00,0,0.044676453,0,0,Sell
4516,PLTR,2023-03-12 20:10:00,2023-03-12 20:20:00,1,0.89257896,1,1,Buy
1012,PLTR,2023-03-14 00:06:00,2023-03-14 00:21:00,0,0.08958011,0,0,Sell
2329,PLTR,2023-03-14 01:51:00,2023-03-14 02:20:00,1,0.91757524,1,1,Buy
7999,PLTR,2023-03-14 07:00:00,2023-03-14 07:10:00,1,0.9304475,1,1,Buy
3152,PLTR,2023-03-15 11:02:00,2023-03-15 11:19:00,1,0.84091306,1,1,Buy
1638,PLTR,2023-03-15 12:36:00,2023-03-15 12:57:00,1,0.9602293,1,1,Buy
8971,PLTR,2023-03-15 14:29:00,2023-03-15 14:41:00,1,0.16702983,0,1,Sell
3572,PLTR,2023-03-15 14:33:00,2023-03-15 14:49:00,1,0.6128846,1,1,Buy
2394,PLTR,2023-03-16 08:17:00,2023-03-16 08:30:00,1,0.7570086,1,1,Buy
6811,PLTR,2023-03-16 14:40:00,2023-03-16 14:55:00,1,0.42913574,0,1,Hold
6992,PLTR,2023-03-16 22:45:00,2023-03-16 22:53:00,1,0.6189334,1,1,Buy
3743,PLTR,2023-03-17 05:02:00,2023-03-17 05:30:00,0,0.05524531,0,0,Sell
6745,PLTR,2023-03-17 05:29:00,2023-03-17 05:57:00,1,0.7646422,1,1,Buy
8071,PLTR,2023-03-17 13:28:00,2023-03-17 13:35:00,1,0.2846304,0,1,Sell
9104,PLTR,2023-03-17 17:22:00,2023-03-17 17:52:00,0,0.93077886,1,0,Buy
8924,PLTR,2023-03-18 12:55:00,2023-03-18 13:12:00,1,0.93119895,1,1,Buy
5455,PLTR,2023-03-18 18:53:00,2023-03-18 19:18:00,1,0.59577715,1,1,Hold
8187,PLTR,2023-03-19 02:22:00,2023-03-19 02:38:00,0,0.5175246,1,0,Hold
9671,PLTR,2023-03-19 08:13:00,2023-03-19 08:41:00,0,0.4077714,0,0,Hold
3110,PLTR,2023-03-19 14:51:00,2023-03-19 15:04:00,0,0.057564724,0,0,Sell
1635,PLTR,2023-03-19 17:10:00,2023-03-19 17:37:00,0,0.04685452,0,0,Sell
2287,PLTR,2023-03-20 07:52:00,2023-03-20 08:04:00,0,0.06921875,0,0,Sell
3469,PLTR,2023-03-21 12:13:00,2023-03-21 12:42:00,0,0.05445127,0,0,Sell
1009,PLTR,2023-03-21 15:13:00,2023-03-21 15:23:00,1,0.86826694,1,1,Buy
6435,PLTR,2023-03-21 23:35:00,2023-03-21 23:40:00,1,0.921534,1,1,Buy
5545,PLTR,2023-03-22 03:57:00,2023-03-22 04:21:00,1,0.71054286,1,1,Buy
9855,PLTR,2023-03-22 05:42:00,2023-03-22 05:49:00,1,0.5710579,1,1,Hold
8161,PLTR,2023-03-22 07:53:00,2023-03-22 08:03:00,0,0.08389427,0,0,Sell
5630,PLTR,2023-03-22 20:36:00,2023-03-22 20:50:00,1,0.94565016,1,1,Buy
125,PLTR,2023-03-22 22:48:00,2023-03-22 22:58:00,0,0.09438016,0,0,Sell
4967,PLTR,2023-03-23 10:12:00,2023-03-23 10:17:00,0,0.06569868,0,0,Sell
9721,PLTR,2023-03-23 12:46:00,2023-03-23 13:06:00,0,0.422648,0,0,Hold
7911,PLTR,2023-03-24 13:46:00,2023-03-24 13:55:00,0,0.025471006,0,0,Sell
4223,PLTR,2023-03-25 06:35:00,2023-03-25 06:43:00,1,0.7654393,1,1,Buy
6047,PLTR,2023-03-26 01:26:00,2023-03-26 01:44:00,0,0.342105,0,0,Sell
5147,PLTR,2023-03-26 03:04:00,2023-03-26 03:25:00,1,0.8104816,1,1,Buy
3417,PLTR,2023-03-26 07:23:00,2023-03-26 07:35:00,1,0.85668457,1,1,Buy
6787,PLTR,2023-03-26 19:08:00,2023-03-26 19:17:00,0,0.06577726,0,0,Sell
5435,PLTR,2023-03-26 19:30:00,2023-03-26 19:53:00,0,0.061167125,0,0,Sell
7714,PLTR,2023-03-27 03:13:00,2023-03-27 03:19:00,0,0.4093579,0,0,Hold
7885,PLTR,2023-03-27 03:50:00,2023-03-27 04:01:00,1,0.5039348,1,1,Hold
5574,PLTR,2023-03-27 07:35:00,2023-03-27 08:02:00,0,0.91982174,1,0,Buy
7861,PLTR,2023-03-27 10:47:00,2023-03-27 11:00:00,0,0.07425965,0,0,Sell
9126,PLTR,2023-03-28 00:54:00,2023-03-28 01:21:00,1,0.093883626,0,1,Sell
82,PLTR,2023-03-28 04:04:00,2023-03-28 04:31:00,0,0.07508825,0,0,Sell
6806,PLTR,2023-03-28 09:07:00,2023-03-28 09:29:00,0,0.2146048,0,0,Sell
9841,PLTR,2023-03-29 14:24:00,2023-03-29 14:41:00,1,0.9254633,1,1,Buy
4056,PLTR,2023-03-31 07:28:00,2023-03-31 07:37:00,0,0.07602787,0,0,Sell
9579,PLTR,2023-03-31 08:12:00,2023-03-31 08:39:00,0,0.06676821,0,0,Sell
5781,PLTR,2023-04-01 05:42:00,2023-04-01 05:52:00,1,0.9227197,1,1,Buy
2407,PLTR,2023-04-01 15:54:00,2023-04-01 16:18:00,0,0.04915923,0,0,Sell
8319,PLTR,2023-04-02 16:33:00,2023-04-02 16:53:00,1,0.93063974,1,1,Buy
1299,PLTR,2023-04-02 17:59:00,2023-04-02 18:26:00,1,0.96129864,1,1,Buy
4549,PLTR,2023-04-03 01:43:00,2023-04-03 02:10:00,0,0.099571235,0,0,Sell
483,PLTR,2023-04-03 02:43:00,2023-04-03 02:52:00,1,0.5727865,1,1,Hold
4932,PLTR,2023-04-03 22:28:00,2023-04-03 22:34:00,0,0.060262732,0,0,Sell
6462,PLTR,2023-04-04 09:44:00,2023-04-04 10:10:00,1,0.6532137,1,1,Buy
4463,PLTR,2023-04-05 19:19:00,2023-04-05 19:45:00,1,0.90677637,1,1,Buy
1729,PLTR,2023-04-07 04:31:00,2023-04-07 04:36:00,0,0.07546068,0,0,Sell
4080,PLTR,2023-04-07 21:34:00,2023-04-07 21:49:00,0,0.11331598,0,0,Sell
3309,PLTR,2023-04-09 05:49:00,2023-04-09 06:17:00,0,0.06541059,0,0,Sell
7928,PLTR,2023-04-09 12:44:00,2023-04-09 13:03:00,0,0.9173168,1,0,Buy
7308,PLTR,2023-04-09 14:36:00,2023-04-09 14:49:00,1,0.90102744,1,1,Buy
404,PLTR,2023-04-10 10:53:00,2023-04-10 11:06:00,1,0.938955,1,1,Buy
2205,PLTR,2023-04-10 22:54:00,2023-04-10 23:09:00,1,0.53861046,1,1,Hold
7800,PLTR,2023-04-11 13:16:00,2023-04-11 13:35:00,0,0.08333644,0,0,Sell
3694,PLTR,2023-04-11 16:47:00,2023-04-11 16:57:00,0,0.034972943,0,0,Sell
869,PLTR,2023-04-11 19:53:00,2023-04-11 20:00:00,1,0.8999847,1,1,Buy
6260,PLTR,2023-04-12 16:31:00,2023-04-12 16:49:00,0,0.2662035,0,0,Sell
8819,PLTR,2023-04-14 00:45:00,2023-04-14 01:07:00,0,0.2552671,0,0,Sell
3060,PLTR,2023-04-15 06:09:00,2023-04-15 06:30:00,0,0.050623935,0,0,Sell
8266,PLTR,2023-04-15 23:21:00,2023-04-15 23:49:00,0,0.9231749,1,0,Buy
8863,PLTR,2023-04-17 02:30:00,2023-04-17 02:42:00,1,0.89857554,1,1,Buy
612,PLTR,2023-04-17 16:58:00,2023-04-17 17:16:00,0,0.069608755,0,0,Sell
6428,PLTR,2023-04-17 23:29:00,2023-04-17 23:52:00,1,0.93325454,1,1,Buy
3443,PLTR,2023-04-18 14:59:00,2023-04-18 15:16:00,1,0.94799876,1,1,Buy
6433,PLTR,2023-04-18 18:01:00,2023-04-18 18:10:00,0,0.06822056,0,0,Sell
5387,PLTR,2023-04-19 05:08:00,2023-04-19 05:20:00,1,0.65358233,1,1,Buy
3477,PLTR,2023-04-19 16:19:00,2023-04-19 16:27:00,0,0.10814825,0,0,Sell
3500,PLTR,2023-04-19 22:46:00,2023-04-19 23:10:00,1,0.96031564,1,1,Buy
4803,PLTR,2023-04-20 12:14:00,2023-04-20 12:22:00,1,0.9435109,1,1,Buy
883,PLTR,2023-04-21 12:28:00,2023-04-21 12:36:00,0,0.07461971,0,0,Sell
7729,PLTR,2023-04-21 18:18:00,2023-04-21 18:39:00,0,0.08346087,0,0,Sell
3226,PLTR,2023-04-22 11:15:00,2023-04-22 11:39:00,1,0.53332007,1,1,Hold
9753,PLTR,2023-04-23 01:29:00,2023-04-23 01:34:00,0,0.25786605,0,0,Sell
2574,PLTR,2023-04-23 06:48:00,2023-04-23 07:09:00,1,0.9060015,1,1,Buy
3468,PLTR,2023-04-23 13:03:00,2023-04-23 13:26:00,1,0.7956557,1,1,Buy
928,PLTR,2023-04-24 00:54:00,2023-04-24 01:08:00,0,0.40696403,0,0,Hold
8630,PLTR,2023-04-24 04:19:00,2023-04-24 04:41:00,1,0.9144555,1,1,Buy
2979,PLTR,2023-04-24 05:35:00,2023-04-24 05:52:00,0,0.09543481,0,0,Sell
4199,PLTR,2023-04-24 23:03:00,2023-04-24 23:16:00,1,0.516101,1,1,Hold
3359,PLTR,2023-04-25 16:01:00,2023-04-25 16:21:00,1,0.5308712,1,1,Hold
517,PLTR,2023-04-26 18:02:00,2023-04-26 18:31:00,1,0.15137902,0,1,Sell
6125,PLTR,2023-04-26 18:54:00,2023-04-26 18:59:00,1,0.067738675,0,1,Sell
3942,PLTR,2023-04-26 20:55:00,2023-04-26 21:14:00,0,0.41763294,0,0,Hold
3362,PLTR,2023-04-26 22:22:00,2023-04-26 22:48:00,1,0.9385396,1,1,Buy
3645,PLTR,2023-04-27 21:11:00,2023-04-27 21:38:00,1,0.96141636,1,1,Buy
2357,PLTR,2023-04-28 05:36:00,2023-04-28 05:42:00,0,0.11197671,0,0,Sell
9684,PLTR,2023-04-28 06:18:00,2023-04-28 06:47:00,1,0.93630666,1,1,Buy
1809,PLTR,2023-04-28 09:59:00,2023-04-28 10:21:00,0,0.09060276,0,0,Sell
2918,PLTR,2023-04-29 12:43:00,2023-04-29 13:05:00,0,0.62804645,1,0,Buy
390,PLTR,2023-04-29 21:07:00,2023-04-29 21:16:00,1,0.11187511,0,1,Sell
1954,PLTR,2023-04-29 23:12:00,2023-04-29 23:34:00,1,0.9267173,1,1,Buy
6331,PLTR,2023-05-01 13:38:00,2023-05-01 13:48:00,1,0.4476756,0,1,Hold
979,PLTR,2023-05-02 00:32:00,2023-05-02 01:01:00,0,0.112057075,0,0,Sell
3549,PLTR,2023-05-02 00:54:00,2023-05-02 01:16:00,1,0.63185835,1,1,Buy
2178,PLTR,2023-05-02 07:46:00,2023-05-02 08:13:00,0,0.08344216,0,0,Sell
6870,PLTR,2023-05-02 18:22:00,2023-05-02 18:35:00,0,0.052793033,0,0,Sell
8888,PLTR,2023-05-03 16:22:00,2023-05-03 16:31:00,1,0.9115361,1,1,Buy
2914,PLTR,2023-05-05 06:42:00,2023-05-05 06:51:00,0,0.06770864,0,0,Sell
611,PLTR,2023-05-05 08:47:00,2023-05-05 09:02:00,1,0.2775473,0,1,Sell
365,PLTR,2023-05-06 23:02:00,2023-05-06 23:08:00,1,0.93575424,1,1,Buy
7836,PLTR,2023-05-07 02:36:00,2023-05-07 02:55:00,0,0.06349925,0,0,Sell
9105,PLTR,2023-05-07 04:42:00,2023-05-07 04:47:00,0,0.07161577,0,0,Sell
8165,PLTR,2023-05-08 00:16:00,2023-05-08 00:42:00,0,0.07987536,0,0,Sell
1948,PLTR,2023-05-08 03:33:00,2023-05-08 04:02:00,0,0.05099501,0,0,Sell
2925,PLTR,2023-05-08 04:13:00,2023-05-08 04:41:00,0,0.05532164,0,0,Sell
9938,PLTR,2023-05-08 08:26:00,2023-05-08 08:50:00,0,0.057699602,0,0,Sell
8626,PLTR,2023-05-10 00:25:00,2023-05-10 00:41:00,0,0.48883408,0,0,Hold
697,PLTR,2023-05-10 04:59:00,2023-05-10 05:21:00,1,0.9046517,1,1,Buy
2164,PLTR,2023-05-10 08:11:00,2023-05-10 08:25:00,0,0.06369235,0,0,Sell
2884,PLTR,2023-05-10 19:43:00,2023-05-10 20:05:00,1,0.3560424,0,1,Sell
1827,PLTR,2023-05-10 21:49:00,2023-05-10 22:04:00,0,0.25810954,0,0,Sell
9830,PLTR,2023-05-11 03:22:00,2023-05-11 03:50:00,0,0.7444999,1,0,Buy
3038,PLTR,2023-05-11 04:02:00,2023-05-11 04:24:00,1,0.38580018,0,1,Sell
5066,PLTR,2023-05-11 07:31:00,2023-05-11 07:51:00,1,0.9102391,1,1,Buy
2059,PLTR,2023-05-11 07:39:00,2023-05-11 07:50:00,0,0.084588446,0,0,Sell
4702,PLTR,2023-05-12 02:11:00,2023-05-12 02:33:00,0,0.33499417,0,0,Sell
1686,PLTR,2023-05-12 08:16:00,2023-05-12 08:41:00,1,0.07138755,0,1,Sell
5102,PLTR,2023-05-12 13:17:00,2023-05-12 13:23:00,0,0.050936162,0,0,Sell
4857,PLTR,2023-05-12 20:47:00,2023-05-12 20:56:00,0,0.048492253,0,0,Sell
1581,PLTR,2023-05-13 04:11:00,2023-05-13 04:16:00,1,0.90076727,1,1,Buy
2628,PLTR,2023-05-13 22:47:00,2023-05-13 23:02:00,0,0.03641415,0,0,Sell
6444,PLTR,2023-05-14 16:02:00,2023-05-14 16:15:00,1,0.9237033,1,1,Buy
8898,PLTR,2023-05-15 09:36:00,2023-05-15 09:41:00,0,0.07552812,0,0,Sell
2451,PLTR,2023-05-15 13:14:00,2023-05-15 13:42:00,0,0.07439745,0,0,Sell
4088,PLTR,2023-05-16 10:11:00,2023-05-16 10:30:00,1,0.93716353,1,1,Buy
640,PLTR,2023-05-16 18:41:00,2023-05-16 18:58:00,1,0.9645086,1,1,Buy
70,PLTR,2023-05-16 19:40:00,2023-05-16 19:51:00,0,0.083245516,0,0,Sell
2692,PLTR,2023-05-16 23:00:00,2023-05-16 23:22:00,0,0.08842974,0,0,Sell
2411,PLTR,2023-05-17 05:04:00,2023-05-17 05:16:00,1,0.93932605,1,1,Buy
3056,PLTR,2023-05-17 06:39:00,2023-05-17 06:46:00,0,0.437449,0,0,Hold
5241,PLTR,2023-05-17 17:20:00,2023-05-17 17:50:00,1,0.9343273,1,1,Buy
4651,PLTR,2023-05-18 17:46:00,2023-05-18 18:02:00,1,0.7366554,1,1,Buy
3752,PLTR,2023-05-18 19:33:00,2023-05-18 19:41:00,1,0.95929676,1,1,Buy
5279,PLTR,2023-05-18 19:54:00,2023-05-18 20:21:00,0,0.12084478,0,0,Sell
8437,PLTR,2023-05-19 00:43:00,2023-05-19 01:10:00,1,0.52087754,1,1,Hold
4856,PLTR,2023-05-19 01:47:00,2023-05-19 02:04:00,0,0.08631215,0,0,Sell
4207,PLTR,2023-05-19 21:45:00,2023-05-19 22:13:00,0,0.43959323,0,0,Hold
2911,PLTR,2023-05-20 03:10:00,2023-05-20 03:34:00,1,0.3598262,0,1,Sell
6776,PLTR,2023-05-20 22:12:00,2023-05-20 22:34:00,1,0.04648704,0,1,Sell
9232,PLTR,2023-05-21 08:16:00,2023-05-21 08:45:00,0,0.06495655,0,0,Sell
4532,PLTR,2023-05-21 22:57:00,2023-05-21 23:22:00,0,0.29889455,0,0,Sell
9935,PLTR,2023-05-22 01:46:00,2023-05-22 02:09:00,1,0.4665486,0,1,Hold
6118,PLTR,2023-05-23 05:31:00,2023-05-23 06:00:00,1,0.4030856,0,1,Hold
661,PLTR,2023-05-23 11:48:00,2023-05-23 12:08:00,1,0.49428037,0,1,Hold
6491,PLTR,2023-05-24 14:27:00,2023-05-24 14:51:00,1,0.9246107,1,1,Buy
1739,PLTR,2023-05-25 14:30:00,2023-05-25 14:51:00,1,0.4977503,0,1,Hold
8987,PLTR,2023-05-25 19:01:00,2023-05-25 19:17:00,1,0.93196046,1,1,Buy
7961,PLTR,2023-05-26 01:36:00,2023-05-26 02:03:00,0,0.09074894,0,0,Sell
4611,PLTR,2023-05-26 07:41:00,2023-05-26 07:56:00,0,0.31092176,0,0,Sell
255,PLTR,2023-05-26 08:40:00,2023-05-26 08:54:00,1,0.9500151,1,1,Buy
9456,PLTR,2023-05-26 18:46:00,2023-05-26 18:59:00,1,0.4736786,0,1,Hold
1543,PLTR,2023-05-27 07:29:00,2023-05-27 07:40:00,1,0.8990082,1,1,Buy
5466,PLTR,2023-05-27 15:20:00,2023-05-27 15:32:00,1,0.5397632,1,1,Hold
8144,PLTR,2023-05-27 17:40:00,2023-05-27 18:10:00,0,0.49300689,0,0,Hold
4467,PLTR,2023-05-28 00:13:00,2023-05-28 00:39:00,1,0.92771727,1,1,Buy
3212,PLTR,2023-05-28 21:33:00,2023-05-28 21:58:00,0,0.04641427,0,0,Sell
7719,PLTR,2023-05-29 15:25:00,2023-05-29 15:37:00,0,0.74504787,1,0,Buy
5293,PLTR,2023-05-30 01:47:00,2023-05-30 02:12:00,1,0.8695528,1,1,Buy
3278,PLTR,2023-05-30 16:34:00,2023-05-30 17:00:00,1,0.4632718,0,1,Hold
3929,PLTR,2023-05-31 01:12:00,2023-05-31 01:38:00,0,0.055516865,0,0,Sell
9623,PLTR,2023-05-31 06:59:00,2023-05-31 07:06:00,0,0.29596034,0,0,Sell
5411,PLTR,2023-05-31 18:52:00,2023-05-31 19:09:00,0,0.03807297,0,0,Sell
7340,PLTR,2023-06-01 16:01:00,2023-06-01 16:29:00,1,0.9313038,1,1,Buy
5934,PLTR,2023-06-01 20:59:00,2023-06-01 21:06:00,1,0.9398536,1,1,Buy
4487,PLTR,2023-06-02 00:17:00,2023-06-02 00:26:00,0,0.46985054,0,0,Hold
3512,PLTR,2023-06-02 02:46:00,2023-06-02 02:51:00,1,0.92889136,1,1,Buy
1078,PLTR,2023-06-02 23:04:00,2023-06-02 23:29:00,0,0.09538773,0,0,Sell
1091,PLTR,2023-06-03 00:26:00,2023-06-03 00:50:00,1,0.92747205,1,1,Buy
6069,PLTR,2023-06-04 06:32:00,2023-06-04 06:43:00,1,0.082955725,0,1,Sell
1186,PLTR,2023-06-05 08:03:00,2023-06-05 08:22:00,1,0.9246932,1,1,Buy
9620,PLTR,2023-06-05 11:01:00,2023-06-05 11:08:00,0,0.51501447,1,0,Hold
7857,PLTR,2023-06-06 00:38:00,2023-06-06 01:04:00,0,0.105516985,0,0,Sell
4638,PLTR,2023-06-06 16:57:00,2023-06-06 17:05:00,0,0.42809314,0,0,Hold
6446,PLTR,2023-06-06 23:49:00,2023-06-07 00:03:00,0,0.08977561,0,0,Sell
1076,PLTR,2023-06-07 09:46:00,2023-06-07 10:05:00,1,0.90514207,1,1,Buy
3344,PLTR,2023-06-07 16:05:00,2023-06-07 16:24:00,1,0.933775,1,1,Buy
5930,PLTR,2023-06-07 20:24:00,2023-06-07 20:36:00,1,0.9559042,1,1,Buy
6161,PLTR,2023-06-07 21:48:00,2023-06-07 22:03:00,0,0.11805013,0,0,Sell
766,PLTR,2023-06-08 04:16:00,2023-06-08 04:39:00,1,0.942529,1,1,Buy
6729,PLTR,2023-06-08 12:57:00,2023-06-08 13:23:00,1,0.08077662,0,1,Sell
7497,PLTR,2023-06-08 22:00:00,2023-06-08 22:12:00,1,0.9565414,1,1,Buy
965,PLTR,2023-06-09 12:32:00,2023-06-09 12:54:00,0,0.053889357,0,0,Sell
5826,PLTR,2023-06-09 16:54:00,2023-06-09 17:00:00,1,0.9448579,1,1,Buy
231,PLTR,2023-06-10 06:35:00,2023-06-10 06:49:00,0,0.9384449,1,0,Buy
3547,PLTR,2023-06-14 19:06:00,2023-06-14 19:20:00,0,0.35027236,0,0,Sell
7888,PLTR,2023-06-14 21:49:00,2023-06-14 21:58:00,0,0.08120191,0,0,Sell
5534,PLTR,2023-06-15 01:18:00,2023-06-15 01:33:00,0,0.08279696,0,0,Sell
7132,PLTR,2023-06-15 02:36:00,2023-06-15 02:49:00,0,0.06022374,0,0,Sell
9228,PLTR,2023-06-15 06:03:00,2023-06-15 06:33:00,0,0.07136067,0,0,Sell
6408,PLTR,2023-06-15 13:23:00,2023-06-15 13:40:00,0,0.03977709,0,0,Sell
9544,PLTR,2023-06-15 14:19:00,2023-06-15 14:33:00,1,0.16837129,0,1,Sell
2891,PLTR,2023-06-15 15:22:00,2023-06-15 15:35:00,1,0.4031308,0,1,Hold
5252,PLTR,2023-06-15 19:30:00,2023-06-15 19:41:00,1,0.9402159,1,1,Buy
2716,PLTR,2023-06-17 07:50:00,2023-06-17 08:06:00,0,0.06312364,0,0,Sell
884,PLTR,2023-06-17 11:48:00,2023-06-17 12:01:00,0,0.6629154,1,0,Buy
8637,PLTR,2023-06-17 11:50:00,2023-06-17 12:17:00,0,0.35225016,0,0,Sell
717,PLTR,2023-06-17 12:27:00,2023-06-17 12:46:00,0,0.90696853,1,0,Buy
7022,PLTR,2023-06-18 10:43:00,2023-06-18 11:10:00,1,0.4194148,0,1,Hold
8597,PLTR,2023-06-18 17:27:00,2023-06-18 17:34:00,1,0.8991256,1,1,Buy
993,PLTR,2023-06-19 22:32:00,2023-06-19 22:37:00,0,0.50357276,1,0,Hold
416,PLTR,2023-06-20 08:26:00,2023-06-20 08:34:00,0,0.28299507,0,0,Sell
8056,PLTR,2023-06-20 15:04:00,2023-06-20 15:12:00,1,0.4271176,0,1,Hold
1471,PLTR,2023-06-20 16:36:00,2023-06-20 16:44:00,0,0.06193777,0,0,Sell
5706,PLTR,2023-06-20 21:12:00,2023-06-20 21:20:00,0,0.05942084,0,0,Sell
9729,PLTR,2023-06-21 00:28:00,2023-06-21 00:33:00,0,0.030920409,0,0,Sell
6688,PLTR,2023-06-21 04:19:00,2023-06-21 04:42:00,0,0.16998602,0,0,Sell
4413,PLTR,2023-06-21 22:53:00,2023-06-21 23:03:00,1,0.7560052,1,1,Buy
3685,PLTR,2023-06-22 19:46:00,2023-06-22 20:14:00,1,0.77574366,1,1,Buy
7438,PLTR,2023-06-22 20:51:00,2023-06-22 21:06:00,1,0.8445786,1,1,Buy
4189,PLTR,2023-06-22 23:28:00,2023-06-22 23:55:00,0,0.070489965,0,0,Sell
6700,PLTR,2023-06-23 15:49:00,2023-06-23 16:14:00,1,0.95987546,1,1,Buy
1032,PLTR,2023-06-23 18:33:00,2023-06-23 18:45:00,1,0.95099896,1,1,Buy
7135,PLTR,2023-06-24 10:06:00,2023-06-24 10:13:00,1,0.9397295,1,1,Buy
3050,PLTR,2023-06-24 13:08:00,2023-06-24 13:21:00,1,0.50259393,1,1,Hold
6563,PLTR,2023-06-24 15:50:00,2023-06-24 16:20:00,1,0.62126195,1,1,Buy
299,PLTR,2023-06-24 23:08:00,2023-06-24 23:38:00,0,0.09461744,0,0,Sell
8726,PLTR,2023-06-25 00:31:00,2023-06-25 00:58:00,0,0.075883895,0,0,Sell
3492,PLTR,2023-06-25 03:19:00,2023-06-25 03:28:00,1,0.93013203,1,1,Buy
1901,PLTR,2023-06-25 04:09:00,2023-06-25 04:33:00,1,0.92644536,1,1,Buy
6919,PLTR,2023-06-26 03:55:00,2023-06-26 04:22:00,1,0.9259638,1,1,Buy
3044,PLTR,2023-06-26 08:30:00,2023-06-26 08:54:00,0,0.0720912,0,0,Sell
7548,PLTR,2023-06-27 13:02:00,2023-06-27 13:17:00,0,0.063191034,0,0,Sell
3412,PLTR,2023-06-27 22:31:00,2023-06-27 22:40:00,1,0.9573802,1,1,Buy
5763,PLTR,2023-06-28 03:02:00,2023-06-28 03:17:00,1,0.9285278,1,1,Buy
6834,PLTR,2023-06-28 22:50:00,2023-06-28 23:04:00,0,0.110495895,0,0,Sell
9826,PLTR,2023-06-29 06:43:00,2023-06-29 07:04:00,1,0.93021655,1,1,Buy
1673,PLTR,2023-06-30 08:42:00,2023-06-30 08:49:00,1,0.918158,1,1,Buy
4190,PLTR,2023-06-30 12:36:00,2023-06-30 12:58:00,1,0.9483486,1,1,Buy
1604,PLTR,2023-07-01 00:09:00,2023-07-01 00:32:00,0,0.5095849,1,0,Hold
206,PLTR,2023-07-01 15:28:00,2023-07-01 15:49:00,1,0.95434254,1,1,Buy
675,PLTR,2023-07-03 03:38:00,2023-07-03 03:55:00,0,0.0964662,0,0,Sell
5519,PLTR,2023-07-03 04:58:00,2023-07-03 05:19:00,0,0.079089984,0,0,Sell
9326,PLTR,2023-07-04 02:15:00,2023-07-04 02:40:00,1,0.9111693,1,1,Buy
1328,PLTR,2023-07-04 02:46:00,2023-07-04 02:59:00,0,0.09076252,0,0,Sell
1938,PLTR,2023-07-04 13:37:00,2023-07-04 13:46:00,1,0.91823626,1,1,Buy
662,PLTR,2023-07-04 17:45:00,2023-07-04 17:54:00,1,0.9501812,1,1,Buy
9307,PLTR,2023-07-06 10:03:00,2023-07-06 10:09:00,1,0.14612465,0,1,Sell
4182,PLTR,2023-07-07 11:08:00,2023-07-07 11:16:00,1,0.9341441,1,1,Buy
6884,PLTR,2023-07-08 05:08:00,2023-07-08 05:25:00,0,0.31746706,0,0,Sell
8708,PLTR,2023-07-08 16:55:00,2023-07-08 17:18:00,1,0.96994644,1,1,Buy
6948,PLTR,2023-07-09 02:23:00,2023-07-09 02:34:00,0,0.072527684,0,0,Sell
2572,PLTR,2023-07-09 03:20:00,2023-07-09 03:50:00,0,0.4645849,0,0,Hold
7097,PLTR,2023-07-09 04:10:00,2023-07-09 04:24:00,0,0.93032837,1,0,Buy
9673,PLTR,2023-07-09 10:56:00,2023-07-09 11:13:00,1,0.6568631,1,1,Buy
5662,PLTR,2023-07-09 12:33:00,2023-07-09 12:57:00,0,0.048653074,0,0,Sell
6661,PLTR,2023-07-09 13:31:00,2023-07-09 14:00:00,1,0.08142423,0,1,Sell
988,PLTR,2023-07-09 13:58:00,2023-07-09 14:15:00,0,0.057165504,0,0,Sell
5857,PLTR,2023-07-09 23:14:00,2023-07-09 23:19:00,1,0.28259867,0,1,Sell
5134,PLTR,2023-07-10 00:09:00,2023-07-10 00:21:00,0,0.09597775,0,0,Sell
3801,PLTR,2023-07-10 12:26:00,2023-07-10 12:49:00,0,0.066619545,0,0,Sell
8209,PLTR,2023-07-11 11:53:00,2023-07-11 11:58:00,1,0.9166195,1,1,Buy
6514,PLTR,2023-07-11 15:46:00,2023-07-11 16:09:00,0,0.06961324,0,0,Sell
5205,PLTR,2023-07-11 19:38:00,2023-07-11 19:43:00,0,0.05288477,0,0,Sell
5213,PLTR,2023-07-11 20:06:00,2023-07-11 20:24:00,0,0.10303562,0,0,Sell
6946,PLTR,2023-07-12 00:21:00,2023-07-12 00:37:00,0,0.6328223,1,0,Buy
4161,PLTR,2023-07-12 08:02:00,2023-07-12 08:15:00,1,0.06770911,0,1,Sell
5681,PLTR,2023-07-12 12:32:00,2023-07-12 13:00:00,1,0.8743589,1,1,Buy
5170,PLTR,2023-07-12 22:53:00,2023-07-12 23:13:00,1,0.92703354,1,1,Buy
8599,PLTR,2023-07-13 03:41:00,2023-07-13 03:57:00,0,0.5444059,1,0,Hold
7256,PLTR,2023-07-13 12:17:00,2023-07-13 12:22:00,0,0.052823205,0,0,Sell
5474,PLTR,2023-07-13 15:03:00,2023-07-13 15:17:00,1,0.48494682,0,1,Hold
4403,PLTR,2023-07-13 23:25:00,2023-07-13 23:31:00,0,0.074285224,0,0,Sell
1393,PLTR,2023-07-14 13:02:00,2023-07-14 13:13:00,0,0.055709098,0,0,Sell
6764,PLTR,2023-07-14 20:25:00,2023-07-14 20:46:00,0,0.051138792,0,0,Sell
2061,PLTR,2023-07-15 04:17:00,2023-07-15 04:28:00,1,0.17266022,0,1,Sell
1823,PLTR,2023-07-15 12:35:00,2023-07-15 12:54:00,1,0.9076664,1,1,Buy
5497,PLTR,2023-07-15 15:47:00,2023-07-15 16:04:00,1,0.94391155,1,1,Buy
1829,PLTR,2023-07-16 11:35:00,2023-07-16 12:05:00,1,0.86008364,1,1,Buy
8124,PLTR,2023-07-16 13:41:00,2023-07-16 13:50:00,0,0.11939605,0,0,Sell
7485,PLTR,2023-07-16 15:25:00,2023-07-16 15:30:00,1,0.08376303,0,1,Sell
9735,PLTR,2023-07-17 20:12:00,2023-07-17 20:31:00,0,0.61302847,1,0,Buy
8141,PLTR,2023-07-18 06:12:00,2023-07-18 06:40:00,1,0.8889506,1,1,Buy
5802,PLTR,2023-07-18 21:23:00,2023-07-18 21:31:00,1,0.9538116,1,1,Buy
6569,PLTR,2023-07-19 07:45:00,2023-07-19 08:14:00,1,0.94706047,1,1,Buy
1191,PLTR,2023-07-19 13:44:00,2023-07-19 13:59:00,0,0.36499715,0,0,Sell
8069,PLTR,2023-07-20 03:42:00,2023-07-20 03:52:00,1,0.123048484,0,1,Sell
8472,PLTR,2023-07-20 14:42:00,2023-07-20 14:48:00,1,0.93936735,1,1,Buy
4241,PLTR,2023-07-20 21:41:00,2023-07-20 21:46:00,0,0.087554604,0,0,Sell
4162,PLTR,2023-07-20 23:07:00,2023-07-20 23:36:00,0,0.49650025,0,0,Hold
6232,PLTR,2023-07-22 04:27:00,2023-07-22 04:49:00,1,0.8978156,1,1,Buy
4560,PLTR,2023-07-22 10:07:00,2023-07-22 10:15:00,1,0.9487123,1,1,Buy
5476,PLTR,2023-07-22 11:12:00,2023-07-22 11:23:00,0,0.08525194,0,0,Sell
8794,PLTR,2023-07-22 21:36:00,2023-07-22 22:06:00,1,0.9433496,1,1,Buy
8877,PLTR,2023-07-23 02:45:00,2023-07-23 02:51:00,0,0.5716567,1,0,Hold
179,PLTR,2023-07-23 06:39:00,2023-07-23 06:59:00,0,0.078097455,0,0,Sell
320,PLTR,2023-07-23 13:34:00,2023-07-23 14:03:00,1,0.4617414,0,1,Hold
1026,PLTR,2023-07-23 20:07:00,2023-07-23 20:14:00,1,0.94965386,1,1,Buy
905,PLTR,2023-07-24 05:06:00,2023-07-24 05:16:00,1,0.38700902,0,1,Sell
8002,PLTR,2023-07-25 10:20:00,2023-07-25 10:33:00,1,0.56232566,1,1,Hold
4288,PLTR,2023-07-25 11:06:00,2023-07-25 11:19:00,1,0.506253,1,1,Hold
7048,PLTR,2023-07-26 03:44:00,2023-07-26 03:53:00,1,0.5169767,1,1,Hold
3541,PLTR,2023-07-26 11:00:00,2023-07-26 11:17:00,0,0.51790076,1,0,Hold
2213,PLTR,2023-07-26 16:34:00,2023-07-26 16:39:00,0,0.14152502,0,0,Sell
7409,PLTR,2023-07-26 22:20:00,2023-07-26 22:40:00,0,0.37147808,0,0,Sell
379,PLTR,2023-07-27 20:20:00,2023-07-27 20:34:00,1,0.9476747,1,1,Buy
5473,PLTR,2023-07-28 16:21:00,2023-07-28 16:47:00,1,0.9377121,1,1,Buy
5088,PLTR,2023-07-28 23:32:00,2023-07-28 23:41:00,1,0.94924444,1,1,Buy
2857,PLTR,2023-07-29 00:56:00,2023-07-29 01:04:00,0,0.09137066,0,0,Sell
4901,PLTR,2023-07-30 04:09:00,2023-07-30 04:27:00,0,0.45801404,0,0,Hold
8271,PLTR,2023-07-30 04:56:00,2023-07-30 05:08:00,1,0.9427165,1,1,Buy
2365,PLTR,2023-07-31 11:32:00,2023-07-31 11:45:00,1,0.55968076,1,1,Hold
6096,PLTR,2023-08-01 08:21:00,2023-08-01 08:48:00,1,0.92720777,1,1,Buy
2034,PLTR,2023-08-01 12:25:00,2023-08-01 12:46:00,0,0.1294471,0,0,Sell
9290,PLTR,2023-08-02 12:36:00,2023-08-02 12:55:00,1,0.9344098,1,1,Buy
3378,PLTR,2023-08-03 22:41:00,2023-08-03 22:47:00,0,0.064400166,0,0,Sell
7374,PLTR,2023-08-04 02:25:00,2023-08-04 02:47:00,0,0.91905487,1,0,Buy
6375,PLTR,2023-08-04 04:28:00,2023-08-04 04:41:00,0,0.4124505,0,0,Hold
9145,PLTR,2023-08-04 06:35:00,2023-08-04 06:48:00,0,0.60045516,1,0,Buy
1090,PLTR,2023-08-05 04:19:00,2023-08-05 04:40:00,1,0.3584083,0,1,Sell
9026,PLTR,2023-08-06 08:20:00,2023-08-06 08:45:00,0,0.052389707,0,0,Sell
5725,PLTR,2023-08-07 12:11:00,2023-08-07 12:31:00,0,0.6397227,1,0,Buy
8074,PLTR,2023-08-07 14:22:00,2023-08-07 14:41:00,1,0.2509512,0,1,Sell
7717,PLTR,2023-08-07 17:54:00,2023-08-07 18:09:00,0,0.09434583,0,0,Sell
9107,PLTR,2023-08-07 21:58:00,2023-08-07 22:04:00,1,0.9460936,1,1,Buy
5509,PLTR,2023-08-08 01:55:00,2023-08-08 02:07:00,1,0.12449654,0,1,Sell
3605,PLTR,2023-08-08 08:34:00,2023-08-08 08:58:00,1,0.48536748,0,1,Hold
6441,PLTR,2023-08-08 10:59:00,2023-08-08 11:21:00,1,0.95283437,1,1,Buy
7450,PLTR,2023-08-08 14:19:00,2023-08-08 14:33:00,1,0.95922625,1,1,Buy
8024,PLTR,2023-08-08 17:41:00,2023-08-08 17:51:00,0,0.15110898,0,0,Sell
7565,PLTR,2023-08-08 23:33:00,2023-08-08 23:41:00,0,0.1398891,0,0,Sell
4193,PLTR,2023-08-09 09:57:00,2023-08-09 10:22:00,1,0.93343335,1,1,Buy
5608,PLTR,2023-08-10 02:49:00,2023-08-10 03:03:00,1,0.91342026,1,1,Buy
8340,PLTR,2023-08-10 06:51:00,2023-08-10 07:13:00,0,0.50851524,1,0,Hold
4273,PLTR,2023-08-10 13:35:00,2023-08-10 13:47:00,1,0.93491083,1,1,Buy
6710,PLTR,2023-08-11 18:57:00,2023-08-11 19:24:00,0,0.070428915,0,0,Sell
339,PLTR,2023-08-12 18:47:00,2023-08-12 18:54:00,0,0.0988425,0,0,Sell
4652,PLTR,2023-08-12 23:45:00,2023-08-12 23:57:00,1,0.9045146,1,1,Buy
494,PLTR,2023-08-14 10:34:00,2023-08-14 10:52:00,0,0.7110028,1,0,Buy
7884,PLTR,2023-08-14 15:36:00,2023-08-14 16:02:00,0,0.072049364,0,0,Sell
3108,PLTR,2023-08-14 18:49:00,2023-08-14 18:59:00,0,0.047320753,0,0,Sell
8982,PLTR,2023-08-14 21:49:00,2023-08-14 22:17:00,1,0.9116533,1,1,Buy
9405,PLTR,2023-08-15 23:20:00,2023-08-15 23:25:00,1,0.3404284,0,1,Sell
8237,PLTR,2023-08-16 01:11:00,2023-08-16 01:31:00,0,0.29932368,0,0,Sell
4868,PLTR,2023-08-16 18:35:00,2023-08-16 19:03:00,0,0.51776236,1,0,Hold
236,PLTR,2023-08-16 23:30:00,2023-08-16 23:37:00,0,0.06992013,0,0,Sell
7379,PLTR,2023-08-17 04:29:00,2023-08-17 04:50:00,1,0.8946703,1,1,Buy
1199,PLTR,2023-08-17 05:03:00,2023-08-17 05:31:00,1,0.9134528,1,1,Buy
5264,PLTR,2023-08-17 08:34:00,2023-08-17 08:54:00,0,0.91573393,1,0,Buy
2814,PLTR,2023-08-18 04:08:00,2023-08-18 04:38:00,0,0.61243576,1,0,Buy
8042,PLTR,2023-08-18 07:14:00,2023-08-18 07:36:00,0,0.072794266,0,0,Sell
3213,PLTR,2023-08-19 00:35:00,2023-08-19 01:00:00,0,0.09047387,0,0,Sell
8950,PLTR,2023-08-19 09:08:00,2023-08-19 09:14:00,1,0.3460656,0,1,Sell
1752,PLTR,2023-08-19 18:00:00,2023-08-19 18:12:00,1,0.9211954,1,1,Buy
576,PLTR,2023-08-19 22:57:00,2023-08-19 23:27:00,0,0.40621254,0,0,Hold
7670,PLTR,2023-08-20 05:43:00,2023-08-20 05:48:00,1,0.9215715,1,1,Buy
1407,PLTR,2023-08-20 23:19:00,2023-08-20 23:47:00,0,0.52307343,1,0,Hold
7110,PLTR,2023-08-21 05:13:00,2023-08-21 05:20:00,1,0.64119434,1,1,Buy
1924,PLTR,2023-08-22 17:50:00,2023-08-22 18:13:00,0,0.30435097,0,0,Sell
7639,PLTR,2023-08-22 21:24:00,2023-08-22 21:35:00,0,0.053474482,0,0,Sell
6191,PLTR,2023-08-22 22:50:00,2023-08-22 23:10:00,1,0.93750864,1,1,Buy
5278,PLTR,2023-08-23 07:20:00,2023-08-23 07:39:00,1,0.9178189,1,1,Buy
1245,PLTR,2023-08-23 09:01:00,2023-08-23 09:28:00,0,0.06455396,0,0,Sell
1366,PLTR,2023-08-25 04:42:00,2023-08-25 05:00:00,0,0.043374773,0,0,Sell
1384,PLTR,2023-08-26 11:42:00,2023-08-26 11:58:00,0,0.90882623,1,0,Buy
5878,PLTR,2023-08-27 08:19:00,2023-08-27 08:28:00,0,0.6058218,1,0,Buy
4429,PLTR,2023-08-27 11:19:00,2023-08-27 11:48:00,1,0.89569145,1,1,Buy
4374,PLTR,2023-08-28 18:16:00,2023-08-28 18:34:00,1,0.9471704,1,1,Buy
2906,PLTR,2023-08-29 02:50:00,2023-08-29 03:03:00,0,0.82942617,1,0,Buy
4364,PLTR,2023-08-29 13:33:00,2023-08-29 13:41:00,0,0.61351746,1,0,Buy
3321,PLTR,2023-08-29 19:58:00,2023-08-29 20:20:00,0,0.09821982,0,0,Sell
4090,PLTR,2023-08-30 04:04:00,2023-08-30 04:21:00,0,0.07312027,0,0,Sell
7532,PLTR,2023-08-30 20:02:00,2023-08-30 20:28:00,1,0.102572,0,1,Sell
4681,PLTR,2023-08-31 02:12:00,2023-08-31 02:23:00,1,0.9095474,1,1,Buy
8091,PLTR,2023-08-31 16:38:00,2023-08-31 16:55:00,0,0.34278217,0,0,Sell
5340,PLTR,2023-09-01 15:07:00,2023-09-01 15:35:00,1,0.9538706,1,1,Buy
5160,PLTR,2023-09-01 18:48:00,2023-09-01 19:04:00,1,0.95374036,1,1,Buy
9744,PLTR,2023-09-01 20:17:00,2023-09-01 20:31:00,0,0.25912723,0,0,Sell
888,PLTR,2023-09-02 01:44:00,2023-09-02 01:58:00,0,0.07906193,0,0,Sell
1672,PLTR,2023-09-02 02:40:00,2023-09-02 03:03:00,1,0.21992038,0,1,Sell
3852,PLTR,2023-09-02 10:10:00,2023-09-02 10:26:00,1,0.92471385,1,1,Buy
9594,PLTR,2023-09-02 10:36:00,2023-09-02 10:48:00,0,0.048180226,0,0,Sell
106,PLTR,2023-09-02 15:31:00,2023-09-02 15:40:00,0,0.8862682,1,0,Buy
671,PLTR,2023-09-03 06:33:00,2023-09-03 06:44:00,0,0.27821422,0,0,Sell
3455,PLTR,2023-09-04 23:34:00,2023-09-04 23:41:00,0,0.08958877,0,0,Sell
3260,PLTR,2023-09-05 05:01:00,2023-09-05 05:10:00,0,0.06038516,0,0,Sell
2123,PLTR,2023-09-05 07:32:00,2023-09-05 07:58:00,1,0.31764036,0,1,Sell
7421,PLTR,2023-09-05 08:15:00,2023-09-05 08:33:00,1,0.9164294,1,1,Buy
1541,PLTR,2023-09-05 10:04:00,2023-09-05 10:18:00,0,0.75835955,1,0,Buy
1364,PLTR,2023-09-05 21:28:00,2023-09-05 21:39:00,0,0.3359785,0,0,Sell
5951,PLTR,2023-09-06 14:40:00,2023-09-06 15:09:00,1,0.9300181,1,1,Buy
1874,PLTR,2023-09-06 15:48:00,2023-09-06 16:18:00,0,0.44824436,0,0,Hold
9557,PLTR,2023-09-07 13:16:00,2023-09-07 13:27:00,1,0.42178437,0,1,Hold
4200,PLTR,2023-09-07 18:20:00,2023-09-07 18:45:00,1,0.9455152,1,1,Buy
5955,PLTR,2023-09-07 19:13:00,2023-09-07 19:26:00,1,0.9751737,1,1,Buy
1620,PLTR,2023-09-08 04:45:00,2023-09-08 04:52:00,1,0.53183913,1,1,Hold
6310,PLTR,2023-09-08 10:35:00,2023-09-08 10:48:00,0,0.09324414,0,0,Sell
7871,PLTR,2023-09-10 07:52:00,2023-09-10 08:08:00,1,0.94910836,1,1,Buy
3106,PLTR,2023-09-10 14:40:00,2023-09-10 15:03:00,0,0.34789142,0,0,Sell
282,PLTR,2023-09-11 00:52:00,2023-09-11 01:01:00,1,0.49008796,0,1,Hold
3683,PLTR,2023-09-11 13:35:00,2023-09-11 13:57:00,0,0.57815146,1,0,Hold
1780,PLTR,2023-09-15 13:11:00,2023-09-15 13:22:00,1,0.49223247,0,1,Hold
2424,PLTR,2023-09-16 00:03:00,2023-09-16 00:19:00,1,0.22824924,0,1,Sell
947,PLTR,2023-09-16 09:48:00,2023-09-16 10:17:00,1,0.39793354,0,1,Sell
1935,PLTR,2023-09-16 14:35:00,2023-09-16 14:44:00,1,0.42895404,0,1,Hold
5927,PLTR,2023-09-17 10:37:00,2023-09-17 11:02:00,0,0.06137043,0,0,Sell
1618,PLTR,2023-09-17 15:39:00,2023-09-17 16:02:00,0,0.06877229,0,0,Sell
186,PLTR,2023-09-17 18:22:00,2023-09-17 18:28:00,1,0.9353882,1,1,Buy
1176,PLTR,2023-09-18 02:45:00,2023-09-18 02:53:00,0,0.2642732,0,0,Sell
8494,PLTR,2023-09-18 06:54:00,2023-09-18 07:14:00,1,0.9029998,1,1,Buy
6717,PLTR,2023-09-18 14:50:00,2023-09-18 15:10:00,0,0.0921183,0,0,Sell
5022,PLTR,2023-09-18 15:16:00,2023-09-18 15:33:00,1,0.95598155,1,1,Buy
8547,PLTR,2023-09-19 08:53:00,2023-09-19 09:03:00,1,0.54297477,1,1,Hold
6424,PLTR,2023-09-20 15:43:00,2023-09-20 16:06:00,0,0.08673619,0,0,Sell
330,PLTR,2023-09-20 16:15:00,2023-09-20 16:27:00,0,0.06820526,0,0,Sell
8275,PLTR,2023-09-21 04:39:00,2023-09-21 04:45:00,0,0.647742,1,0,Buy
3424,PLTR,2023-09-21 07:21:00,2023-09-21 07:29:00,0,0.26636657,0,0,Sell
5552,PLTR,2023-09-21 11:56:00,2023-09-21 12:04:00,0,0.056046937,0,0,Sell
751,PLTR,2023-09-22 13:59:00,2023-09-22 14:07:00,1,0.9110146,1,1,Buy
5770,PLTR,2023-09-22 19:15:00,2023-09-22 19:37:00,1,0.5041467,1,1,Hold
3703,PLTR,2023-09-23 16:06:00,2023-09-23 16:16:00,0,0.111321755,0,0,Sell
9335,PLTR,2023-09-26 11:43:00,2023-09-26 12:12:00,1,0.89717156,1,1,Buy
8270,PLTR,2023-09-28 04:32:00,2023-09-28 04:44:00,0,0.066181146,0,0,Sell
1991,PLTR,2023-09-28 06:57:00,2023-09-28 07:27:00,1,0.315633,0,1,Sell
5832,PLTR,2023-09-28 09:15:00,2023-09-28 09:34:00,0,0.053972926,0,0,Sell
1932,PLTR,2023-09-29 02:00:00,2023-09-29 02:11:00,1,0.88462865,1,1,Buy
4478,PLTR,2023-09-29 03:44:00,2023-09-29 04:07:00,1,0.9236663,1,1,Buy
7881,PLTR,2023-09-29 06:07:00,2023-09-29 06:17:00,1,0.38678163,0,1,Sell
4963,PLTR,2023-09-29 07:41:00,2023-09-29 08:06:00,0,0.9212411,1,0,Buy
3065,PLTR,2023-09-29 11:27:00,2023-09-29 11:36:00,1,0.6777449,1,1,Buy
1201,PLTR,2023-09-30 10:13:00,2023-09-30 10:43:00,1,0.54183125,1,1,Hold
8896,PLTR,2023-09-30 15:39:00,2023-09-30 15:47:00,1,0.93906844,1,1,Buy
8677,PLTR,2023-09-30 16:46:00,2023-09-30 17:06:00,0,0.06784584,0,0,Sell
7479,PLTR,2023-09-30 18:42:00,2023-09-30 18:48:00,0,0.40398648,0,0,Hold
922,PLTR,2023-09-30 19:49:00,2023-09-30 20:15:00,0,0.045199372,0,0,Sell
1705,PLTR,2023-10-01 13:34:00,2023-10-01 13:44:00,0,0.04558617,0,0,Sell
3481,PLTR,2023-10-02 07:17:00,2023-10-02 07:36:00,1,0.8787249,1,1,Buy
9020,PLTR,2023-10-03 02:47:00,2023-10-03 02:57:00,0,0.084623106,0,0,Sell
3422,PLTR,2023-10-03 05:40:00,2023-10-03 05:45:00,0,0.29214025,0,0,Sell
2304,PLTR,2023-10-03 12:13:00,2023-10-03 12:37:00,1,0.90406096,1,1,Buy
409,PLTR,2023-10-04 08:45:00,2023-10-04 08:50:00,0,0.6872355,1,0,Buy
2236,PLTR,2023-10-04 22:12:00,2023-10-04 22:38:00,0,0.05581887,0,0,Sell
9629,PLTR,2023-10-05 03:52:00,2023-10-05 04:06:00,0,0.35670206,0,0,Sell
5676,PLTR,2023-10-05 05:46:00,2023-10-05 06:14:00,1,0.8191934,1,1,Buy
6105,PLTR,2023-10-05 07:31:00,2023-10-05 07:49:00,1,0.06627814,0,1,Sell
5728,PLTR,2023-10-05 13:41:00,2023-10-05 13:54:00,0,0.04142931,0,0,Sell
7031,PLTR,2023-10-05 14:19:00,2023-10-05 14:31:00,1,0.20116428,0,1,Sell
4041,PLTR,2023-10-05 22:32:00,2023-10-05 22:37:00,1,0.9427665,1,1,Buy
8724,PLTR,2023-10-06 17:56:00,2023-10-06 18:22:00,0,0.06989041,0,0,Sell
2539,PLTR,2023-10-06 19:49:00,2023-10-06 20:01:00,0,0.5562457,1,0,Hold
6124,PLTR,2023-10-06 23:31:00,2023-10-06 23:36:00,0,0.08867892,0,0,Sell
7854,PLTR,2023-10-07 03:41:00,2023-10-07 03:47:00,0,0.060556903,0,0,Sell
8218,PLTR,2023-10-07 07:46:00,2023-10-07 08:14:00,0,0.88551784,1,0,Buy
6023,PLTR,2023-10-07 15:16:00,2023-10-07 15:37:00,0,0.044868734,0,0,Sell
472,PLTR,2023-10-07 20:16:00,2023-10-07 20:29:00,0,0.041429054,0,0,Sell
4908,PLTR,2023-10-09 14:49:00,2023-10-09 15:12:00,1,0.91916174,1,1,Buy
8536,PLTR,2023-10-10 19:07:00,2023-10-10 19:24:00,1,0.6653492,1,1,Buy
7394,PLTR,2023-10-11 14:59:00,2023-10-11 15:29:00,1,0.9456688,1,1,Buy
9187,PLTR,2023-10-11 16:14:00,2023-10-11 16:27:00,0,0.073928334,0,0,Sell
8773,PLTR,2023-10-12 06:34:00,2023-10-12 06:54:00,1,0.40790397,0,1,Hold
9492,PLTR,2023-10-12 09:05:00,2023-10-12 09:22:00,0,0.084058106,0,0,Sell
8163,PLTR,2023-10-13 04:27:00,2023-10-13 04:54:00,1,0.929848,1,1,Buy
545,PLTR,2023-10-13 08:37:00,2023-10-13 08:43:00,0,0.3568825,0,0,Sell
2499,PLTR,2023-10-13 23:13:00,2023-10-13 23:34:00,0,0.06423506,0,0,Sell
7382,PLTR,2023-10-14 03:33:00,2023-10-14 03:50:00,0,0.058181442,0,0,Sell
1104,PLTR,2023-10-14 03:42:00,2023-10-14 04:08:00,1,0.90783376,1,1,Buy
5693,PLTR,2023-10-14 19:58:00,2023-10-14 20:20:00,0,0.04491404,0,0,Sell
7571,PLTR,2023-10-14 20:18:00,2023-10-14 20:31:00,1,0.4044585,0,1,Hold
4958,PLTR,2023-10-15 05:02:00,2023-10-15 05:16:00,0,0.06906444,0,0,Sell
6896,PLTR,2023-10-15 16:08:00,2023-10-15 16:18:00,0,0.32919794,0,0,Sell
2091,PLTR,2023-10-16 05:28:00,2023-10-16 05:51:00,0,0.40052724,0,0,Hold
5837,PLTR,2023-10-16 19:07:00,2023-10-16 19:33:00,0,0.08751764,0,0,Sell
6106,PLTR,2023-10-17 05:14:00,2023-10-17 05:27:00,0,0.10482205,0,0,Sell
1699,PLTR,2023-10-17 20:42:00,2023-10-17 20:53:00,1,0.39129913,0,1,Sell
543,PLTR,2023-10-18 03:19:00,2023-10-18 03:49:00,0,0.08575714,0,0,Sell
1890,PLTR,2023-10-18 16:05:00,2023-10-18 16:14:00,1,0.93479073,1,1,Buy
5165,PLTR,2023-10-18 18:17:00,2023-10-18 18:40:00,0,0.054372065,0,0,Sell
3567,PLTR,2023-10-19 04:02:00,2023-10-19 04:19:00,0,0.25174388,0,0,Sell
9645,PLTR,2023-10-19 22:06:00,2023-10-19 22:35:00,0,0.5293248,1,0,Hold
3081,PLTR,2023-10-20 03:53:00,2023-10-20 04:03:00,1,0.47794095,0,1,Hold
6579,PLTR,2023-10-20 04:17:00,2023-10-20 04:27:00,0,0.061792642,0,0,Sell
8448,PLTR,2023-10-20 07:04:00,2023-10-20 07:28:00,1,0.36602834,0,1,Sell
8048,PLTR,2023-10-20 13:21:00,2023-10-20 13:37:00,1,0.60309184,1,1,Buy
7063,PLTR,2023-10-20 20:51:00,2023-10-20 21:06:00,1,0.9194359,1,1,Buy
3950,PLTR,2023-10-21 03:46:00,2023-10-21 03:56:00,1,0.93062013,1,1,Buy
3953,PLTR,2023-10-21 11:01:00,2023-10-21 11:16:00,1,0.944495,1,1,Buy
6695,PLTR,2023-10-22 02:56:00,2023-10-22 03:11:00,1,0.5884886,1,1,Hold
4370,PLTR,2023-10-22 15:09:00,2023-10-22 15:19:00,0,0.101651266,0,0,Sell
4952,PLTR,2023-10-22 18:39:00,2023-10-22 18:53:00,1,0.36417404,0,1,Sell
9759,PLTR,2023-10-23 03:50:00,2023-10-23 04:20:00,0,0.086773016,0,0,Sell
5810,PLTR,2023-10-23 08:03:00,2023-10-23 08:32:00,0,0.54320735,1,0,Hold
2072,PLTR,2023-10-23 09:02:00,2023-10-23 09:08:00,1,0.930571,1,1,Buy
5570,PLTR,2023-10-23 13:13:00,2023-10-23 13:25:00,1,0.9532141,1,1,Buy
301,PLTR,2023-10-23 13:56:00,2023-10-23 14:22:00,1,0.9456618,1,1,Buy
2635,PLTR,2023-10-24 12:16:00,2023-10-24 12:33:00,1,0.9388231,1,1,Buy
839,PLTR,2023-10-24 23:51:00,2023-10-25 00:12:00,0,0.1268122,0,0,Sell
92,PLTR,2023-10-25 13:38:00,2023-10-25 14:05:00,1,0.9621914,1,1,Buy
8606,PLTR,2023-10-26 03:28:00,2023-10-26 03:51:00,1,0.9394966,1,1,Buy
2130,PLTR,2023-10-26 12:42:00,2023-10-26 12:47:00,1,0.952765,1,1,Buy
8180,PLTR,2023-10-26 16:32:00,2023-10-26 16:55:00,0,0.08103384,0,0,Sell
8913,PLTR,2023-10-26 18:43:00,2023-10-26 19:03:00,0,0.08392044,0,0,Sell
2063,PLTR,2023-10-26 22:24:00,2023-10-26 22:29:00,1,0.9540804,1,1,Buy
1107,PLTR,2023-10-26 23:16:00,2023-10-26 23:26:00,1,0.43400112,0,1,Hold
6332,PLTR,2023-10-27 06:36:00,2023-10-27 06:51:00,1,0.9413017,1,1,Buy
5543,PLTR,2023-10-27 07:22:00,2023-10-27 07:37:00,1,0.9592986,1,1,Buy
9248,PLTR,2023-10-28 07:09:00,2023-10-28 07:36:00,1,0.9607276,1,1,Buy
9692,PLTR,2023-10-28 21:05:00,2023-10-28 21:22:00,1,0.9678477,1,1,Buy
6051,PLTR,2023-10-29 05:39:00,2023-10-29 05:58:00,1,0.95389307,1,1,Buy
6172,PLTR,2023-10-29 09:24:00,2023-10-29 09:47:00,1,0.58961904,1,1,Hold
4293,PLTR,2023-10-29 13:56:00,2023-10-29 14:18:00,0,0.08565287,0,0,Sell
8059,PLTR,2023-10-30 02:30:00,2023-10-30 02:48:00,0,0.092747346,0,0,Sell
6003,PLTR,2023-10-30 12:34:00,2023-10-30 12:47:00,0,0.08535083,0,0,Sell
9766,PLTR,2023-10-31 01:17:00,2023-10-31 01:23:00,1,0.9239076,1,1,Buy
8752,PLTR,2023-10-31 16:09:00,2023-10-31 16:37:00,1,0.9593222,1,1,Buy
3626,PLTR,2023-10-31 16:10:00,2023-10-31 16:37:00,0,0.72927296,1,0,Buy
7642,PLTR,2023-10-31 23:28:00,2023-10-31 23:46:00,0,0.44722092,0,0,Hold
2428,PLTR,2023-11-01 07:09:00,2023-11-01 07:23:00,1,0.94778585,1,1,Buy
9992,PLTR,2023-11-01 07:42:00,2023-11-01 08:04:00,1,0.60811716,1,1,Buy
9656,PLTR,2023-11-01 14:49:00,2023-11-01 15:07:00,0,0.3850736,0,0,Sell
5609,PLTR,2023-11-02 15:38:00,2023-11-02 16:00:00,1,0.83218825,1,1,Buy
177,PLTR,2023-11-02 19:00:00,2023-11-02 19:14:00,0,0.4319593,0,0,Hold
9420,PLTR,2023-11-04 07:47:00,2023-11-04 08:06:00,1,0.9337427,1,1,Buy
2076,PLTR,2023-11-04 08:39:00,2023-11-04 08:52:00,1,0.9355066,1,1,Buy
7542,PLTR,2023-11-05 04:17:00,2023-11-05 04:38:00,0,0.088096686,0,0,Sell
7328,PLTR,2023-11-05 18:22:00,2023-11-05 18:50:00,0,0.08782321,0,0,Sell
2138,PLTR,2023-11-06 06:48:00,2023-11-06 07:07:00,0,0.5264279,1,0,Hold
4584,PLTR,2023-11-06 19:30:00,2023-11-06 19:47:00,1,0.9316264,1,1,Buy
9804,PLTR,2023-11-06 23:22:00,2023-11-06 23:47:00,0,0.063163534,0,0,Sell
1648,PLTR,2023-11-07 04:20:00,2023-11-07 04:32:00,0,0.07778347,0,0,Sell
1274,PLTR,2023-11-07 07:34:00,2023-11-07 07:51:00,1,0.9162427,1,1,Buy
4589,PLTR,2023-11-07 16:07:00,2023-11-07 16:29:00,1,0.9487407,1,1,Buy
7826,PLTR,2023-11-07 22:20:00,2023-11-07 22:48:00,0,0.07553483,0,0,Sell
3642,PLTR,2023-11-08 05:01:00,2023-11-08 05:19:00,1,0.93746054,1,1,Buy
3827,PLTR,2023-11-08 13:55:00,2023-11-08 14:24:00,1,0.43309888,0,1,Hold
6516,PLTR,2023-11-08 18:38:00,2023-11-08 19:01:00,1,0.95140505,1,1,Buy
2335,PLTR,2023-11-09 07:58:00,2023-11-09 08:20:00,1,0.9399642,1,1,Buy
8667,PLTR,2023-11-09 09:36:00,2023-11-09 09:53:00,1,0.93677205,1,1,Buy
5357,PLTR,2023-11-09 14:10:00,2023-11-09 14:34:00,0,0.09846713,0,0,Sell
9364,PLTR,2023-11-09 22:32:00,2023-11-09 22:45:00,1,0.93775344,1,1,Buy
5198,PLTR,2023-11-10 07:13:00,2023-11-10 07:18:00,1,0.94141805,1,1,Buy
4076,PLTR,2023-11-10 17:57:00,2023-11-10 18:13:00,0,0.09069216,0,0,Sell
3217,PLTR,2023-11-11 13:16:00,2023-11-11 13:22:00,0,0.055125773,0,0,Sell
6683,PLTR,2023-11-11 20:39:00,2023-11-11 20:58:00,0,0.12664601,0,0,Sell
359,PLTR,2023-11-12 04:43:00,2023-11-12 05:03:00,0,0.06015631,0,0,Sell
747,PLTR,2023-11-12 07:17:00,2023-11-12 07:35:00,0,0.40516996,0,0,Hold
3928,PLTR,2023-11-12 07:29:00,2023-11-12 07:59:00,0,0.02699936,0,0,Sell
1700,PLTR,2023-11-12 13:08:00,2023-11-12 13:19:00,1,0.85893285,1,1,Buy
5980,PLTR,2023-11-13 00:58:00,2023-11-13 01:26:00,1,0.11080033,0,1,Sell
3906,PLTR,2023-11-13 14:21:00,2023-11-13 14:40:00,1,0.9329059,1,1,Buy
6061,PLTR,2023-11-14 16:55:00,2023-11-14 17:21:00,1,0.95543987,1,1,Buy
858,PLTR,2023-11-15 02:29:00,2023-11-15 02:50:00,0,0.23810712,0,0,Sell
5149,PLTR,2023-11-15 17:07:00,2023-11-15 17:24:00,1,0.9623154,1,1,Buy
7040,PLTR,2023-11-15 19:36:00,2023-11-15 19:50:00,1,0.2953196,0,1,Sell
1188,PLTR,2023-11-15 22:30:00,2023-11-15 22:45:00,1,0.963546,1,1,Buy
4065,PLTR,2023-11-16 01:20:00,2023-11-16 01:43:00,0,0.08390906,0,0,Sell
7440,PLTR,2023-11-16 15:29:00,2023-11-16 15:53:00,1,0.4952211,0,1,Hold
281,PLTR,2023-11-16 19:10:00,2023-11-16 19:21:00,1,0.6669489,1,1,Buy
267,PLTR,2023-11-16 20:55:00,2023-11-16 21:07:00,0,0.33910987,0,0,Sell
9053,PLTR,2023-11-16 21:44:00,2023-11-16 21:49:00,0,0.06494142,0,0,Sell
7977,PLTR,2023-11-17 11:10:00,2023-11-17 11:31:00,0,0.21992306,0,0,Sell
5505,PLTR,2023-11-17 13:12:00,2023-11-17 13:36:00,0,0.042529162,0,0,Sell
7111,PLTR,2023-11-17 14:37:00,2023-11-17 15:07:00,0,0.051374592,0,0,Sell
666,PLTR,2023-11-18 04:30:00,2023-11-18 04:36:00,0,0.058087435,0,0,Sell
7200,PLTR,2023-11-18 06:43:00,2023-11-18 07:04:00,0,0.056499694,0,0,Sell
1520,PLTR,2023-11-18 19:44:00,2023-11-18 19:54:00,1,0.89712733,1,1,Buy
4095,PLTR,2023-11-19 12:18:00,2023-11-19 12:28:00,0,0.039465617,0,0,Sell
3697,PLTR,2023-11-19 17:26:00,2023-11-19 17:41:00,1,0.9379969,1,1,Buy
7378,PLTR,2023-11-20 07:49:00,2023-11-20 08:09:00,1,0.46671498,0,1,Hold
1811,PLTR,2023-11-20 11:39:00,2023-11-20 12:05:00,0,0.2775529,0,0,Sell
3335,PLTR,2023-11-20 13:23:00,2023-11-20 13:40:00,1,0.35769808,0,1,Sell
9667,PLTR,2023-11-20 19:10:00,2023-11-20 19:37:00,1,0.6417604,1,1,Buy
7141,PLTR,2023-11-21 02:36:00,2023-11-21 03:01:00,1,0.9032876,1,1,Buy
5009,PLTR,2023-11-21 13:09:00,2023-11-21 13:34:00,1,0.9308605,1,1,Buy
3228,PLTR,2023-11-21 16:44:00,2023-11-21 17:05:00,0,0.11171803,0,0,Sell
8666,PLTR,2023-11-22 05:59:00,2023-11-22 06:07:00,0,0.06222608,0,0,Sell
6673,PLTR,2023-11-22 17:29:00,2023-11-22 17:51:00,1,0.81387067,1,1,Buy
6727,PLTR,2023-11-23 14:12:00,2023-11-23 14:27:00,0,0.50833374,1,0,Hold
3461,PLTR,2023-11-23 22:04:00,2023-11-23 22:12:00,0,0.06091547,0,0,Sell
7664,PLTR,2023-11-24 15:40:00,2023-11-24 16:05:00,0,0.6917481,1,0,Buy
5748,PLTR,2023-11-25 18:15:00,2023-11-25 18:38:00,0,0.042139452,0,0,Sell
4489,PLTR,2023-11-26 01:42:00,2023-11-26 02:03:00,1,0.88873386,1,1,Buy
9041,PLTR,2023-11-26 17:05:00,2023-11-26 17:31:00,0,0.045374297,0,0,Sell
5454,PLTR,2023-11-27 13:54:00,2023-11-27 14:03:00,0,0.084977746,0,0,Sell
1784,PLTR,2023-11-28 03:51:00,2023-11-28 04:07:00,0,0.59222287,1,0,Hold
4116,PLTR,2023-11-28 06:25:00,2023-11-28 06:30:00,1,0.43488836,0,1,Hold
3206,PLTR,2023-11-28 14:08:00,2023-11-28 14:31:00,1,0.92376894,1,1,Buy
6599,PLTR,2023-11-28 22:00:00,2023-11-28 22:21:00,1,0.9547991,1,1,Buy
6414,PLTR,2023-11-28 23:43:00,2023-11-28 23:58:00,1,0.8762023,1,1,Buy
6246,PLTR,2023-11-29 07:39:00,2023-11-29 08:00:00,0,0.646713,1,0,Buy
7469,PLTR,2023-11-29 19:22:00,2023-11-29 19:40:00,0,0.08481813,0,0,Sell
9006,PLTR,2023-11-30 12:38:00,2023-11-30 12:55:00,1,0.43086874,0,1,Hold
3168,PLTR,2023-11-30 17:33:00,2023-11-30 17:58:00,0,0.075139545,0,0,Sell
6019,PLTR,2023-11-30 17:57:00,2023-11-30 18:08:00,1,0.50856,1,1,Hold
1546,PLTR,2023-12-01 11:41:00,2023-12-01 11:53:00,1,0.9221469,1,1,Buy
1815,PLTR,2023-12-01 15:25:00,2023-12-01 15:40:00,1,0.95671976,1,1,Buy
1736,PLTR,2023-12-02 05:06:00,2023-12-02 05:31:00,1,0.5619477,1,1,Hold
4705,PLTR,2023-12-02 17:51:00,2023-12-02 17:58:00,1,0.5552977,1,1,Hold
570,PLTR,2023-12-02 19:25:00,2023-12-02 19:45:00,0,0.06384044,0,0,Sell
8324,PLTR,2023-12-03 07:09:00,2023-12-03 07:22:00,0,0.8681243,1,0,Buy
4895,PLTR,2023-12-03 14:17:00,2023-12-03 14:34:00,0,0.06011039,0,0,Sell
356,PLTR,2023-12-04 04:40:00,2023-12-04 04:48:00,1,0.7496568,1,1,Buy
8225,PLTR,2023-12-04 08:02:00,2023-12-04 08:21:00,0,0.08690198,0,0,Sell
8581,PLTR,2023-12-04 14:38:00,2023-12-04 14:45:00,0,0.06026107,0,0,Sell
7137,PLTR,2023-12-04 21:27:00,2023-12-04 21:34:00,1,0.07531938,0,1,Sell
9241,PLTR,2023-12-05 17:21:00,2023-12-05 17:51:00,1,0.92120767,1,1,Buy
5863,PLTR,2023-12-06 13:59:00,2023-12-06 14:10:00,0,0.05183596,0,0,Sell
8108,PLTR,2023-12-06 21:10:00,2023-12-06 21:22:00,1,0.93158036,1,1,Buy
4998,PLTR,2023-12-07 08:02:00,2023-12-07 08:12:00,0,0.06977809,0,0,Sell
4988,PLTR,2023-12-07 15:01:00,2023-12-07 15:08:00,0,0.3821956,0,0,Sell
9240,PLTR,2023-12-08 11:47:00,2023-12-08 12:03:00,1,0.8798298,1,1,Buy
3513,PLTR,2023-12-08 16:09:00,2023-12-08 16:17:00,0,0.9207329,1,0,Buy
8610,PLTR,2023-12-08 22:06:00,2023-12-08 22:22:00,1,0.62146455,1,1,Buy
9626,PLTR,2023-12-09 14:48:00,2023-12-09 14:56:00,1,0.5504856,1,1,Hold
5349,PLTR,2023-12-10 02:00:00,2023-12-10 02:10:00,0,0.3670237,0,0,Sell
2601,PLTR,2023-12-10 05:28:00,2023-12-10 05:56:00,0,0.043622777,0,0,Sell
9305,PLTR,2023-12-10 09:53:00,2023-12-10 10:03:00,1,0.9253742,1,1,Buy
4215,PLTR,2023-12-10 17:55:00,2023-12-10 18:25:00,0,0.07078406,0,0,Sell
5369,PLTR,2023-12-11 10:39:00,2023-12-11 10:54:00,1,0.5626683,1,1,Hold
32,PLTR,2023-12-12 02:51:00,2023-12-12 03:05:00,1,0.9044695,1,1,Buy
4643,PLTR,2023-12-12 03:19:00,2023-12-12 03:29:00,0,0.9009986,1,0,Buy
4343,PLTR,2023-12-12 04:24:00,2023-12-12 04:31:00,1,0.916777,1,1,Buy
7016,PLTR,2023-12-12 08:43:00,2023-12-12 08:53:00,0,0.031940244,0,0,Sell
7647,PLTR,2023-12-12 16:36:00,2023-12-12 16:54:00,0,0.028511854,0,0,Sell
3085,PLTR,2023-12-13 13:41:00,2023-12-13 13:58:00,1,0.7697776,1,1,Buy
348,PLTR,2023-12-13 17:00:00,2023-12-13 17:09:00,1,0.7956186,1,1,Buy
5799,PLTR,2023-12-13 19:46:00,2023-12-13 20:09:00,0,0.11216343,0,0,Sell
7789,PLTR,2023-12-13 22:43:00,2023-12-13 23:07:00,0,0.059342027,0,0,Sell
6538,PLTR,2023-12-14 04:50:00,2023-12-14 05:16:00,0,0.056665603,0,0,Sell
7288,PLTR,2023-12-14 06:04:00,2023-12-14 06:24:00,1,0.91711533,1,1,Buy
3454,PLTR,2023-12-15 01:33:00,2023-12-15 01:53:00,1,0.92828304,1,1,Buy
1908,PLTR,2023-12-15 08:03:00,2023-12-15 08:33:00,1,0.9436916,1,1,Buy
4968,PLTR,2023-12-15 18:42:00,2023-12-15 19:11:00,1,0.5059098,1,1,Hold
14,PLTR,2023-12-16 06:10:00,2023-12-16 06:16:00,0,0.5849432,1,0,Hold
5687,PLTR,2023-12-16 07:24:00,2023-12-16 07:47:00,1,0.9446515,1,1,Buy
5501,PLTR,2023-12-16 12:25:00,2023-12-16 12:49:00,1,0.9373092,1,1,Buy
7222,PLTR,2023-12-16 15:54:00,2023-12-16 16:05:00,1,0.92308503,1,1,Buy
2673,PLTR,2023-12-16 19:40:00,2023-12-16 19:54:00,0,0.03480592,0,0,Sell
6241,PLTR,2023-12-16 23:43:00,2023-12-17 00:00:00,0,0.4768408,0,0,Hold
3088,PLTR,2023-12-17 08:18:00,2023-12-17 08:42:00,1,0.9244299,1,1,Buy
4250,PLTR,2023-12-17 18:41:00,2023-12-17 18:54:00,1,0.11383516,0,1,Sell
6791,PLTR,2023-12-17 19:24:00,2023-12-17 19:33:00,1,0.91902393,1,1,Buy
6489,PLTR,2023-12-17 22:27:00,2023-12-17 22:56:00,1,0.9579727,1,1,Buy
9550,PLTR,2023-12-18 00:32:00,2023-12-18 00:56:00,1,0.8795331,1,1,Buy
2455,PLTR,2023-12-18 11:46:00,2023-12-18 12:01:00,1,0.94638616,1,1,Buy
8614,PLTR,2023-12-19 02:48:00,2023-12-19 03:17:00,1,0.9096666,1,1,Buy
4494,PLTR,2023-12-19 20:49:00,2023-12-19 21:18:00,0,0.93846226,1,0,Buy
5579,PLTR,2023-12-20 02:37:00,2023-12-20 02:48:00,1,0.9140473,1,1,Buy
7348,PLTR,2023-12-20 18:17:00,2023-12-20 18:38:00,1,0.113871425,0,1,Sell
6856,PLTR,2023-12-20 21:47:00,2023-12-20 22:07:00,1,0.9581221,1,1,Buy
6966,PLTR,2023-12-21 00:18:00,2023-12-21 00:43:00,1,0.84109247,1,1,Buy
4130,PLTR,2023-12-21 05:38:00,2023-12-21 05:46:00,0,0.11427331,0,0,Sell
1805,PLTR,2023-12-22 12:25:00,2023-12-22 12:39:00,1,0.9536273,1,1,Buy
1590,PLTR,2023-12-23 06:47:00,2023-12-23 06:53:00,1,0.9508261,1,1,Buy
5355,PLTR,2023-12-23 14:34:00,2023-12-23 15:02:00,0,0.21075083,0,0,Sell
6766,PLTR,2023-12-23 23:13:00,2023-12-23 23:36:00,0,0.04901816,0,0,Sell
6760,PLTR,2023-12-23 23:24:00,2023-12-23 23:54:00,1,0.94704336,1,1,Buy
5991,PLTR,2023-12-24 06:51:00,2023-12-24 06:59:00,0,0.05700618,0,0,Sell
2054,PLTR,2023-12-25 02:31:00,2023-12-25 02:37:00,1,0.90698814,1,1,Buy
7645,PLTR,2023-12-25 04:25:00,2023-12-25 04:38:00,1,0.90321153,1,1,Buy
8763,PLTR,2023-12-25 12:35:00,2023-12-25 12:41:00,0,0.08729487,0,0,Sell
614,PLTR,2023-12-25 19:06:00,2023-12-25 19:16:00,0,0.05413519,0,0,Sell
8762,PLTR,2023-12-26 02:05:00,2023-12-26 02:27:00,0,0.09195278,0,0,Sell
1778,PLTR,2023-12-26 15:50:00,2023-12-26 16:06:00,0,0.05094979,0,0,Sell
2578,PLTR,2023-12-27 06:07:00,2023-12-27 06:13:00,0,0.0718572,0,0,Sell
9864,PLTR,2023-12-27 07:53:00,2023-12-27 08:09:00,0,0.05423531,0,0,Sell
3199,PLTR,2023-12-27 08:33:00,2023-12-27 08:50:00,1,0.6413777,1,1,Buy
8825,PLTR,2023-12-27 12:32:00,2023-12-27 12:42:00,1,0.44301954,0,1,Hold
8824,PLTR,2023-12-27 14:00:00,2023-12-27 14:14:00,0,0.060138322,0,0,Sell
3622,PLTR,2023-12-27 15:49:00,2023-12-27 16:09:00,0,0.065469176,0,0,Sell
9763,PLTR,2023-12-28 03:50:00,2023-12-28 04:17:00,0,0.4021498,0,0,Hold
2732,PLTR,2023-12-28 06:28:00,2023-12-28 06:49:00,0,0.07872277,0,0,Sell
3781,PLTR,2023-12-29 19:49:00,2023-12-29 20:03:00,1,0.93006915,1,1,Buy
6848,PLTR,2023-12-30 05:57:00,2023-12-30 06:21:00,1,0.50261843,1,1,Hold
6075,PLTR,2023-12-30 17:50:00,2023-12-30 18:07:00,1,0.9389216,1,1,Buy
1557,PLTR,2023-12-30 22:40:00,2023-12-30 22:53:00,1,0.937635,1,1,Buy
5946,PLTR,2023-12-31 12:47:00,2023-12-31 13:08:00,1,0.9592521,1,1,Buy
3240,PLTR,2023-12-31 22:26:00,2023-12-31 22:41:00,1,0.96984977,1,1,Buy
5106,PLTR,2024-01-01 08:34:00,2024-01-01 09:02:00,1,0.93764836,1,1,Buy
9165,RKT,2023-01-01 09:42:00,2023-01-01 09:58:00,0,0.24373522,0,0,Sell
2708,RKT,2023-01-01 10:53:00,2023-01-01 10:58:00,1,0.92622185,1,1,Buy
5247,RKT,2023-01-01 12:15:00,2023-01-01 12:28:00,0,0.10081419,0,0,Sell
4176,RKT,2023-01-02 02:35:00,2023-01-02 02:52:00,0,0.10010222,0,0,Sell
4995,RKT,2023-01-02 19:34:00,2023-01-02 19:48:00,0,0.05724977,0,0,Sell
8478,RKT,2023-01-02 23:49:00,2023-01-03 00:02:00,0,0.055792827,0,0,Sell
2668,RKT,2023-01-03 02:33:00,2023-01-03 02:56:00,1,0.47266942,0,1,Hold
6511,RKT,2023-01-03 05:14:00,2023-01-03 05:26:00,1,0.32854927,0,1,Sell
8519,RKT,2023-01-03 11:33:00,2023-01-03 11:42:00,1,0.938589,1,1,Buy
7611,RKT,2023-01-04 01:02:00,2023-01-04 01:18:00,1,0.9041307,1,1,Buy
3548,RKT,2023-01-04 11:33:00,2023-01-04 11:42:00,1,0.9339037,1,1,Buy
4424,RKT,2023-01-04 12:07:00,2023-01-04 12:24:00,1,0.93156904,1,1,Buy
1321,RKT,2023-01-05 04:43:00,2023-01-05 05:04:00,1,0.6773728,1,1,Buy
565,RKT,2023-01-05 16:55:00,2023-01-05 17:09:00,1,0.9555307,1,1,Buy
3068,RKT,2023-01-06 00:55:00,2023-01-06 01:24:00,0,0.5318582,1,0,Hold
453,RKT,2023-01-06 04:31:00,2023-01-06 05:01:00,0,0.06745064,0,0,Sell
1943,RKT,2023-01-06 09:11:00,2023-01-06 09:33:00,0,0.33179086,0,0,Sell
3450,RKT,2023-01-06 10:22:00,2023-01-06 10:48:00,1,0.41460893,0,1,Hold
6598,RKT,2023-01-06 21:43:00,2023-01-06 22:10:00,1,0.8962871,1,1,Buy
1747,RKT,2023-01-07 00:13:00,2023-01-07 00:32:00,1,0.8964905,1,1,Buy
8299,RKT,2023-01-07 04:04:00,2023-01-07 04:22:00,1,0.46307743,0,1,Hold
3628,RKT,2023-01-07 08:05:00,2023-01-07 08:17:00,1,0.49645975,0,1,Hold
982,RKT,2023-01-07 10:00:00,2023-01-07 10:15:00,1,0.34561533,0,1,Sell
5018,RKT,2023-01-08 08:12:00,2023-01-08 08:27:00,1,0.9305427,1,1,Buy
3803,RKT,2023-01-08 15:05:00,2023-01-08 15:33:00,1,0.737011,1,1,Buy
289,RKT,2023-01-09 00:26:00,2023-01-09 00:48:00,1,0.6295096,1,1,Buy
3644,RKT,2023-01-10 14:43:00,2023-01-10 15:11:00,1,0.8664784,1,1,Buy
7939,RKT,2023-01-11 00:07:00,2023-01-11 00:23:00,0,0.55357087,1,0,Hold
5250,RKT,2023-01-12 08:20:00,2023-01-12 08:34:00,0,0.6734333,1,0,Buy
5111,RKT,2023-01-12 18:06:00,2023-01-12 18:27:00,0,0.065456666,0,0,Sell
3171,RKT,2023-01-13 04:00:00,2023-01-13 04:21:00,1,0.41745588,0,1,Hold
6631,RKT,2023-01-13 04:40:00,2023-01-13 04:55:00,0,0.06200002,0,0,Sell
7129,RKT,2023-01-13 05:24:00,2023-01-13 05:44:00,0,0.3311479,0,0,Sell
4862,RKT,2023-01-13 17:59:00,2023-01-13 18:17:00,1,0.9021987,1,1,Buy
9495,RKT,2023-01-13 19:17:00,2023-01-13 19:37:00,1,0.97059715,1,1,Buy
6330,RKT,2023-01-14 07:25:00,2023-01-14 07:46:00,0,0.07851205,0,0,Sell
727,RKT,2023-01-15 13:11:00,2023-01-15 13:28:00,0,0.11794179,0,0,Sell
6008,RKT,2023-01-15 18:48:00,2023-01-15 18:57:00,0,0.9261125,1,0,Buy
9902,RKT,2023-01-16 06:59:00,2023-01-16 07:14:00,1,0.22114664,0,1,Sell
879,RKT,2023-01-16 14:09:00,2023-01-16 14:16:00,1,0.2412848,0,1,Sell
4943,RKT,2023-01-16 21:08:00,2023-01-16 21:27:00,0,0.4192999,0,0,Hold
3084,RKT,2023-01-17 11:00:00,2023-01-17 11:19:00,0,0.057979885,0,0,Sell
2135,RKT,2023-01-17 17:32:00,2023-01-17 17:52:00,0,0.059105553,0,0,Sell
4632,RKT,2023-01-17 23:29:00,2023-01-17 23:44:00,1,0.83493143,1,1,Buy
4145,RKT,2023-01-18 01:25:00,2023-01-18 01:42:00,1,0.9171017,1,1,Buy
6490,RKT,2023-01-18 10:17:00,2023-01-18 10:42:00,0,0.2668633,0,0,Sell
3478,RKT,2023-01-18 22:49:00,2023-01-18 23:00:00,1,0.9608684,1,1,Buy
7437,RKT,2023-01-19 03:07:00,2023-01-19 03:23:00,0,0.6863701,1,0,Buy
806,RKT,2023-01-19 06:17:00,2023-01-19 06:30:00,0,0.7697575,1,0,Buy
1995,RKT,2023-01-19 10:01:00,2023-01-19 10:19:00,0,0.07176816,0,0,Sell
4874,RKT,2023-01-19 15:52:00,2023-01-19 16:21:00,1,0.94015664,1,1,Buy
5448,RKT,2023-01-19 21:27:00,2023-01-19 21:33:00,0,0.0698488,0,0,Sell
2481,RKT,2023-01-20 11:17:00,2023-01-20 11:23:00,1,0.9568239,1,1,Buy
3403,RKT,2023-01-20 11:48:00,2023-01-20 12:07:00,0,0.10423144,0,0,Sell
8928,RKT,2023-01-21 03:41:00,2023-01-21 03:47:00,0,0.5433631,1,0,Hold
5324,RKT,2023-01-21 08:25:00,2023-01-21 08:40:00,0,0.07908301,0,0,Sell
6437,RKT,2023-01-21 15:20:00,2023-01-21 15:39:00,0,0.44044453,0,0,Hold
5391,RKT,2023-01-21 15:25:00,2023-01-21 15:49:00,0,0.34887794,0,0,Sell
6687,RKT,2023-01-22 03:42:00,2023-01-22 03:47:00,0,0.3089562,0,0,Sell
2948,RKT,2023-01-22 12:05:00,2023-01-22 12:11:00,1,0.93810743,1,1,Buy
3871,RKT,2023-01-22 12:50:00,2023-01-22 13:06:00,0,0.41785184,0,0,Hold
3887,RKT,2023-01-23 02:35:00,2023-01-23 03:03:00,1,0.7847755,1,1,Buy
9141,RKT,2023-01-23 03:07:00,2023-01-23 03:32:00,0,0.275716,0,0,Sell
3693,RKT,2023-01-23 04:38:00,2023-01-23 04:50:00,1,0.9240422,1,1,Buy
8893,RKT,2023-01-23 04:42:00,2023-01-23 04:54:00,1,0.65373456,1,1,Buy
2391,RKT,2023-01-23 07:20:00,2023-01-23 07:32:00,0,0.8290621,1,0,Buy
8077,RKT,2023-01-24 17:29:00,2023-01-24 17:50:00,1,0.5016912,1,1,Hold
2145,RKT,2023-01-24 21:02:00,2023-01-24 21:22:00,0,0.10664393,0,0,Sell
1600,RKT,2023-01-24 23:20:00,2023-01-24 23:49:00,0,0.079293035,0,0,Sell
6639,RKT,2023-01-26 05:20:00,2023-01-26 05:26:00,1,0.39612836,0,1,Sell
7261,RKT,2023-01-26 05:59:00,2023-01-26 06:14:00,1,0.8992536,1,1,Buy
9572,RKT,2023-01-26 08:17:00,2023-01-26 08:31:00,0,0.07400475,0,0,Sell
9685,RKT,2023-01-26 15:40:00,2023-01-26 15:59:00,1,0.062048867,0,1,Sell
7002,RKT,2023-01-28 09:52:00,2023-01-28 10:10:00,0,0.0585894,0,0,Sell
3584,RKT,2023-01-28 16:49:00,2023-01-28 16:54:00,0,0.057747297,0,0,Sell
5034,RKT,2023-01-29 02:01:00,2023-01-29 02:25:00,1,0.9257453,1,1,Buy
1244,RKT,2023-01-29 15:24:00,2023-01-29 15:42:00,0,0.07708491,0,0,Sell
5265,RKT,2023-01-30 11:48:00,2023-01-30 12:08:00,1,0.77836645,1,1,Buy
9713,RKT,2023-01-30 15:09:00,2023-01-30 15:20:00,0,0.06793052,0,0,Sell
3487,RKT,2023-01-31 12:59:00,2023-01-31 13:11:00,0,0.510179,1,0,Hold
4004,RKT,2023-01-31 13:31:00,2023-01-31 13:40:00,0,0.3495796,0,0,Sell
9670,RKT,2023-02-02 01:17:00,2023-02-02 01:33:00,0,0.35536656,0,0,Sell
2612,RKT,2023-02-02 01:50:00,2023-02-02 02:01:00,0,0.07337343,0,0,Sell
7136,RKT,2023-02-02 05:04:00,2023-02-02 05:10:00,1,0.86269563,1,1,Buy
3757,RKT,2023-02-03 08:38:00,2023-02-03 09:05:00,0,0.049607523,0,0,Sell
4304,RKT,2023-02-03 10:22:00,2023-02-03 10:52:00,1,0.946782,1,1,Buy
3035,RKT,2023-02-03 11:56:00,2023-02-03 12:04:00,1,0.91634274,1,1,Buy
6309,RKT,2023-02-04 04:57:00,2023-02-04 05:24:00,0,0.55894977,1,0,Hold
5222,RKT,2023-02-04 09:23:00,2023-02-04 09:33:00,1,0.93082386,1,1,Buy
8628,RKT,2023-02-04 11:42:00,2023-02-04 11:51:00,1,0.55749375,1,1,Hold
8612,RKT,2023-02-04 13:15:00,2023-02-04 13:37:00,1,0.33705983,0,1,Sell
2507,RKT,2023-02-04 21:28:00,2023-02-04 21:36:00,0,0.12614566,0,0,Sell
7036,RKT,2023-02-05 12:31:00,2023-02-05 13:00:00,0,0.06748776,0,0,Sell
1248,RKT,2023-02-06 02:57:00,2023-02-06 03:10:00,0,0.43053275,0,0,Hold
9357,RKT,2023-02-06 19:09:00,2023-02-06 19:26:00,1,0.060686428,0,1,Sell
2685,RKT,2023-02-07 00:13:00,2023-02-07 00:31:00,1,0.96177936,1,1,Buy
7739,RKT,2023-02-07 04:11:00,2023-02-07 04:29:00,1,0.95322794,1,1,Buy
8997,RKT,2023-02-07 17:22:00,2023-02-07 17:52:00,1,0.9751799,1,1,Buy
1038,RKT,2023-02-08 00:11:00,2023-02-08 00:27:00,1,0.7947562,1,1,Buy
4924,RKT,2023-02-08 04:59:00,2023-02-08 05:20:00,1,0.95731753,1,1,Buy
3596,RKT,2023-02-08 21:27:00,2023-02-08 21:49:00,1,0.17633073,0,1,Sell
8713,RKT,2023-02-08 22:53:00,2023-02-08 23:19:00,1,0.9603285,1,1,Buy
6001,RKT,2023-02-09 10:48:00,2023-02-09 11:16:00,0,0.6246976,1,0,Buy
7773,RKT,2023-02-09 14:13:00,2023-02-09 14:42:00,0,0.02548538,0,0,Sell
8841,RKT,2023-02-10 00:34:00,2023-02-10 00:39:00,0,0.12407745,0,0,Sell
6972,RKT,2023-02-10 06:22:00,2023-02-10 06:29:00,0,0.023523513,0,0,Sell
8766,RKT,2023-02-10 14:49:00,2023-02-10 15:10:00,1,0.64199823,1,1,Buy
7425,RKT,2023-02-11 07:00:00,2023-02-11 07:13:00,1,0.7778608,1,1,Buy
7859,RKT,2023-02-12 19:32:00,2023-02-12 19:49:00,1,0.56530565,1,1,Hold
9933,RKT,2023-02-12 21:01:00,2023-02-12 21:20:00,0,0.45668957,0,0,Hold
8977,RKT,2023-02-13 00:28:00,2023-02-13 00:53:00,0,0.1330666,0,0,Sell
4985,RKT,2023-02-13 09:50:00,2023-02-13 10:14:00,1,0.96693057,1,1,Buy
900,RKT,2023-02-13 10:07:00,2023-02-13 10:34:00,1,0.9408008,1,1,Buy
1887,RKT,2023-02-14 05:51:00,2023-02-14 06:10:00,1,0.92991024,1,1,Buy
3286,RKT,2023-02-14 06:55:00,2023-02-14 07:15:00,0,0.7100971,1,0,Buy
1412,RKT,2023-02-15 01:40:00,2023-02-15 02:01:00,0,0.7463969,1,0,Buy
8935,RKT,2023-02-15 01:45:00,2023-02-15 02:00:00,0,0.5400132,1,0,Hold
7231,RKT,2023-02-15 10:29:00,2023-02-15 10:36:00,0,0.38488424,0,0,Sell
9994,RKT,2023-02-15 17:32:00,2023-02-15 17:55:00,0,0.8600574,1,0,Buy
197,RKT,2023-02-16 06:45:00,2023-02-16 06:51:00,0,0.15362461,0,0,Sell
6616,RKT,2023-02-16 17:24:00,2023-02-16 17:46:00,1,0.9333595,1,1,Buy
2513,RKT,2023-02-18 04:23:00,2023-02-18 04:42:00,1,0.2636473,0,1,Sell
1143,RKT,2023-02-18 06:48:00,2023-02-18 07:05:00,0,0.0689768,0,0,Sell
9570,RKT,2023-02-18 14:39:00,2023-02-18 14:51:00,0,0.07904331,0,0,Sell
3982,RKT,2023-02-18 22:17:00,2023-02-18 22:28:00,0,0.9404602,1,0,Buy
1860,RKT,2023-02-19 03:48:00,2023-02-19 04:03:00,0,0.80867976,1,0,Buy
1683,RKT,2023-02-19 06:34:00,2023-02-19 06:54:00,0,0.05881779,0,0,Sell
5888,RKT,2023-02-19 13:31:00,2023-02-19 13:42:00,1,0.9063306,1,1,Buy
1792,RKT,2023-02-20 04:41:00,2023-02-20 05:06:00,0,0.5337317,1,0,Hold
7216,RKT,2023-02-21 12:03:00,2023-02-21 12:19:00,0,0.34336954,0,0,Sell
2286,RKT,2023-02-21 20:13:00,2023-02-21 20:38:00,0,0.44677132,0,0,Hold
2396,RKT,2023-02-22 00:45:00,2023-02-22 01:12:00,0,0.10985481,0,0,Sell
7315,RKT,2023-02-22 15:10:00,2023-02-22 15:26:00,0,0.068437606,0,0,Sell
7534,RKT,2023-02-23 01:55:00,2023-02-23 02:05:00,0,0.26475137,0,0,Sell
2656,RKT,2023-02-23 09:43:00,2023-02-23 09:59:00,1,0.92513305,1,1,Buy
2990,RKT,2023-02-23 11:11:00,2023-02-23 11:33:00,0,0.4616587,0,0,Hold
5172,RKT,2023-02-24 10:24:00,2023-02-24 10:31:00,0,0.05198053,0,0,Sell
6468,RKT,2023-02-24 19:07:00,2023-02-24 19:13:00,0,0.06324905,0,0,Sell
4889,RKT,2023-02-24 20:40:00,2023-02-24 21:08:00,1,0.96432245,1,1,Buy
9317,RKT,2023-02-25 03:19:00,2023-02-25 03:49:00,1,0.4009177,0,1,Hold
8096,RKT,2023-02-26 13:56:00,2023-02-26 14:01:00,0,0.055765714,0,0,Sell
4278,RKT,2023-02-26 18:39:00,2023-02-26 19:07:00,0,0.12883672,0,0,Sell
6550,RKT,2023-02-28 01:17:00,2023-02-28 01:37:00,0,0.09576756,0,0,Sell
2175,RKT,2023-02-28 13:37:00,2023-02-28 13:45:00,1,0.94033223,1,1,Buy
9777,RKT,2023-03-01 14:47:00,2023-03-01 14:59:00,0,0.60694814,1,0,Buy
9186,RKT,2023-03-01 15:12:00,2023-03-01 15:42:00,1,0.9181264,1,1,Buy
9781,RKT,2023-03-01 17:47:00,2023-03-01 18:03:00,1,0.5089697,1,1,Hold
8128,RKT,2023-03-02 01:31:00,2023-03-02 01:41:00,1,0.93126863,1,1,Buy
752,RKT,2023-03-02 08:16:00,2023-03-02 08:25:00,0,0.091558605,0,0,Sell
3841,RKT,2023-03-02 12:12:00,2023-03-02 12:21:00,0,0.05577198,0,0,Sell
5070,RKT,2023-03-02 20:01:00,2023-03-02 20:21:00,1,0.9205845,1,1,Buy
5554,RKT,2023-03-04 11:58:00,2023-03-04 12:08:00,0,0.19357426,0,0,Sell
6572,RKT,2023-03-04 13:34:00,2023-03-04 13:40:00,0,0.044945333,0,0,Sell
7790,RKT,2023-03-04 14:40:00,2023-03-04 14:58:00,1,0.298125,0,1,Sell
130,RKT,2023-03-04 16:09:00,2023-03-04 16:33:00,0,0.09149231,0,0,Sell
5319,RKT,2023-03-04 20:28:00,2023-03-04 20:47:00,0,0.06562941,0,0,Sell
835,RKT,2023-03-05 07:45:00,2023-03-05 08:12:00,0,0.058400273,0,0,Sell
5705,RKT,2023-03-05 20:01:00,2023-03-05 20:22:00,0,0.042731952,0,0,Sell
3125,RKT,2023-03-06 15:41:00,2023-03-06 16:05:00,0,0.047923803,0,0,Sell
2460,RKT,2023-03-06 17:27:00,2023-03-06 17:41:00,0,0.03807608,0,0,Sell
2321,RKT,2023-03-07 04:17:00,2023-03-07 04:22:00,0,0.06810367,0,0,Sell
5589,RKT,2023-03-07 08:49:00,2023-03-07 09:11:00,0,0.49268404,0,0,Hold
7942,RKT,2023-03-07 17:07:00,2023-03-07 17:29:00,0,0.05561219,0,0,Sell
6962,RKT,2023-03-07 20:00:00,2023-03-07 20:15:00,1,0.65498024,1,1,Buy
9982,RKT,2023-03-08 09:35:00,2023-03-08 09:45:00,0,0.061493494,0,0,Sell
8577,RKT,2023-03-08 12:28:00,2023-03-08 12:51:00,0,0.36648935,0,0,Sell
9123,RKT,2023-03-09 10:59:00,2023-03-09 11:24:00,0,0.71921146,1,0,Buy
1036,RKT,2023-03-09 22:17:00,2023-03-09 22:26:00,1,0.9400771,1,1,Buy
6418,RKT,2023-03-10 00:44:00,2023-03-10 01:11:00,0,0.060609818,0,0,Sell
1637,RKT,2023-03-10 09:53:00,2023-03-10 10:09:00,1,0.9438333,1,1,Buy
1701,RKT,2023-03-10 12:25:00,2023-03-10 12:34:00,1,0.69722867,1,1,Buy
6406,RKT,2023-03-10 15:29:00,2023-03-10 15:36:00,0,0.06471205,0,0,Sell
233,RKT,2023-03-11 21:21:00,2023-03-11 21:43:00,1,0.22605534,0,1,Sell
4319,RKT,2023-03-13 17:15:00,2023-03-13 17:22:00,1,0.4194579,0,1,Hold
8438,RKT,2023-03-13 18:19:00,2023-03-13 18:30:00,1,0.9311277,1,1,Buy
5383,RKT,2023-03-13 19:15:00,2023-03-13 19:22:00,1,0.43249977,0,1,Hold
9571,RKT,2023-03-14 11:41:00,2023-03-14 12:04:00,1,0.92948586,1,1,Buy
540,RKT,2023-03-14 11:58:00,2023-03-14 12:17:00,1,0.9463524,1,1,Buy
7272,RKT,2023-03-15 12:10:00,2023-03-15 12:15:00,1,0.10045386,0,1,Sell
4902,RKT,2023-03-15 23:09:00,2023-03-15 23:33:00,0,0.5163844,1,0,Hold
8837,RKT,2023-03-15 23:59:00,2023-03-16 00:15:00,1,0.92601246,1,1,Buy
4233,RKT,2023-03-16 10:24:00,2023-03-16 10:48:00,0,0.078661874,0,0,Sell
2562,RKT,2023-03-16 19:38:00,2023-03-16 19:49:00,0,0.21816835,0,0,Sell
8739,RKT,2023-03-18 03:59:00,2023-03-18 04:17:00,0,0.08404503,0,0,Sell
1690,RKT,2023-03-18 06:56:00,2023-03-18 07:15:00,1,0.9099518,1,1,Buy
2549,RKT,2023-03-19 05:16:00,2023-03-19 05:39:00,1,0.89812845,1,1,Buy
2332,RKT,2023-03-19 08:30:00,2023-03-19 08:47:00,0,0.72666365,1,0,Buy
2268,RKT,2023-03-19 23:01:00,2023-03-19 23:26:00,1,0.33947626,0,1,Sell
4523,RKT,2023-03-20 00:57:00,2023-03-20 01:08:00,0,0.43073654,0,0,Hold
9283,RKT,2023-03-20 06:48:00,2023-03-20 07:14:00,0,0.5895457,1,0,Hold
2183,RKT,2023-03-20 09:06:00,2023-03-20 09:30:00,0,0.10571337,0,0,Sell
9176,RKT,2023-03-20 09:08:00,2023-03-20 09:14:00,0,0.071679085,0,0,Sell
5859,RKT,2023-03-20 20:58:00,2023-03-20 21:23:00,1,0.2558071,0,1,Sell
6173,RKT,2023-03-21 01:35:00,2023-03-21 01:45:00,1,0.90610325,1,1,Buy
4734,RKT,2023-03-22 05:35:00,2023-03-22 05:43:00,0,0.059665892,0,0,Sell
1497,RKT,2023-03-22 07:12:00,2023-03-22 07:33:00,1,0.9194074,1,1,Buy
8491,RKT,2023-03-22 11:10:00,2023-03-22 11:19:00,1,0.9410166,1,1,Buy
1785,RKT,2023-03-22 16:27:00,2023-03-22 16:52:00,0,0.4425565,0,0,Hold
7448,RKT,2023-03-22 19:24:00,2023-03-22 19:40:00,1,0.5413025,1,1,Hold
5040,RKT,2023-03-23 00:10:00,2023-03-23 00:23:00,1,0.9232277,1,1,Buy
6785,RKT,2023-03-23 16:42:00,2023-03-23 16:54:00,0,0.10873544,0,0,Sell
2800,RKT,2023-03-23 19:33:00,2023-03-23 19:59:00,0,0.13020797,0,0,Sell
37,RKT,2023-03-24 17:35:00,2023-03-24 17:54:00,0,0.07380992,0,0,Sell
3245,RKT,2023-03-24 19:05:00,2023-03-24 19:21:00,1,0.9485912,1,1,Buy
3246,RKT,2023-03-25 06:19:00,2023-03-25 06:43:00,1,0.06612813,0,1,Sell
2328,RKT,2023-03-25 09:07:00,2023-03-25 09:14:00,0,0.05760789,0,0,Sell
6620,RKT,2023-03-27 00:39:00,2023-03-27 00:45:00,0,0.63728946,1,0,Buy
5806,RKT,2023-03-28 17:40:00,2023-03-28 18:02:00,0,0.064292595,0,0,Sell
647,RKT,2023-03-29 07:21:00,2023-03-29 07:49:00,1,0.44857344,0,1,Hold
7740,RKT,2023-03-29 10:20:00,2023-03-29 10:45:00,0,0.057917412,0,0,Sell
5749,RKT,2023-03-29 19:48:00,2023-03-29 20:08:00,0,0.29301885,0,0,Sell
7516,RKT,2023-03-30 13:43:00,2023-03-30 14:00:00,0,0.051264733,0,0,Sell
6306,RKT,2023-03-31 14:16:00,2023-03-31 14:45:00,0,0.4109001,0,0,Hold
2053,RKT,2023-04-01 20:51:00,2023-04-01 21:05:00,1,0.79526955,1,1,Buy
6213,RKT,2023-04-02 06:37:00,2023-04-02 06:56:00,1,0.92635757,1,1,Buy
6282,RKT,2023-04-02 14:31:00,2023-04-02 14:37:00,0,0.20816386,0,0,Sell
8223,RKT,2023-04-02 15:06:00,2023-04-02 15:21:00,0,0.08752682,0,0,Sell
3733,RKT,2023-04-03 15:01:00,2023-04-03 15:12:00,0,0.37133324,0,0,Sell
5822,RKT,2023-04-03 21:48:00,2023-04-03 21:55:00,0,0.09664428,0,0,Sell
7877,RKT,2023-04-04 03:42:00,2023-04-04 04:11:00,0,0.0811848,0,0,Sell
4096,RKT,2023-04-04 11:16:00,2023-04-04 11:34:00,0,0.044031568,0,0,Sell
5900,RKT,2023-04-04 12:14:00,2023-04-04 12:43:00,1,0.32951775,0,1,Sell
6273,RKT,2023-04-04 13:23:00,2023-04-04 13:41:00,0,0.060907714,0,0,Sell
3873,RKT,2023-04-05 06:44:00,2023-04-05 07:06:00,0,0.07763432,0,0,Sell
1400,RKT,2023-04-05 09:13:00,2023-04-05 09:31:00,0,0.08491838,0,0,Sell
314,RKT,2023-04-06 00:57:00,2023-04-06 01:24:00,0,0.32452047,0,0,Sell
4558,RKT,2023-04-06 15:55:00,2023-04-06 16:06:00,1,0.92374307,1,1,Buy
6686,RKT,2023-04-06 18:32:00,2023-04-06 18:46:00,0,0.068036586,0,0,Sell
8212,RKT,2023-04-07 00:25:00,2023-04-07 00:52:00,0,0.067949496,0,0,Sell
4854,RKT,2023-04-07 09:18:00,2023-04-07 09:29:00,0,0.3146324,0,0,Sell
7634,RKT,2023-04-07 11:14:00,2023-04-07 11:37:00,1,0.7776789,1,1,Buy
2406,RKT,2023-04-07 19:46:00,2023-04-07 20:00:00,0,0.24747968,0,0,Sell
782,RKT,2023-04-07 20:29:00,2023-04-07 20:37:00,0,0.058314398,0,0,Sell
3655,RKT,2023-04-08 02:44:00,2023-04-08 02:54:00,0,0.06597685,0,0,Sell
2259,RKT,2023-04-08 21:55:00,2023-04-08 22:11:00,1,0.26966387,0,1,Sell
297,RKT,2023-04-10 08:27:00,2023-04-10 08:45:00,0,0.08397544,0,0,Sell
5513,RKT,2023-04-10 12:52:00,2023-04-10 13:12:00,1,0.39594927,0,1,Sell
8947,RKT,2023-04-10 17:47:00,2023-04-10 18:04:00,1,0.07917065,0,1,Sell
3355,RKT,2023-04-11 02:20:00,2023-04-11 02:46:00,1,0.36457595,0,1,Sell
4087,RKT,2023-04-12 08:25:00,2023-04-12 08:53:00,1,0.33416432,0,1,Sell
5964,RKT,2023-04-12 15:55:00,2023-04-12 16:15:00,1,0.93082833,1,1,Buy
5961,RKT,2023-04-13 13:10:00,2023-04-13 13:20:00,0,0.20032229,0,0,Sell
520,RKT,2023-04-14 03:07:00,2023-04-14 03:33:00,1,0.9051283,1,1,Buy
4806,RKT,2023-04-14 03:41:00,2023-04-14 03:56:00,0,0.4074133,0,0,Hold
9226,RKT,2023-04-14 08:46:00,2023-04-14 09:02:00,0,0.53053135,1,0,Hold
817,RKT,2023-04-14 17:02:00,2023-04-14 17:11:00,1,0.9418534,1,1,Buy
4618,RKT,2023-04-15 05:19:00,2023-04-15 05:29:00,0,0.08083775,0,0,Sell
1183,RKT,2023-04-16 13:20:00,2023-04-16 13:39:00,1,0.91886175,1,1,Buy
1402,RKT,2023-04-16 14:28:00,2023-04-16 14:46:00,1,0.93088794,1,1,Buy
9788,RKT,2023-04-18 15:57:00,2023-04-18 16:22:00,1,0.9399998,1,1,Buy
6564,RKT,2023-04-18 18:18:00,2023-04-18 18:40:00,1,0.4691282,0,1,Hold
319,RKT,2023-04-19 05:34:00,2023-04-19 06:00:00,1,0.08211653,0,1,Sell
6513,RKT,2023-04-19 06:34:00,2023-04-19 06:41:00,0,0.061799828,0,0,Sell
7595,RKT,2023-04-19 07:41:00,2023-04-19 07:58:00,1,0.92405987,1,1,Buy
6439,RKT,2023-04-19 17:03:00,2023-04-19 17:13:00,0,0.46710166,0,0,Hold
4276,RKT,2023-04-20 23:52:00,2023-04-21 00:07:00,1,0.94932276,1,1,Buy
6813,RKT,2023-04-21 11:06:00,2023-04-21 11:31:00,0,0.06577446,0,0,Sell
9005,RKT,2023-04-22 03:49:00,2023-04-22 04:06:00,0,0.47948006,0,0,Hold
5228,RKT,2023-04-22 17:01:00,2023-04-22 17:11:00,1,0.3283885,0,1,Sell
1743,RKT,2023-04-23 00:45:00,2023-04-23 01:02:00,0,0.07511456,0,0,Sell
4038,RKT,2023-04-23 13:04:00,2023-04-23 13:30:00,1,0.9336232,1,1,Buy
6743,RKT,2023-04-23 14:16:00,2023-04-23 14:35:00,0,0.106739566,0,0,Sell
7160,RKT,2023-04-23 15:21:00,2023-04-23 15:51:00,0,0.36003232,0,0,Sell
285,RKT,2023-04-24 10:27:00,2023-04-24 10:54:00,0,0.40320387,0,0,Hold
1,RKT,2023-04-24 11:05:00,2023-04-24 11:32:00,0,0.08485939,0,0,Sell
1757,RKT,2023-04-25 07:40:00,2023-04-25 08:01:00,0,0.06430872,0,0,Sell
2570,RKT,2023-04-26 11:51:00,2023-04-26 12:14:00,0,0.06212432,0,0,Sell
9800,RKT,2023-04-27 22:10:00,2023-04-27 22:23:00,1,0.9192446,1,1,Buy
8432,RKT,2023-04-28 01:08:00,2023-04-28 01:24:00,0,0.07981867,0,0,Sell
7371,RKT,2023-04-28 09:32:00,2023-04-28 09:43:00,0,0.06036805,0,0,Sell
6653,RKT,2023-04-28 12:20:00,2023-04-28 12:45:00,1,0.9384682,1,1,Buy
5587,RKT,2023-04-28 15:37:00,2023-04-28 16:00:00,1,0.95250905,1,1,Buy
6932,RKT,2023-04-29 07:26:00,2023-04-29 07:43:00,1,0.8865536,1,1,Buy
6276,RKT,2023-04-29 10:51:00,2023-04-29 11:00:00,1,0.6724035,1,1,Buy
8579,RKT,2023-04-29 19:32:00,2023-04-29 19:55:00,1,0.59880346,1,1,Hold
3759,RKT,2023-04-29 20:34:00,2023-04-29 20:57:00,0,0.1191666,0,0,Sell
3346,RKT,2023-04-29 23:43:00,2023-04-29 23:51:00,0,0.16929214,0,0,Sell
1063,RKT,2023-04-30 04:34:00,2023-04-30 04:54:00,1,0.90654075,1,1,Buy
2753,RKT,2023-05-01 13:23:00,2023-05-01 13:38:00,0,0.06765041,0,0,Sell
8969,RKT,2023-05-01 16:38:00,2023-05-01 16:55:00,0,0.36104316,0,0,Sell
2989,RKT,2023-05-02 04:46:00,2023-05-02 05:07:00,0,0.101824574,0,0,Sell
5996,RKT,2023-05-02 14:17:00,2023-05-02 14:43:00,0,0.058150146,0,0,Sell
7757,RKT,2023-05-04 05:56:00,2023-05-04 06:21:00,0,0.559917,1,0,Hold
6470,RKT,2023-05-04 09:20:00,2023-05-04 09:41:00,0,0.23179387,0,0,Sell
6181,RKT,2023-05-04 20:00:00,2023-05-04 20:29:00,0,0.053816102,0,0,Sell
4268,RKT,2023-05-05 00:26:00,2023-05-05 00:34:00,1,0.9218665,1,1,Buy
2308,RKT,2023-05-05 14:42:00,2023-05-05 14:56:00,1,0.8624654,1,1,Buy
1819,RKT,2023-05-06 10:50:00,2023-05-06 10:57:00,1,0.5272434,1,1,Hold
1491,RKT,2023-05-06 18:18:00,2023-05-06 18:30:00,1,0.6178113,1,1,Buy
757,RKT,2023-05-06 19:06:00,2023-05-06 19:25:00,1,0.09446734,0,1,Sell
5424,RKT,2023-05-07 07:08:00,2023-05-07 07:31:00,0,0.5030186,1,0,Hold
4480,RKT,2023-05-07 11:49:00,2023-05-07 12:09:00,1,0.93693334,1,1,Buy
9988,RKT,2023-05-07 12:05:00,2023-05-07 12:11:00,1,0.9618774,1,1,Buy
1304,RKT,2023-05-07 13:07:00,2023-05-07 13:21:00,0,0.94409513,1,0,Buy
5908,RKT,2023-05-08 01:54:00,2023-05-08 01:59:00,1,0.501244,1,1,Hold
9648,RKT,2023-05-09 11:11:00,2023-05-09 11:41:00,0,0.15138026,0,0,Sell
9636,RKT,2023-05-10 08:30:00,2023-05-10 08:57:00,0,0.08880876,0,0,Sell
8574,RKT,2023-05-10 08:47:00,2023-05-10 09:10:00,1,0.9125281,1,1,Buy
9975,RKT,2023-05-11 05:38:00,2023-05-11 06:06:00,1,0.90481746,1,1,Buy
8869,RKT,2023-05-11 18:51:00,2023-05-11 19:00:00,1,0.9073252,1,1,Buy
1989,RKT,2023-05-12 12:33:00,2023-05-12 12:43:00,1,0.6094248,1,1,Buy
726,RKT,2023-05-13 18:11:00,2023-05-13 18:21:00,0,0.11883743,0,0,Sell
8903,RKT,2023-05-14 08:36:00,2023-05-14 08:44:00,0,0.45638424,0,0,Hold
2185,RKT,2023-05-14 20:31:00,2023-05-14 20:54:00,1,0.35609964,0,1,Sell
419,RKT,2023-05-14 20:49:00,2023-05-14 21:18:00,0,0.5292319,1,0,Hold
3310,RKT,2023-05-15 00:56:00,2023-05-15 01:06:00,0,0.3140509,0,0,Sell
5432,RKT,2023-05-15 02:42:00,2023-05-15 03:02:00,1,0.90531003,1,1,Buy
9925,RKT,2023-05-15 20:12:00,2023-05-15 20:21:00,0,0.7062093,1,0,Buy
9498,RKT,2023-05-15 21:05:00,2023-05-15 21:28:00,1,0.45953408,0,1,Hold
4378,RKT,2023-05-16 06:55:00,2023-05-16 07:08:00,0,0.08759775,0,0,Sell
8101,RKT,2023-05-16 18:55:00,2023-05-16 19:14:00,1,0.8271426,1,1,Buy
2046,RKT,2023-05-17 00:30:00,2023-05-17 00:55:00,0,0.09454977,0,0,Sell
2750,RKT,2023-05-17 03:16:00,2023-05-17 03:43:00,1,0.36803642,0,1,Sell
8683,RKT,2023-05-17 18:07:00,2023-05-17 18:17:00,1,0.92309916,1,1,Buy
5698,RKT,2023-05-18 02:23:00,2023-05-18 02:48:00,0,0.11530873,0,0,Sell
7297,RKT,2023-05-19 02:03:00,2023-05-19 02:33:00,0,0.83044547,1,0,Buy
9083,RKT,2023-05-19 04:20:00,2023-05-19 04:42:00,0,0.29739895,0,0,Sell
8556,RKT,2023-05-19 07:24:00,2023-05-19 07:38:00,1,0.51494616,1,1,Hold
1661,RKT,2023-05-20 15:28:00,2023-05-20 15:52:00,1,0.93474966,1,1,Buy
1571,RKT,2023-05-20 18:14:00,2023-05-20 18:41:00,0,0.08095354,0,0,Sell
820,RKT,2023-05-22 04:11:00,2023-05-22 04:41:00,1,0.9114804,1,1,Buy
9871,RKT,2023-05-23 06:11:00,2023-05-23 06:37:00,0,0.57808226,1,0,Hold
1895,RKT,2023-05-23 18:30:00,2023-05-23 18:46:00,0,0.07795819,0,0,Sell
7299,RKT,2023-05-23 21:05:00,2023-05-23 21:25:00,1,0.45561647,0,1,Hold
1077,RKT,2023-05-24 07:33:00,2023-05-24 07:41:00,0,0.0939712,0,0,Sell
5032,RKT,2023-05-24 20:57:00,2023-05-24 21:19:00,1,0.27871284,0,1,Sell
1691,RKT,2023-05-24 21:48:00,2023-05-24 22:07:00,1,0.8952288,1,1,Buy
51,RKT,2023-05-25 09:08:00,2023-05-25 09:13:00,0,0.9414002,1,0,Buy
7363,RKT,2023-05-25 18:10:00,2023-05-25 18:21:00,0,0.4766845,0,0,Hold
2206,RKT,2023-05-25 20:32:00,2023-05-25 20:47:00,1,0.2702946,0,1,Sell
708,RKT,2023-05-26 10:06:00,2023-05-26 10:36:00,0,0.07168212,0,0,Sell
775,RKT,2023-05-26 16:53:00,2023-05-26 17:04:00,1,0.32582232,0,1,Sell
6561,RKT,2023-05-26 18:22:00,2023-05-26 18:44:00,1,0.38127035,0,1,Sell
5713,RKT,2023-05-27 00:24:00,2023-05-27 00:50:00,0,0.4473391,0,0,Hold
63,RKT,2023-05-27 12:27:00,2023-05-27 12:37:00,0,0.07190037,0,0,Sell
7663,RKT,2023-05-27 18:03:00,2023-05-27 18:32:00,0,0.06823777,0,0,Sell
6581,RKT,2023-05-27 19:09:00,2023-05-27 19:36:00,0,0.37330478,0,0,Sell
4397,RKT,2023-05-27 22:01:00,2023-05-27 22:16:00,1,0.49929807,0,1,Hold
1447,RKT,2023-05-28 00:08:00,2023-05-28 00:34:00,0,0.05432676,0,0,Sell
5815,RKT,2023-05-28 05:18:00,2023-05-28 05:39:00,0,0.052227482,0,0,Sell
6171,RKT,2023-05-28 07:48:00,2023-05-28 08:16:00,0,0.048655357,0,0,Sell
1507,RKT,2023-05-28 16:58:00,2023-05-28 17:11:00,0,0.35185185,0,0,Sell
5064,RKT,2023-05-28 17:11:00,2023-05-28 17:41:00,0,0.045196123,0,0,Sell
5592,RKT,2023-05-28 20:58:00,2023-05-28 21:25:00,0,0.18913984,0,0,Sell
1836,RKT,2023-05-29 18:54:00,2023-05-29 19:04:00,1,0.8316813,1,1,Buy
9431,RKT,2023-05-30 05:54:00,2023-05-30 06:03:00,0,0.26077345,0,0,Sell
6996,RKT,2023-05-31 08:16:00,2023-05-31 08:31:00,0,0.88846636,1,0,Buy
3162,RKT,2023-06-01 15:29:00,2023-06-01 15:46:00,0,0.2950777,0,0,Sell
4342,RKT,2023-06-02 16:21:00,2023-06-02 16:26:00,0,0.05623022,0,0,Sell
4035,RKT,2023-06-02 19:43:00,2023-06-02 20:02:00,1,0.95584375,1,1,Buy
6167,RKT,2023-06-03 01:30:00,2023-06-03 01:50:00,0,0.39010483,0,0,Sell
2117,RKT,2023-06-03 10:26:00,2023-06-03 10:42:00,1,0.95713437,1,1,Buy
2548,RKT,2023-06-03 22:33:00,2023-06-03 22:44:00,0,0.07479299,0,0,Sell
9944,RKT,2023-06-04 00:48:00,2023-06-04 01:11:00,0,0.06554871,0,0,Sell
2478,RKT,2023-06-04 17:26:00,2023-06-04 17:40:00,0,0.0043189307,0,0,Sell
9758,RKT,2023-06-05 15:50:00,2023-06-05 16:09:00,0,0.005830616,0,0,Sell
3592,RKT,2023-06-07 00:57:00,2023-06-07 01:22:00,1,0.062103495,0,1,Sell
9286,RKT,2023-06-07 20:25:00,2023-06-07 20:50:00,1,0.59810656,1,1,Hold
4978,RKT,2023-06-08 03:23:00,2023-06-08 03:51:00,0,0.015867498,0,0,Sell
6129,RKT,2023-06-08 05:24:00,2023-06-08 05:46:00,1,0.38213086,0,1,Sell
4209,RKT,2023-06-08 14:04:00,2023-06-08 14:16:00,1,0.9556503,1,1,Buy
2119,RKT,2023-06-08 20:11:00,2023-06-08 20:19:00,1,0.5423816,1,1,Hold
1317,RKT,2023-06-09 02:35:00,2023-06-09 03:02:00,0,0.40042552,0,0,Hold
4077,RKT,2023-06-10 22:34:00,2023-06-10 22:51:00,0,0.39058033,0,0,Sell
4240,RKT,2023-06-11 21:15:00,2023-06-11 21:31:00,0,0.056637444,0,0,Sell
1460,RKT,2023-06-12 15:25:00,2023-06-12 15:52:00,0,0.33522418,0,0,Sell
8985,RKT,2023-06-12 17:13:00,2023-06-12 17:32:00,1,0.24250537,0,1,Sell
1492,RKT,2023-06-12 21:41:00,2023-06-12 22:04:00,0,0.058187533,0,0,Sell
2526,RKT,2023-06-12 22:21:00,2023-06-12 22:28:00,1,0.9332335,1,1,Buy
3147,RKT,2023-06-13 07:13:00,2023-06-13 07:38:00,0,0.56155235,1,0,Hold
3614,RKT,2023-06-13 08:06:00,2023-06-13 08:30:00,0,0.9453567,1,0,Buy
5368,RKT,2023-06-13 12:08:00,2023-06-13 12:13:00,1,0.49903294,0,1,Hold
1372,RKT,2023-06-13 20:29:00,2023-06-13 20:40:00,0,0.6246154,1,0,Buy
9577,RKT,2023-06-14 17:23:00,2023-06-14 17:53:00,0,0.04832698,0,0,Sell
6817,RKT,2023-06-14 21:01:00,2023-06-14 21:31:00,0,0.7380565,1,0,Buy
6336,RKT,2023-06-15 17:13:00,2023-06-15 17:33:00,1,0.37793216,0,1,Sell
9919,RKT,2023-06-16 03:42:00,2023-06-16 04:08:00,1,0.93275803,1,1,Buy
969,RKT,2023-06-16 14:52:00,2023-06-16 15:01:00,1,0.9489937,1,1,Buy
8858,RKT,2023-06-16 22:36:00,2023-06-16 23:02:00,0,0.088320576,0,0,Sell
5752,RKT,2023-06-17 09:35:00,2023-06-17 09:56:00,0,0.08108336,0,0,Sell
3813,RKT,2023-06-17 12:10:00,2023-06-17 12:29:00,1,0.92595327,1,1,Buy
6228,RKT,2023-06-17 21:51:00,2023-06-17 22:16:00,1,0.4892719,0,1,Hold
2159,RKT,2023-06-18 14:11:00,2023-06-18 14:35:00,0,0.066755444,0,0,Sell
7112,RKT,2023-06-19 02:25:00,2023-06-19 02:54:00,0,0.07818793,0,0,Sell
6905,RKT,2023-06-19 06:36:00,2023-06-19 06:58:00,0,0.07349792,0,0,Sell
8815,RKT,2023-06-19 23:27:00,2023-06-19 23:52:00,1,0.9395931,1,1,Buy
4965,RKT,2023-06-20 02:16:00,2023-06-20 02:42:00,1,0.91422546,1,1,Buy
5919,RKT,2023-06-20 05:49:00,2023-06-20 06:12:00,1,0.93874717,1,1,Buy
8721,RKT,2023-06-20 05:59:00,2023-06-20 06:27:00,1,0.1331284,0,1,Sell
4210,RKT,2023-06-20 23:53:00,2023-06-21 00:06:00,0,0.13228524,0,0,Sell
7089,RKT,2023-06-21 12:08:00,2023-06-21 12:19:00,1,0.9588931,1,1,Buy
2715,RKT,2023-06-21 18:55:00,2023-06-21 19:14:00,1,0.50232893,1,1,Hold
8353,RKT,2023-06-22 00:42:00,2023-06-22 01:01:00,0,0.09964272,0,0,Sell
1952,RKT,2023-06-22 13:54:00,2023-06-22 14:04:00,1,0.9450263,1,1,Buy
6568,RKT,2023-06-23 01:58:00,2023-06-23 02:20:00,1,0.9450134,1,1,Buy
1869,RKT,2023-06-23 06:03:00,2023-06-23 06:16:00,0,0.015177919,0,0,Sell
3672,RKT,2023-06-23 11:36:00,2023-06-23 11:48:00,0,0.10560249,0,0,Sell
2024,RKT,2023-06-23 17:06:00,2023-06-23 17:22:00,0,0.02386894,0,0,Sell
2932,RKT,2023-06-25 16:49:00,2023-06-25 17:05:00,1,0.62363285,1,1,Buy
1534,RKT,2023-06-26 19:53:00,2023-06-26 20:19:00,1,0.64711976,1,1,Buy
1786,RKT,2023-06-27 07:15:00,2023-06-27 07:30:00,1,0.93923914,1,1,Buy
7033,RKT,2023-06-27 23:56:00,2023-06-28 00:02:00,1,0.9556752,1,1,Buy
6270,RKT,2023-06-28 17:57:00,2023-06-28 18:06:00,0,0.122800715,0,0,Sell
3099,RKT,2023-06-29 00:30:00,2023-06-29 00:51:00,1,0.9244912,1,1,Buy
3029,RKT,2023-07-01 02:33:00,2023-07-01 02:38:00,1,0.56143576,1,1,Hold
3115,RKT,2023-07-01 06:24:00,2023-07-01 06:47:00,0,0.6602794,1,0,Buy
3249,RKT,2023-07-01 08:28:00,2023-07-01 08:49:00,0,0.83667773,1,0,Buy
851,RKT,2023-07-01 18:45:00,2023-07-01 18:54:00,0,0.93866825,1,0,Buy
9752,RKT,2023-07-02 09:04:00,2023-07-02 09:29:00,1,0.9381363,1,1,Buy
1461,RKT,2023-07-02 12:19:00,2023-07-02 12:44:00,1,0.48352838,0,1,Hold
1779,RKT,2023-07-02 17:50:00,2023-07-02 18:06:00,0,0.052859217,0,0,Sell
3128,RKT,2023-07-03 02:49:00,2023-07-03 03:12:00,1,0.4067894,0,1,Hold
1740,RKT,2023-07-03 10:19:00,2023-07-03 10:33:00,1,0.9300319,1,1,Buy
6484,RKT,2023-07-03 14:20:00,2023-07-03 14:45:00,0,0.052910175,0,0,Sell
6799,RKT,2023-07-03 15:59:00,2023-07-03 16:16:00,1,0.93765956,1,1,Buy
1169,RKT,2023-07-04 02:22:00,2023-07-04 02:47:00,0,0.41522858,0,0,Hold
8440,RKT,2023-07-05 02:08:00,2023-07-05 02:22:00,0,0.7694098,1,0,Buy
4419,RKT,2023-07-05 23:13:00,2023-07-05 23:34:00,0,0.042988066,0,0,Sell
7897,RKT,2023-07-07 04:51:00,2023-07-07 05:04:00,0,0.39949542,0,0,Sell
8402,RKT,2023-07-07 06:12:00,2023-07-07 06:25:00,1,0.19502687,0,1,Sell
2587,RKT,2023-07-07 06:32:00,2023-07-07 06:54:00,0,0.04434662,0,0,Sell
2075,RKT,2023-07-08 06:55:00,2023-07-08 07:04:00,1,0.285289,0,1,Sell
4186,RKT,2023-07-08 14:58:00,2023-07-08 15:28:00,0,0.06772248,0,0,Sell
4348,RKT,2023-07-08 20:32:00,2023-07-08 20:56:00,1,0.93173265,1,1,Buy
2193,RKT,2023-07-09 01:21:00,2023-07-09 01:51:00,1,0.9291324,1,1,Buy
5358,RKT,2023-07-10 00:41:00,2023-07-10 00:46:00,0,0.08669699,0,0,Sell
9589,RKT,2023-07-10 18:39:00,2023-07-10 19:05:00,1,0.90883213,1,1,Buy
3511,RKT,2023-07-11 11:30:00,2023-07-11 11:43:00,0,0.54277873,1,0,Hold
2018,RKT,2023-07-11 19:35:00,2023-07-11 19:48:00,0,0.37242454,0,0,Sell
1043,RKT,2023-07-11 23:20:00,2023-07-11 23:49:00,0,0.050337628,0,0,Sell
6307,RKT,2023-07-12 15:05:00,2023-07-12 15:31:00,1,0.07676168,0,1,Sell
3799,RKT,2023-07-16 02:40:00,2023-07-16 03:05:00,1,0.9174504,1,1,Buy
3892,RKT,2023-07-16 13:03:00,2023-07-16 13:20:00,0,0.062061332,0,0,Sell
8995,RKT,2023-07-16 20:38:00,2023-07-16 21:03:00,0,0.04644297,0,0,Sell
9418,RKT,2023-07-17 05:48:00,2023-07-17 05:58:00,0,0.08266941,0,0,Sell
2412,RKT,2023-07-18 05:44:00,2023-07-18 05:50:00,1,0.91739815,1,1,Buy
2651,RKT,2023-07-18 06:22:00,2023-07-18 06:42:00,0,0.05927791,0,0,Sell
2443,RKT,2023-07-18 17:32:00,2023-07-18 17:48:00,1,0.8530958,1,1,Buy
8657,RKT,2023-07-20 12:06:00,2023-07-20 12:30:00,0,0.04779202,0,0,Sell
333,RKT,2023-07-20 22:14:00,2023-07-20 22:24:00,0,0.040260434,0,0,Sell
2821,RKT,2023-07-21 19:56:00,2023-07-21 20:01:00,1,0.33982491,0,1,Sell
5790,RKT,2023-07-23 14:41:00,2023-07-23 15:10:00,0,0.04598223,0,0,Sell
8598,RKT,2023-07-23 20:47:00,2023-07-23 20:56:00,0,0.043900453,0,0,Sell
9243,RKT,2023-07-24 07:24:00,2023-07-24 07:40:00,0,0.0692008,0,0,Sell
5613,RKT,2023-07-24 08:52:00,2023-07-24 09:07:00,0,0.15919618,0,0,Sell
5268,RKT,2023-07-24 15:48:00,2023-07-24 15:57:00,1,0.9179552,1,1,Buy
8604,RKT,2023-07-24 18:34:00,2023-07-24 18:40:00,0,0.06451916,0,0,Sell
6011,RKT,2023-07-24 22:47:00,2023-07-24 22:55:00,1,0.92648745,1,1,Buy
5653,RKT,2023-07-25 01:03:00,2023-07-25 01:14:00,0,0.08926699,0,0,Sell
5966,RKT,2023-07-25 05:22:00,2023-07-25 05:46:00,1,0.886542,1,1,Buy
2595,RKT,2023-07-25 09:27:00,2023-07-25 09:45:00,1,0.9069797,1,1,Buy
33,RKT,2023-07-26 18:58:00,2023-07-26 19:24:00,1,0.9504811,1,1,Buy
531,RKT,2023-07-26 23:57:00,2023-07-27 00:11:00,0,0.3171712,0,0,Sell
914,RKT,2023-07-27 01:53:00,2023-07-27 02:18:00,0,0.079155795,0,0,Sell
158,RKT,2023-07-28 19:31:00,2023-07-28 19:39:00,0,0.058941077,0,0,Sell
3560,RKT,2023-07-29 00:32:00,2023-07-29 00:43:00,1,0.9283186,1,1,Buy
6938,RKT,2023-07-29 08:31:00,2023-07-29 08:59:00,1,0.90452105,1,1,Buy
5978,RKT,2023-07-30 10:02:00,2023-07-30 10:20:00,1,0.42769405,0,1,Hold
2402,RKT,2023-07-30 22:33:00,2023-07-30 22:55:00,1,0.502408,1,1,Hold
3519,RKT,2023-08-02 00:25:00,2023-08-02 00:37:00,0,0.39806324,0,0,Sell
6694,RKT,2023-08-03 10:05:00,2023-08-03 10:29:00,1,0.9394652,1,1,Buy
5015,RKT,2023-08-04 07:14:00,2023-08-04 07:28:00,0,0.80648214,1,0,Buy
9468,RKT,2023-08-04 16:10:00,2023-08-04 16:28:00,0,0.082907565,0,0,Sell
264,RKT,2023-08-04 18:30:00,2023-08-04 18:38:00,0,0.35076082,0,0,Sell
6268,RKT,2023-08-05 22:51:00,2023-08-05 23:14:00,1,0.054170113,0,1,Sell
471,RKT,2023-08-06 17:25:00,2023-08-06 17:31:00,0,0.2527638,0,0,Sell
5183,RKT,2023-08-08 12:53:00,2023-08-08 13:15:00,1,0.6620408,1,1,Buy
3466,RKT,2023-08-10 00:02:00,2023-08-10 00:12:00,1,0.9194588,1,1,Buy
1863,RKT,2023-08-10 05:53:00,2023-08-10 06:12:00,0,0.516151,1,0,Hold
1474,RKT,2023-08-10 09:28:00,2023-08-10 09:37:00,1,0.49064955,0,1,Hold
8058,RKT,2023-08-10 19:47:00,2023-08-10 20:17:00,1,0.67369974,1,1,Buy
9245,RKT,2023-08-11 03:27:00,2023-08-11 03:55:00,1,0.92525196,1,1,Buy
2423,RKT,2023-08-11 08:12:00,2023-08-11 08:18:00,0,0.44031322,0,0,Hold
4363,RKT,2023-08-11 13:42:00,2023-08-11 14:02:00,0,0.058315486,0,0,Sell
8919,RKT,2023-08-11 15:17:00,2023-08-11 15:33:00,0,0.049208824,0,0,Sell
1726,RKT,2023-08-12 06:50:00,2023-08-12 07:12:00,0,0.330089,0,0,Sell
4256,RKT,2023-08-12 15:41:00,2023-08-12 15:52:00,0,0.3388669,0,0,Sell
8116,RKT,2023-08-13 06:56:00,2023-08-13 07:12:00,1,0.8738648,1,1,Buy
5678,RKT,2023-08-13 18:36:00,2023-08-13 18:51:00,1,0.36290118,0,1,Sell
9561,RKT,2023-08-13 22:15:00,2023-08-13 22:21:00,0,0.49617696,0,0,Hold
171,RKT,2023-08-14 01:16:00,2023-08-14 01:26:00,0,0.42433804,0,0,Hold
8839,RKT,2023-08-14 04:51:00,2023-08-14 05:19:00,1,0.92117,1,1,Buy
7446,RKT,2023-08-15 02:34:00,2023-08-15 02:45:00,1,0.9217339,1,1,Buy
6596,RKT,2023-08-15 03:58:00,2023-08-15 04:28:00,0,0.08753537,0,0,Sell
2488,RKT,2023-08-15 04:38:00,2023-08-15 05:04:00,0,0.90979123,1,0,Buy
2953,RKT,2023-08-15 14:12:00,2023-08-15 14:21:00,0,0.07286575,0,0,Sell
6758,RKT,2023-08-15 18:00:00,2023-08-15 18:20:00,0,0.073763795,0,0,Sell
539,RKT,2023-08-16 03:35:00,2023-08-16 03:42:00,0,0.061473377,0,0,Sell
1444,RKT,2023-08-16 23:07:00,2023-08-16 23:12:00,0,0.16368696,0,0,Sell
2724,RKT,2023-08-17 01:58:00,2023-08-17 02:28:00,0,0.18213642,0,0,Sell
8643,RKT,2023-08-17 06:36:00,2023-08-17 06:55:00,1,0.2828971,0,1,Sell
4783,RKT,2023-08-17 06:50:00,2023-08-17 06:58:00,1,0.86915135,1,1,Buy
7475,RKT,2023-08-17 11:13:00,2023-08-17 11:26:00,1,0.33369318,0,1,Sell
458,RKT,2023-08-18 03:58:00,2023-08-18 04:22:00,1,0.9315945,1,1,Buy
3615,RKT,2023-08-18 06:45:00,2023-08-18 07:08:00,0,0.93888766,1,0,Buy
3330,RKT,2023-08-18 09:02:00,2023-08-18 09:23:00,0,0.108038366,0,0,Sell
9523,RKT,2023-08-19 21:53:00,2023-08-19 22:01:00,1,0.9458663,1,1,Buy
777,RKT,2023-08-22 14:21:00,2023-08-22 14:32:00,1,0.955026,1,1,Buy
9313,RKT,2023-08-22 22:24:00,2023-08-22 22:41:00,0,0.48165005,0,0,Hold
7528,RKT,2023-08-23 00:09:00,2023-08-23 00:16:00,1,0.8540886,1,1,Buy
3277,RKT,2023-08-23 02:03:00,2023-08-23 02:17:00,1,0.14042638,0,1,Sell
6278,RKT,2023-08-23 08:45:00,2023-08-23 08:58:00,0,0.10131369,0,0,Sell
4627,RKT,2023-08-23 11:14:00,2023-08-23 11:19:00,0,0.05605542,0,0,Sell
4091,RKT,2023-08-24 03:44:00,2023-08-24 04:00:00,0,0.8163071,1,0,Buy
6576,RKT,2023-08-24 04:34:00,2023-08-24 04:42:00,0,0.32936013,0,0,Sell
2427,RKT,2023-08-24 05:51:00,2023-08-24 06:05:00,1,0.082252145,0,1,Sell
911,RKT,2023-08-24 19:15:00,2023-08-24 19:34:00,1,0.07111622,0,1,Sell
4132,RKT,2023-08-25 01:24:00,2023-08-25 01:43:00,0,0.08179504,0,0,Sell
5839,RKT,2023-08-25 12:26:00,2023-08-25 12:32:00,0,0.19727506,0,0,Sell
8920,RKT,2023-08-25 15:13:00,2023-08-25 15:23:00,1,0.8951459,1,1,Buy
3439,RKT,2023-08-25 15:20:00,2023-08-25 15:28:00,1,0.36630177,0,1,Sell
2207,RKT,2023-08-25 19:35:00,2023-08-25 19:50:00,1,0.29940212,0,1,Sell
1980,RKT,2023-08-26 11:24:00,2023-08-26 11:30:00,0,0.078765385,0,0,Sell
3353,RKT,2023-08-26 21:05:00,2023-08-26 21:26:00,0,0.8339707,1,0,Buy
6252,RKT,2023-08-27 05:46:00,2023-08-27 05:56:00,0,0.059074264,0,0,Sell
3070,RKT,2023-08-27 11:05:00,2023-08-27 11:24:00,1,0.92455155,1,1,Buy
2665,RKT,2023-08-27 11:06:00,2023-08-27 11:18:00,0,0.26485732,0,0,Sell
6847,RKT,2023-08-27 13:31:00,2023-08-27 13:44:00,0,0.056130957,0,0,Sell
8379,RKT,2023-08-29 04:33:00,2023-08-29 04:41:00,1,0.3353413,0,1,Sell
6102,RKT,2023-08-29 10:08:00,2023-08-29 10:17:00,0,0.35713863,0,0,Sell
2581,RKT,2023-08-29 12:31:00,2023-08-29 12:52:00,1,0.92264324,1,1,Buy
8770,RKT,2023-08-29 23:19:00,2023-08-29 23:38:00,1,0.94765115,1,1,Buy
4655,RKT,2023-08-30 11:12:00,2023-08-30 11:35:00,0,0.096330255,0,0,Sell
4835,RKT,2023-08-30 17:35:00,2023-08-30 17:49:00,0,0.09195388,0,0,Sell
2498,RKT,2023-08-30 18:18:00,2023-08-30 18:46:00,1,0.91421497,1,1,Buy
4055,RKT,2023-08-30 22:03:00,2023-08-30 22:29:00,1,0.30644077,0,1,Sell
4020,RKT,2023-08-30 23:57:00,2023-08-31 00:12:00,1,0.94619626,1,1,Buy
899,RKT,2023-08-31 09:58:00,2023-08-31 10:15:00,0,0.3732023,0,0,Sell
8176,RKT,2023-08-31 11:12:00,2023-08-31 11:35:00,1,0.9475,1,1,Buy
7094,RKT,2023-09-01 05:42:00,2023-09-01 05:56:00,1,0.9439071,1,1,Buy
3282,RKT,2023-09-02 04:35:00,2023-09-02 05:04:00,0,0.2391931,0,0,Sell
2774,RKT,2023-09-03 03:26:00,2023-09-03 03:54:00,0,0.08549157,0,0,Sell
7006,RKT,2023-09-03 06:49:00,2023-09-03 07:15:00,1,0.33742768,0,1,Sell
5836,RKT,2023-09-04 11:46:00,2023-09-04 11:59:00,0,0.062393993,0,0,Sell
8072,RKT,2023-09-04 20:18:00,2023-09-04 20:30:00,1,0.20401435,0,1,Sell
7627,RKT,2023-09-07 08:31:00,2023-09-07 08:40:00,0,0.22929141,0,0,Sell
9077,RKT,2023-09-08 05:07:00,2023-09-08 05:32:00,1,0.39621034,0,1,Sell
1572,RKT,2023-09-08 23:53:00,2023-09-09 00:07:00,1,0.329272,0,1,Sell
6183,RKT,2023-09-09 09:09:00,2023-09-09 09:37:00,1,0.92038804,1,1,Buy
3861,RKT,2023-09-09 16:38:00,2023-09-09 17:08:00,1,0.5203935,1,1,Hold
8207,RKT,2023-09-10 12:04:00,2023-09-10 12:23:00,1,0.95632344,1,1,Buy
6055,RKT,2023-09-10 13:35:00,2023-09-10 13:54:00,1,0.3787078,0,1,Sell
6672,RKT,2023-09-10 14:47:00,2023-09-10 15:13:00,0,0.8826027,1,0,Buy
6777,RKT,2023-09-11 14:35:00,2023-09-11 15:02:00,0,0.13518368,0,0,Sell
2817,RKT,2023-09-11 16:08:00,2023-09-11 16:14:00,0,0.06511485,0,0,Sell
5664,RKT,2023-09-12 20:02:00,2023-09-12 20:09:00,0,0.05803693,0,0,Sell
4053,RKT,2023-09-12 20:16:00,2023-09-12 20:30:00,0,0.05233982,0,0,Sell
3812,RKT,2023-09-13 02:35:00,2023-09-13 02:54:00,0,0.2825641,0,0,Sell
5582,RKT,2023-09-13 02:39:00,2023-09-13 03:04:00,1,0.8785901,1,1,Buy
8226,RKT,2023-09-13 04:58:00,2023-09-13 05:16:00,0,0.6789595,1,0,Buy
875,RKT,2023-09-13 07:21:00,2023-09-13 07:46:00,1,0.9278826,1,1,Buy
8648,RKT,2023-09-15 06:39:00,2023-09-15 06:54:00,1,0.9380901,1,1,Buy
6504,RKT,2023-09-15 11:11:00,2023-09-15 11:38:00,0,0.6271398,1,0,Buy
1139,RKT,2023-09-16 04:32:00,2023-09-16 04:42:00,0,0.08368326,0,0,Sell
4810,RKT,2023-09-16 17:39:00,2023-09-16 18:06:00,0,0.47339123,0,0,Hold
4052,RKT,2023-09-17 05:55:00,2023-09-17 06:16:00,1,0.93773216,1,1,Buy
5750,RKT,2023-09-18 13:58:00,2023-09-18 14:15:00,0,0.3874318,0,0,Sell
3818,RKT,2023-09-19 09:33:00,2023-09-19 09:57:00,1,0.92121947,1,1,Buy
5993,RKT,2023-09-19 17:26:00,2023-09-19 17:56:00,0,0.11848387,0,0,Sell
2139,RKT,2023-09-20 02:24:00,2023-09-20 02:40:00,1,0.96586853,1,1,Buy
9966,RKT,2023-09-20 02:32:00,2023-09-20 02:41:00,1,0.9633191,1,1,Buy
4808,RKT,2023-09-20 08:22:00,2023-09-20 08:31:00,1,0.9625712,1,1,Buy
2875,RKT,2023-09-20 20:06:00,2023-09-20 20:17:00,1,0.9753464,1,1,Buy
599,RKT,2023-09-20 20:14:00,2023-09-20 20:41:00,0,0.35833773,0,0,Sell
6623,RKT,2023-09-21 17:45:00,2023-09-21 17:58:00,0,0.114045046,0,0,Sell
885,RKT,2023-09-21 20:57:00,2023-09-21 21:22:00,1,0.23386653,0,1,Sell
3532,RKT,2023-09-22 10:08:00,2023-09-22 10:20:00,0,0.052650813,0,0,Sell
3434,RKT,2023-09-22 10:32:00,2023-09-22 10:44:00,1,0.8824012,1,1,Buy
6941,RKT,2023-09-23 12:03:00,2023-09-23 12:29:00,0,0.2840832,0,0,Sell
4110,RKT,2023-09-23 17:38:00,2023-09-23 18:00:00,1,0.3642563,0,1,Sell
3521,RKT,2023-09-23 20:01:00,2023-09-23 20:23:00,1,0.92804223,1,1,Buy
4543,RKT,2023-09-24 00:03:00,2023-09-24 00:09:00,0,0.0740167,0,0,Sell
5162,RKT,2023-09-24 01:31:00,2023-09-24 01:38:00,1,0.9208926,1,1,Buy
7290,RKT,2023-09-24 04:06:00,2023-09-24 04:19:00,1,0.9265661,1,1,Buy
407,RKT,2023-09-24 05:28:00,2023-09-24 05:53:00,1,0.073535986,0,1,Sell
9135,RKT,2023-09-24 14:07:00,2023-09-24 14:14:00,0,0.048390232,0,0,Sell
1753,RKT,2023-09-24 17:50:00,2023-09-24 18:15:00,1,0.9493933,1,1,Buy
6533,RKT,2023-09-24 22:26:00,2023-09-24 22:46:00,0,0.21582744,0,0,Sell
8691,RKT,2023-09-25 12:38:00,2023-09-25 12:54:00,1,0.94413966,1,1,Buy
714,RKT,2023-09-26 11:44:00,2023-09-26 12:00:00,0,0.08653532,0,0,Sell
975,RKT,2023-09-26 13:38:00,2023-09-26 14:02:00,1,0.918135,1,1,Buy
7584,RKT,2023-09-26 20:19:00,2023-09-26 20:37:00,0,0.104741715,0,0,Sell
1127,RKT,2023-09-27 05:16:00,2023-09-27 05:25:00,0,0.6148571,1,0,Buy
6638,RKT,2023-09-27 13:33:00,2023-09-27 13:52:00,0,0.056018565,0,0,Sell
6763,RKT,2023-09-28 00:33:00,2023-09-28 00:43:00,0,0.07278852,0,0,Sell
8114,RKT,2023-09-28 14:03:00,2023-09-28 14:17:00,1,0.9205912,1,1,Buy
7896,RKT,2023-09-28 16:53:00,2023-09-28 16:59:00,0,0.04802245,0,0,Sell
9345,RKT,2023-09-29 00:36:00,2023-09-29 01:01:00,0,0.050839886,0,0,Sell
205,RKT,2023-09-29 01:04:00,2023-09-29 01:24:00,0,0.07056437,0,0,Sell
9709,RKT,2023-09-29 22:15:00,2023-09-29 22:36:00,0,0.5691862,1,0,Hold
1022,RKT,2023-09-30 14:39:00,2023-09-30 14:57:00,1,0.84455335,1,1,Buy
4232,RKT,2023-10-01 08:07:00,2023-10-01 08:17:00,1,0.24708907,0,1,Sell
4079,RKT,2023-10-01 10:35:00,2023-10-01 11:00:00,1,0.9320672,1,1,Buy
6076,RKT,2023-10-02 05:06:00,2023-10-02 05:33:00,1,0.9216718,1,1,Buy
7492,RKT,2023-10-02 05:44:00,2023-10-02 05:57:00,0,0.3817206,0,0,Sell
1937,RKT,2023-10-02 08:09:00,2023-10-02 08:24:00,1,0.7838963,1,1,Buy
1857,RKT,2023-10-02 10:35:00,2023-10-02 11:04:00,0,0.07874073,0,0,Sell
9066,RKT,2023-10-03 04:39:00,2023-10-03 04:55:00,1,0.8989891,1,1,Buy
456,RKT,2023-10-03 10:37:00,2023-10-03 10:54:00,1,0.29617617,0,1,Sell
6131,RKT,2023-10-03 13:49:00,2023-10-03 13:57:00,1,0.9056174,1,1,Buy
9839,RKT,2023-10-03 16:39:00,2023-10-03 17:07:00,1,0.97267795,1,1,Buy
7679,RKT,2023-10-05 05:17:00,2023-10-05 05:42:00,1,0.9620554,1,1,Buy
2156,RKT,2023-10-05 19:17:00,2023-10-05 19:36:00,1,0.98194706,1,1,Buy
7842,RKT,2023-10-06 03:19:00,2023-10-06 03:38:00,0,0.24519347,0,0,Sell
3370,RKT,2023-10-06 09:53:00,2023-10-06 10:20:00,1,0.55600744,1,1,Hold
7238,RKT,2023-10-06 12:37:00,2023-10-06 13:01:00,0,0.064738564,0,0,Sell
4006,RKT,2023-10-06 16:46:00,2023-10-06 17:15:00,0,0.3694138,0,0,Sell
2298,RKT,2023-10-08 00:56:00,2023-10-08 01:22:00,0,0.07936819,0,0,Sell
4925,RKT,2023-10-08 07:53:00,2023-10-08 08:17:00,1,0.25179645,0,1,Sell
2192,RKT,2023-10-08 14:14:00,2023-10-08 14:30:00,0,0.9064144,1,0,Buy
7666,RKT,2023-10-08 14:48:00,2023-10-08 14:59:00,1,0.9089114,1,1,Buy
8927,RKT,2023-10-09 17:54:00,2023-10-09 17:59:00,1,0.5496252,1,1,Hold
8386,RKT,2023-10-09 21:42:00,2023-10-09 21:54:00,0,0.07721388,0,0,Sell
6786,RKT,2023-10-10 02:35:00,2023-10-10 03:00:00,0,0.096820466,0,0,Sell
2834,RKT,2023-10-10 04:41:00,2023-10-10 04:54:00,0,0.07240869,0,0,Sell
3389,RKT,2023-10-11 08:38:00,2023-10-11 09:03:00,1,0.31197724,0,1,Sell
8139,RKT,2023-10-12 11:31:00,2023-10-12 12:01:00,1,0.038455345,0,1,Sell
7144,RKT,2023-10-12 13:12:00,2023-10-12 13:19:00,1,0.70772725,1,1,Buy
18,RKT,2023-10-12 15:13:00,2023-10-12 15:37:00,0,0.21417512,0,0,Sell
3503,RKT,2023-10-12 20:21:00,2023-10-12 20:35:00,1,0.95476496,1,1,Buy
788,RKT,2023-10-12 23:35:00,2023-10-12 23:49:00,1,0.94747156,1,1,Buy
2528,RKT,2023-10-13 10:04:00,2023-10-13 10:18:00,0,0.087445386,0,0,Sell
8442,RKT,2023-10-13 18:27:00,2023-10-13 18:37:00,1,0.6056161,1,1,Buy
3728,RKT,2023-10-13 22:27:00,2023-10-13 22:34:00,0,0.07141964,0,0,Sell
2398,RKT,2023-10-13 22:36:00,2023-10-13 23:03:00,1,0.93523145,1,1,Buy
6585,RKT,2023-10-14 15:20:00,2023-10-14 15:39:00,1,0.8811478,1,1,Buy
532,RKT,2023-10-15 02:45:00,2023-10-15 03:14:00,1,0.8658715,1,1,Buy
4561,RKT,2023-10-15 11:48:00,2023-10-15 12:09:00,0,0.047410075,0,0,Sell
8850,RKT,2023-10-15 14:14:00,2023-10-15 14:35:00,0,0.054757264,0,0,Sell
2596,RKT,2023-10-15 14:30:00,2023-10-15 14:51:00,1,0.9400969,1,1,Buy
4302,RKT,2023-10-15 17:18:00,2023-10-15 17:44:00,0,0.08052162,0,0,Sell
5132,RKT,2023-10-15 22:23:00,2023-10-15 22:44:00,1,0.3899436,0,1,Sell
0,RKT,2023-10-16 04:29:00,2023-10-16 04:48:00,1,0.897916,1,1,Buy
3766,RKT,2023-10-16 15:45:00,2023-10-16 16:00:00,1,0.44169793,0,1,Hold
2147,RKT,2023-10-17 00:38:00,2023-10-17 00:43:00,1,0.9292676,1,1,Buy
8332,RKT,2023-10-17 10:31:00,2023-10-17 10:46:00,0,0.69209963,1,0,Buy
53,RKT,2023-10-17 17:58:00,2023-10-17 18:03:00,1,0.9638585,1,1,Buy
5152,RKT,2023-10-18 00:44:00,2023-10-18 01:06:00,0,0.12931159,0,0,Sell
7710,RKT,2023-10-18 14:01:00,2023-10-18 14:20:00,1,0.89527285,1,1,Buy
2089,RKT,2023-10-18 14:14:00,2023-10-18 14:36:00,1,0.90865546,1,1,Buy
3898,RKT,2023-10-19 02:59:00,2023-10-19 03:09:00,1,0.92484576,1,1,Buy
7354,RKT,2023-10-19 04:18:00,2023-10-19 04:35:00,0,0.40885288,0,0,Hold
3375,RKT,2023-10-20 11:57:00,2023-10-20 12:25:00,1,0.9392157,1,1,Buy
9013,RKT,2023-10-21 12:26:00,2023-10-21 12:32:00,1,0.959075,1,1,Buy
2617,RKT,2023-10-21 17:20:00,2023-10-21 17:46:00,0,0.55609757,1,0,Hold
9515,RKT,2023-10-22 05:09:00,2023-10-22 05:22:00,1,0.94571537,1,1,Buy
7253,RKT,2023-10-22 14:24:00,2023-10-22 14:47:00,1,0.47071487,0,1,Hold
50,RKT,2023-10-22 20:15:00,2023-10-22 20:34:00,0,0.56430084,1,0,Hold
5914,RKT,2023-10-23 03:59:00,2023-10-23 04:08:00,1,0.91091734,1,1,Buy
958,RKT,2023-10-23 12:01:00,2023-10-23 12:18:00,1,0.936442,1,1,Buy
1568,RKT,2023-10-23 22:26:00,2023-10-23 22:37:00,1,0.9434477,1,1,Buy
162,RKT,2023-10-24 17:08:00,2023-10-24 17:16:00,0,0.07576724,0,0,Sell
3637,RKT,2023-10-24 22:48:00,2023-10-24 22:57:00,1,0.94663423,1,1,Buy
1059,RKT,2023-10-27 09:54:00,2023-10-27 10:17:00,0,0.461924,0,0,Hold
7738,RKT,2023-10-27 11:43:00,2023-10-27 12:13:00,0,0.08409003,0,0,Sell
7579,RKT,2023-10-28 04:18:00,2023-10-28 04:32:00,0,0.070119545,0,0,Sell
9731,RKT,2023-10-28 06:16:00,2023-10-28 06:25:00,0,0.05639327,0,0,Sell
5775,RKT,2023-10-28 07:44:00,2023-10-28 08:02:00,0,0.057255145,0,0,Sell
2758,RKT,2023-10-28 10:37:00,2023-10-28 11:05:00,1,0.058082934,0,1,Sell
7963,RKT,2023-10-28 15:01:00,2023-10-28 15:25:00,0,0.038241625,0,0,Sell
2722,RKT,2023-10-28 16:48:00,2023-10-28 17:01:00,0,0.035225473,0,0,Sell
6126,RKT,2023-10-30 02:24:00,2023-10-30 02:39:00,0,0.07271926,0,0,Sell
94,RKT,2023-10-30 08:09:00,2023-10-30 08:32:00,0,0.07072777,0,0,Sell
5079,RKT,2023-10-30 09:35:00,2023-10-30 09:43:00,0,0.05958092,0,0,Sell
3367,RKT,2023-10-30 10:36:00,2023-10-30 10:48:00,1,0.45689577,0,1,Hold
2418,RKT,2023-10-31 02:42:00,2023-10-31 03:02:00,1,0.92124104,1,1,Buy
2872,RKT,2023-11-01 07:48:00,2023-11-01 08:08:00,1,0.9724363,1,1,Buy
4599,RKT,2023-11-02 02:32:00,2023-11-02 02:51:00,0,0.19714943,0,0,Sell
6035,RKT,2023-11-02 22:51:00,2023-11-02 23:09:00,1,0.77024806,1,1,Buy
4865,RKT,2023-11-04 08:57:00,2023-11-04 09:03:00,1,0.9679459,1,1,Buy
7249,RKT,2023-11-06 06:49:00,2023-11-06 07:04:00,0,0.2466888,0,0,Sell
8967,RKT,2023-11-06 23:25:00,2023-11-06 23:31:00,1,0.053482085,0,1,Sell
9199,RKT,2023-11-07 15:11:00,2023-11-07 15:31:00,0,0.05994029,0,0,Sell
254,RKT,2023-11-07 16:49:00,2023-11-07 17:13:00,1,0.077628754,0,1,Sell
1094,RKT,2023-11-08 18:33:00,2023-11-08 18:41:00,1,0.9381629,1,1,Buy
6790,RKT,2023-11-08 19:37:00,2023-11-08 20:02:00,0,0.30748945,0,0,Sell
8642,RKT,2023-11-09 03:48:00,2023-11-09 03:54:00,1,0.90740794,1,1,Buy
3518,RKT,2023-11-09 05:35:00,2023-11-09 05:47:00,0,0.4160287,0,0,Hold
6443,RKT,2023-11-09 14:50:00,2023-11-09 15:04:00,1,0.944451,1,1,Buy
2084,RKT,2023-11-09 23:38:00,2023-11-09 23:56:00,1,0.9430126,1,1,Buy
5410,RKT,2023-11-10 04:36:00,2023-11-10 04:49:00,1,0.41847795,0,1,Hold
2415,RKT,2023-11-10 12:53:00,2023-11-10 13:22:00,1,0.95751655,1,1,Buy
2611,RKT,2023-11-11 05:26:00,2023-11-11 05:50:00,1,0.9367412,1,1,Buy
894,RKT,2023-11-11 09:58:00,2023-11-11 10:11:00,1,0.96958184,1,1,Buy
9172,RKT,2023-11-11 18:43:00,2023-11-11 19:05:00,1,0.9619902,1,1,Buy
8874,RKT,2023-11-11 19:35:00,2023-11-11 19:42:00,0,0.13687147,0,0,Sell
6974,RKT,2023-11-11 20:14:00,2023-11-11 20:32:00,0,0.10522005,0,0,Sell
6660,RKT,2023-11-12 09:08:00,2023-11-12 09:33:00,0,0.22657917,0,0,Sell
1178,RKT,2023-11-12 12:00:00,2023-11-12 12:27:00,1,0.3405788,0,1,Sell
7166,RKT,2023-11-14 00:27:00,2023-11-14 00:57:00,0,0.07958978,0,0,Sell
9079,RKT,2023-11-14 05:24:00,2023-11-14 05:39:00,0,0.07777349,0,0,Sell
5757,RKT,2023-11-14 22:39:00,2023-11-14 23:04:00,1,0.9117119,1,1,Buy
9095,RKT,2023-11-15 02:12:00,2023-11-15 02:19:00,1,0.92035025,1,1,Buy
8560,RKT,2023-11-15 04:15:00,2023-11-15 04:21:00,1,0.92746073,1,1,Buy
6697,RKT,2023-11-16 02:43:00,2023-11-16 02:53:00,1,0.9392646,1,1,Buy
6950,RKT,2023-11-16 08:27:00,2023-11-16 08:55:00,0,0.9514546,1,0,Buy
313,RKT,2023-11-17 02:41:00,2023-11-17 02:50:00,0,0.83946717,1,0,Buy
586,RKT,2023-11-18 15:18:00,2023-11-18 15:27:00,1,0.86125004,1,1,Buy
7982,RKT,2023-11-18 23:25:00,2023-11-18 23:35:00,1,0.666948,1,1,Buy
2703,RKT,2023-11-20 00:57:00,2023-11-20 01:27:00,0,0.44824484,0,0,Hold
5276,RKT,2023-11-20 04:07:00,2023-11-20 04:18:00,0,0.082236014,0,0,Sell
3254,RKT,2023-11-20 05:12:00,2023-11-20 05:30:00,0,0.075073995,0,0,Sell
4505,RKT,2023-11-20 14:10:00,2023-11-20 14:31:00,1,0.8714124,1,1,Buy
6959,RKT,2023-11-20 15:21:00,2023-11-20 15:33:00,0,0.04034518,0,0,Sell
1035,RKT,2023-11-20 21:33:00,2023-11-20 21:55:00,0,0.3736514,0,0,Sell
5643,RKT,2023-11-21 00:21:00,2023-11-21 00:33:00,0,0.8870132,1,0,Buy
4202,RKT,2023-11-21 09:19:00,2023-11-21 09:36:00,1,0.9389386,1,1,Buy
5197,RKT,2023-11-21 10:34:00,2023-11-21 11:01:00,0,0.11658435,0,0,Sell
3805,RKT,2023-11-21 22:56:00,2023-11-21 23:12:00,0,0.067157395,0,0,Sell
4844,RKT,2023-11-22 10:03:00,2023-11-22 10:14:00,1,0.94609064,1,1,Buy
4308,RKT,2023-11-23 05:37:00,2023-11-23 05:47:00,0,0.08152301,0,0,Sell
7886,RKT,2023-11-23 13:58:00,2023-11-23 14:09:00,0,0.03512936,0,0,Sell
8325,RKT,2023-11-23 15:57:00,2023-11-23 16:12:00,0,0.05507814,0,0,Sell
6445,RKT,2023-11-23 16:37:00,2023-11-23 16:44:00,0,0.05076842,0,0,Sell
3822,RKT,2023-11-23 18:29:00,2023-11-23 18:51:00,0,0.033262502,0,0,Sell
955,RKT,2023-11-23 19:19:00,2023-11-23 19:35:00,0,0.039554644,0,0,Sell
9264,RKT,2023-11-24 08:16:00,2023-11-24 08:31:00,0,0.2723301,0,0,Sell
5598,RKT,2023-11-24 09:45:00,2023-11-24 10:09:00,1,0.91128874,1,1,Buy
9701,RKT,2023-11-24 22:21:00,2023-11-24 22:35:00,0,0.3555587,0,0,Sell
1934,RKT,2023-11-25 04:36:00,2023-11-25 05:03:00,1,0.4932163,0,1,Hold
271,RKT,2023-11-25 07:00:00,2023-11-25 07:15:00,0,0.065150715,0,0,Sell
2996,RKT,2023-11-25 08:30:00,2023-11-25 08:45:00,0,0.37474003,0,0,Sell
9949,RKT,2023-11-25 20:06:00,2023-11-25 20:13:00,0,0.58530277,1,0,Hold
1641,RKT,2023-11-27 03:29:00,2023-11-27 03:37:00,0,0.3875629,0,0,Sell
857,RKT,2023-11-27 06:49:00,2023-11-27 07:15:00,1,0.44742125,0,1,Hold
3959,RKT,2023-11-27 12:55:00,2023-11-27 13:23:00,1,0.8895539,1,1,Buy
1410,RKT,2023-11-27 15:47:00,2023-11-27 16:10:00,0,0.9213565,1,0,Buy
9441,RKT,2023-11-28 01:05:00,2023-11-28 01:34:00,1,0.3675643,0,1,Sell
4570,RKT,2023-11-28 02:24:00,2023-11-28 02:40:00,1,0.52586234,1,1,Hold
6134,RKT,2023-11-28 09:52:00,2023-11-28 10:04:00,0,0.080375955,0,0,Sell
7119,RKT,2023-11-28 19:56:00,2023-11-28 20:20:00,1,0.929293,1,1,Buy
5216,RKT,2023-11-29 01:56:00,2023-11-29 02:19:00,1,0.89529836,1,1,Buy
956,RKT,2023-11-29 14:27:00,2023-11-29 14:56:00,1,0.9459784,1,1,Buy
2728,RKT,2023-12-01 19:34:00,2023-12-01 20:01:00,0,0.48757052,0,0,Hold
1738,RKT,2023-12-02 23:21:00,2023-12-02 23:43:00,1,0.9593261,1,1,Buy
5012,RKT,2023-12-03 07:21:00,2023-12-03 07:32:00,0,0.5946478,1,0,Hold
2165,RKT,2023-12-05 01:41:00,2023-12-05 01:53:00,0,0.100418314,0,0,Sell
7819,RKT,2023-12-05 11:19:00,2023-12-05 11:46:00,0,0.12071746,0,0,Sell
1217,RKT,2023-12-05 12:36:00,2023-12-05 13:05:00,0,0.06387084,0,0,Sell
2567,RKT,2023-12-06 18:55:00,2023-12-06 19:22:00,0,0.04759018,0,0,Sell
7832,RKT,2023-12-07 03:18:00,2023-12-07 03:27:00,1,0.14685138,0,1,Sell
2738,RKT,2023-12-07 07:01:00,2023-12-07 07:16:00,1,0.901286,1,1,Buy
3,RKT,2023-12-08 23:38:00,2023-12-09 00:01:00,0,0.08625628,0,0,Sell
711,RKT,2023-12-09 06:28:00,2023-12-09 06:52:00,0,0.0638881,0,0,Sell
4904,RKT,2023-12-10 00:35:00,2023-12-10 01:04:00,1,0.9069242,1,1,Buy
9678,RKT,2023-12-10 07:23:00,2023-12-10 07:32:00,1,0.9431064,1,1,Buy
212,RKT,2023-12-10 17:57:00,2023-12-10 18:14:00,0,0.8299306,1,0,Buy
2269,RKT,2023-12-11 07:19:00,2023-12-11 07:49:00,0,0.09254237,0,0,Sell
7736,RKT,2023-12-11 15:00:00,2023-12-11 15:17:00,0,0.68340683,1,0,Buy
6211,RKT,2023-12-12 01:46:00,2023-12-12 02:06:00,1,0.9301426,1,1,Buy
3573,RKT,2023-12-12 09:58:00,2023-12-12 10:16:00,1,0.81290215,1,1,Buy
3172,RKT,2023-12-12 10:59:00,2023-12-12 11:13:00,1,0.42924306,0,1,Hold
3736,RKT,2023-12-12 14:59:00,2023-12-12 15:13:00,1,0.9536751,1,1,Buy
5334,RKT,2023-12-12 16:11:00,2023-12-12 16:31:00,1,0.95947933,1,1,Buy
8923,RKT,2023-12-13 07:38:00,2023-12-13 07:53:00,0,0.09263807,0,0,Sell
5263,RKT,2023-12-13 12:34:00,2023-12-13 13:03:00,0,0.058766253,0,0,Sell
8346,RKT,2023-12-14 00:47:00,2023-12-14 01:09:00,0,0.052915923,0,0,Sell
1950,RKT,2023-12-14 08:38:00,2023-12-14 08:58:00,1,0.8765263,1,1,Buy
9718,RKT,2023-12-14 10:42:00,2023-12-14 11:04:00,0,0.17312044,0,0,Sell
4550,RKT,2023-12-14 11:48:00,2023-12-14 11:56:00,1,0.8965796,1,1,Buy
8799,RKT,2023-12-14 20:18:00,2023-12-14 20:35:00,0,0.038651433,0,0,Sell
8983,RKT,2023-12-15 16:59:00,2023-12-15 17:27:00,1,0.9470043,1,1,Buy
1449,RKT,2023-12-16 10:48:00,2023-12-16 10:56:00,1,0.9390146,1,1,Buy
8170,RKT,2023-12-16 11:01:00,2023-12-16 11:31:00,0,0.112096116,0,0,Sell
4898,RKT,2023-12-17 12:36:00,2023-12-17 12:45:00,1,0.9455866,1,1,Buy
222,RKT,2023-12-17 21:48:00,2023-12-17 22:05:00,1,0.45086613,0,1,Hold
2632,RKT,2023-12-18 12:36:00,2023-12-18 13:02:00,1,0.8778248,1,1,Buy
5549,RKT,2023-12-18 16:39:00,2023-12-18 17:06:00,1,0.6034234,1,1,Buy
860,RKT,2023-12-18 19:52:00,2023-12-18 20:14:00,1,0.9490284,1,1,Buy
7744,RKT,2023-12-19 02:05:00,2023-12-19 02:10:00,0,0.1734178,0,0,Sell
157,RKT,2023-12-19 02:16:00,2023-12-19 02:36:00,0,0.08659501,0,0,Sell
426,RKT,2023-12-20 00:14:00,2023-12-20 00:19:00,0,0.07941374,0,0,Sell
6512,RKT,2023-12-20 06:21:00,2023-12-20 06:42:00,1,0.88195825,1,1,Buy
703,RKT,2023-12-21 04:17:00,2023-12-21 04:31:00,0,0.43107477,0,0,Hold
8174,RKT,2023-12-21 16:44:00,2023-12-21 17:10:00,0,0.062254608,0,0,Sell
1504,RKT,2023-12-22 14:55:00,2023-12-22 15:10:00,1,0.46016303,0,1,Hold
9551,RKT,2023-12-22 22:30:00,2023-12-22 22:45:00,1,0.9601709,1,1,Buy
1601,RKT,2023-12-23 00:58:00,2023-12-23 01:09:00,0,0.08663827,0,0,Sell
1773,RKT,2023-12-23 02:21:00,2023-12-23 02:35:00,0,0.0768171,0,0,Sell
5071,RKT,2023-12-23 08:12:00,2023-12-23 08:36:00,1,0.9105872,1,1,Buy
5670,RKT,2023-12-23 12:32:00,2023-12-23 13:01:00,1,0.3452086,0,1,Sell
1418,RKT,2023-12-23 14:45:00,2023-12-23 15:03:00,0,0.061548967,0,0,Sell
6994,RKT,2023-12-23 21:50:00,2023-12-23 21:58:00,1,0.06658176,0,1,Sell
4454,RKT,2023-12-24 08:13:00,2023-12-24 08:21:00,0,0.059782844,0,0,Sell
6866,RKT,2023-12-24 15:37:00,2023-12-24 15:56:00,1,0.9169057,1,1,Buy
3127,RKT,2023-12-25 06:25:00,2023-12-25 06:52:00,0,0.072936855,0,0,Sell
893,RKT,2023-12-25 22:55:00,2023-12-25 23:01:00,0,0.05172549,0,0,Sell
1737,RKT,2023-12-26 05:54:00,2023-12-26 06:06:00,1,0.90793604,1,1,Buy
7265,RKT,2023-12-26 06:18:00,2023-12-26 06:31:00,1,0.72553873,1,1,Buy
8374,RKT,2023-12-26 15:48:00,2023-12-26 15:55:00,1,0.93763494,1,1,Buy
3790,RKT,2023-12-27 00:53:00,2023-12-27 01:04:00,1,0.9440931,1,1,Buy
6168,RKT,2023-12-27 06:06:00,2023-12-27 06:18:00,1,0.94562453,1,1,Buy
3482,RKT,2023-12-27 09:40:00,2023-12-27 10:03:00,0,0.18103254,0,0,Sell
1128,RKT,2023-12-28 09:23:00,2023-12-28 09:36:00,1,0.6635581,1,1,Buy
6281,RKT,2023-12-29 00:00:00,2023-12-29 00:22:00,0,0.1178306,0,0,Sell
9641,RKT,2023-12-30 02:11:00,2023-12-30 02:28:00,0,0.14959916,0,0,Sell
3007,RKT,2023-12-30 10:23:00,2023-12-30 10:46:00,1,0.94536334,1,1,Buy
8216,RKT,2023-12-30 11:08:00,2023-12-30 11:31:00,0,0.060950886,0,0,Sell
5360,RKT,2023-12-30 12:40:00,2023-12-30 13:04:00,1,0.34513408,0,1,Sell
6071,RKT,2023-12-30 15:07:00,2023-12-30 15:34:00,1,0.9286286,1,1,Buy
6655,RKT,2023-12-31 10:00:00,2023-12-31 10:05:00,1,0.86341566,1,1,Buy
3270,RKT,2024-01-01 09:22:00,2024-01-01 09:45:00,1,0.93681043,1,1,Buy
122,RKT,2024-01-01 17:08:00,2024-01-01 17:38:00,1,0.9564343,1,1,Buy
7692,RKT,2024-01-01 17:29:00,2024-01-01 17:56:00,1,0.94287246,1,1,Buy
8649,RKT,2024-01-01 17:40:00,2024-01-01 17:56:00,0,0.06410221,0,0,Sell
4626,RKT,2024-01-01 20:59:00,2024-01-01 21:24:00,0,0.06260066,0,0,Sell
5658,SPCE,2023-01-01 10:47:00,2023-01-01 11:14:00,0,0.04153321,0,0,Sell
1396,SPCE,2023-01-01 11:09:00,2023-01-01 11:16:00,1,0.33475602,0,1,Sell
2384,SPCE,2023-01-01 11:39:00,2023-01-01 11:46:00,1,0.95266175,1,1,Buy
6154,SPCE,2023-01-01 13:25:00,2023-01-01 13:39:00,0,0.35057133,0,0,Sell
8189,SPCE,2023-01-01 17:37:00,2023-01-01 17:56:00,0,0.054544427,0,0,Sell
5382,SPCE,2023-01-02 05:40:00,2023-01-02 05:55:00,0,0.08024944,0,0,Sell
2467,SPCE,2023-01-02 07:07:00,2023-01-02 07:19:00,0,0.07074269,0,0,Sell
2202,SPCE,2023-01-02 23:12:00,2023-01-02 23:37:00,1,0.9270384,1,1,Buy
1252,SPCE,2023-01-03 11:42:00,2023-01-03 11:55:00,1,0.93430644,1,1,Buy
3690,SPCE,2023-01-03 13:16:00,2023-01-03 13:41:00,1,0.95705456,1,1,Buy
7766,SPCE,2023-01-03 21:02:00,2023-01-03 21:23:00,1,0.76149094,1,1,Buy
9898,SPCE,2023-01-03 23:28:00,2023-01-03 23:52:00,1,0.7664834,1,1,Buy
1956,SPCE,2023-01-04 17:11:00,2023-01-04 17:34:00,0,0.6262476,1,0,Buy
5953,SPCE,2023-01-04 17:29:00,2023-01-04 17:55:00,0,0.086914614,0,0,Sell
7154,SPCE,2023-01-04 18:40:00,2023-01-04 19:01:00,1,0.9296966,1,1,Buy
3947,SPCE,2023-01-04 21:47:00,2023-01-04 22:01:00,0,0.612861,1,0,Buy
1949,SPCE,2023-01-05 03:47:00,2023-01-05 03:54:00,0,0.062607765,0,0,Sell
4748,SPCE,2023-01-05 05:13:00,2023-01-05 05:39:00,0,0.088776305,0,0,Sell
8872,SPCE,2023-01-06 23:31:00,2023-01-06 23:55:00,0,0.054999527,0,0,Sell
398,SPCE,2023-01-07 06:29:00,2023-01-07 06:59:00,1,0.93611383,1,1,Buy
7320,SPCE,2023-01-07 14:45:00,2023-01-07 15:03:00,0,0.05758414,0,0,Sell
1141,SPCE,2023-01-07 21:25:00,2023-01-07 21:35:00,0,0.05347615,0,0,Sell
3972,SPCE,2023-01-08 18:37:00,2023-01-08 18:42:00,0,0.046905972,0,0,Sell
7206,SPCE,2023-01-08 20:48:00,2023-01-08 21:04:00,1,0.92823654,1,1,Buy
7130,SPCE,2023-01-09 08:01:00,2023-01-09 08:11:00,0,0.35769382,0,0,Sell
6704,SPCE,2023-01-09 13:41:00,2023-01-09 13:56:00,0,0.058749963,0,0,Sell
5834,SPCE,2023-01-09 16:52:00,2023-01-09 17:07:00,1,0.9382675,1,1,Buy
5542,SPCE,2023-01-10 07:18:00,2023-01-10 07:24:00,0,0.8903543,1,0,Buy
9267,SPCE,2023-01-10 13:59:00,2023-01-10 14:22:00,0,0.4845309,0,0,Hold
7065,SPCE,2023-01-10 23:10:00,2023-01-10 23:20:00,1,0.3771947,0,1,Sell
2292,SPCE,2023-01-11 16:51:00,2023-01-11 17:09:00,1,0.5554888,1,1,Hold
2557,SPCE,2023-01-12 04:16:00,2023-01-12 04:31:00,1,0.93312705,1,1,Buy
1440,SPCE,2023-01-12 08:45:00,2023-01-12 09:05:00,0,0.0949623,0,0,Sell
215,SPCE,2023-01-12 20:26:00,2023-01-12 20:32:00,0,0.061512716,0,0,Sell
9640,SPCE,2023-01-14 16:57:00,2023-01-14 17:06:00,0,0.3103406,0,0,Sell
3816,SPCE,2023-01-14 18:34:00,2023-01-14 19:04:00,0,0.06284381,0,0,Sell
2700,SPCE,2023-01-15 09:57:00,2023-01-15 10:09:00,1,0.9375818,1,1,Buy
5977,SPCE,2023-01-15 21:36:00,2023-01-15 21:50:00,1,0.9433633,1,1,Buy
2810,SPCE,2023-01-16 07:52:00,2023-01-16 08:22:00,1,0.91394126,1,1,Buy
1271,SPCE,2023-01-16 12:36:00,2023-01-16 13:06:00,0,0.110634185,0,0,Sell
9762,SPCE,2023-01-16 14:47:00,2023-01-16 15:11:00,1,0.46902406,0,1,Hold
3062,SPCE,2023-01-16 19:40:00,2023-01-16 19:56:00,1,0.17945907,0,1,Sell
9340,SPCE,2023-01-17 04:14:00,2023-01-17 04:21:00,1,0.9213321,1,1,Buy
3952,SPCE,2023-01-17 04:34:00,2023-01-17 04:58:00,1,0.56410676,1,1,Hold
2181,SPCE,2023-01-17 11:09:00,2023-01-17 11:18:00,1,0.53042614,1,1,Hold
3224,SPCE,2023-01-17 12:30:00,2023-01-17 12:37:00,1,0.9464594,1,1,Buy
3707,SPCE,2023-01-17 13:06:00,2023-01-17 13:11:00,0,0.95044255,1,0,Buy
9668,SPCE,2023-01-17 13:20:00,2023-01-17 13:42:00,1,0.9513476,1,1,Buy
2101,SPCE,2023-01-17 15:33:00,2023-01-17 15:38:00,0,0.7739433,1,0,Buy
4984,SPCE,2023-01-17 20:27:00,2023-01-17 20:41:00,1,0.9491958,1,1,Buy
521,SPCE,2023-01-18 10:07:00,2023-01-18 10:12:00,0,0.4319288,0,0,Hold
9679,SPCE,2023-01-19 19:18:00,2023-01-19 19:45:00,0,0.7543473,1,0,Buy
8092,SPCE,2023-01-20 03:24:00,2023-01-20 03:45:00,0,0.07963825,0,0,Sell
6885,SPCE,2023-01-20 07:38:00,2023-01-20 07:54:00,1,0.5472018,1,1,Hold
1457,SPCE,2023-01-20 09:56:00,2023-01-20 10:03:00,0,0.059453316,0,0,Sell
1730,SPCE,2023-01-21 13:43:00,2023-01-21 14:11:00,0,0.35488528,0,0,Sell
7850,SPCE,2023-01-21 17:52:00,2023-01-21 18:11:00,0,0.050461505,0,0,Sell
4600,SPCE,2023-01-21 18:39:00,2023-01-21 18:52:00,1,0.9387101,1,1,Buy
6013,SPCE,2023-01-22 06:50:00,2023-01-22 07:05:00,1,0.92567587,1,1,Buy
1522,SPCE,2023-01-24 14:11:00,2023-01-24 14:31:00,1,0.9567058,1,1,Buy
3787,SPCE,2023-01-25 00:01:00,2023-01-25 00:09:00,0,0.6967272,1,0,Buy
7344,SPCE,2023-01-25 01:52:00,2023-01-25 02:00:00,0,0.11648251,0,0,Sell
3839,SPCE,2023-01-25 03:34:00,2023-01-25 03:48:00,0,0.10976796,0,0,Sell
684,SPCE,2023-01-25 04:12:00,2023-01-25 04:41:00,1,0.9364495,1,1,Buy
9934,SPCE,2023-01-25 05:50:00,2023-01-25 06:03:00,0,0.32686573,0,0,Sell
3668,SPCE,2023-01-25 20:44:00,2023-01-25 20:50:00,0,0.27891335,0,0,Sell
8925,SPCE,2023-01-25 22:21:00,2023-01-25 22:26:00,1,0.9241003,1,1,Buy
9366,SPCE,2023-01-26 23:15:00,2023-01-26 23:31:00,0,0.12694189,0,0,Sell
6329,SPCE,2023-01-27 04:23:00,2023-01-27 04:34:00,1,0.8991839,1,1,Buy
705,SPCE,2023-01-27 05:47:00,2023-01-27 06:07:00,0,0.2555775,0,0,Sell
7329,SPCE,2023-01-28 09:00:00,2023-01-28 09:25:00,0,0.061295815,0,0,Sell
2395,SPCE,2023-01-28 10:01:00,2023-01-28 10:28:00,0,0.9237465,1,0,Buy
9592,SPCE,2023-01-29 00:46:00,2023-01-29 01:05:00,0,0.060757667,0,0,Sell
6762,SPCE,2023-01-29 02:59:00,2023-01-29 03:21:00,1,0.8447003,1,1,Buy
3113,SPCE,2023-01-29 12:09:00,2023-01-29 12:32:00,1,0.91697353,1,1,Buy
8871,SPCE,2023-01-30 12:54:00,2023-01-30 13:04:00,0,0.060125764,0,0,Sell
5607,SPCE,2023-01-30 13:41:00,2023-01-30 13:58:00,1,0.91114473,1,1,Buy
7472,SPCE,2023-01-31 00:31:00,2023-01-31 00:54:00,0,0.10596239,0,0,Sell
6802,SPCE,2023-01-31 01:03:00,2023-01-31 01:14:00,1,0.90701216,1,1,Buy
4475,SPCE,2023-01-31 12:27:00,2023-01-31 12:39:00,0,0.43855995,0,0,Hold
2568,SPCE,2023-01-31 15:51:00,2023-01-31 16:06:00,1,0.92450726,1,1,Buy
5976,SPCE,2023-01-31 17:48:00,2023-01-31 17:57:00,0,0.06956177,0,0,Sell
3941,SPCE,2023-02-01 07:12:00,2023-02-01 07:23:00,0,0.058723632,0,0,Sell
6212,SPCE,2023-02-02 15:36:00,2023-02-02 15:41:00,1,0.41802943,0,1,Hold
3267,SPCE,2023-02-02 16:23:00,2023-02-02 16:46:00,0,0.08403848,0,0,Sell
3372,SPCE,2023-02-03 02:20:00,2023-02-03 02:48:00,0,0.071170725,0,0,Sell
5186,SPCE,2023-02-03 05:07:00,2023-02-03 05:23:00,0,0.54987323,1,0,Hold
1797,SPCE,2023-02-03 13:12:00,2023-02-03 13:34:00,1,0.15482102,0,1,Sell
6384,SPCE,2023-02-06 02:29:00,2023-02-06 02:45:00,0,0.09031421,0,0,Sell
2105,SPCE,2023-02-06 04:09:00,2023-02-06 04:17:00,0,0.07500923,0,0,Sell
3889,SPCE,2023-02-06 16:07:00,2023-02-06 16:23:00,0,0.06158873,0,0,Sell
6364,SPCE,2023-02-06 23:16:00,2023-02-06 23:34:00,1,0.9016713,1,1,Buy
2592,SPCE,2023-02-07 05:58:00,2023-02-07 06:18:00,1,0.92284954,1,1,Buy
7214,SPCE,2023-02-07 09:10:00,2023-02-07 09:33:00,0,0.82518023,1,0,Buy
9059,SPCE,2023-02-07 22:37:00,2023-02-07 22:49:00,1,0.9419322,1,1,Buy
3853,SPCE,2023-02-07 23:30:00,2023-02-07 23:44:00,0,0.768924,1,0,Buy
2516,SPCE,2023-02-08 02:55:00,2023-02-08 03:03:00,1,0.09580167,0,1,Sell
1434,SPCE,2023-02-08 19:56:00,2023-02-08 20:03:00,0,0.47828352,0,0,Hold
5596,SPCE,2023-02-09 18:39:00,2023-02-09 18:54:00,0,0.059792716,0,0,Sell
9514,SPCE,2023-02-10 08:15:00,2023-02-10 08:27:00,0,0.16960447,0,0,Sell
2740,SPCE,2023-02-10 13:03:00,2023-02-10 13:25:00,0,0.05894564,0,0,Sell
3531,SPCE,2023-02-11 12:34:00,2023-02-11 12:52:00,1,0.19817197,0,1,Sell
8644,SPCE,2023-02-11 14:26:00,2023-02-11 14:53:00,1,0.9081786,1,1,Buy
4640,SPCE,2023-02-12 06:39:00,2023-02-12 06:48:00,0,0.07292922,0,0,Sell
5635,SPCE,2023-02-12 15:13:00,2023-02-12 15:27:00,1,0.4331015,0,1,Hold
2120,SPCE,2023-02-12 18:52:00,2023-02-12 19:17:00,0,0.52936727,1,0,Hold
8978,SPCE,2023-02-13 20:20:00,2023-02-13 20:27:00,1,0.9023084,1,1,Buy
7638,SPCE,2023-02-13 20:55:00,2023-02-13 21:19:00,0,0.07208506,0,0,Sell
9063,SPCE,2023-02-14 01:07:00,2023-02-14 01:34:00,1,0.90873253,1,1,Buy
3724,SPCE,2023-02-14 02:31:00,2023-02-14 02:45:00,1,0.50047296,1,1,Hold
7099,SPCE,2023-02-14 09:06:00,2023-02-14 09:12:00,0,0.52454364,1,0,Hold
3976,SPCE,2023-02-14 10:28:00,2023-02-14 10:47:00,0,0.4050105,0,0,Hold
5219,SPCE,2023-02-14 17:43:00,2023-02-14 18:06:00,0,0.53994983,1,0,Hold
704,SPCE,2023-02-14 21:40:00,2023-02-14 21:54:00,1,0.96750814,1,1,Buy
6482,SPCE,2023-02-15 05:00:00,2023-02-15 05:06:00,0,0.74960786,1,0,Buy
529,SPCE,2023-02-15 19:44:00,2023-02-15 19:54:00,0,0.66267437,1,0,Buy
3294,SPCE,2023-02-16 03:55:00,2023-02-16 04:08:00,0,0.118754745,0,0,Sell
7722,SPCE,2023-02-16 09:35:00,2023-02-16 10:00:00,1,0.64235413,1,1,Buy
9140,SPCE,2023-02-16 12:04:00,2023-02-16 12:25:00,1,0.2670029,0,1,Sell
2893,SPCE,2023-02-17 00:18:00,2023-02-17 00:40:00,1,0.9639479,1,1,Buy
4784,SPCE,2023-02-17 17:48:00,2023-02-17 17:59:00,1,0.9764098,1,1,Buy
19,SPCE,2023-02-17 19:27:00,2023-02-17 19:34:00,0,0.17841837,0,0,Sell
6732,SPCE,2023-02-18 04:43:00,2023-02-18 05:03:00,1,0.72265947,1,1,Buy
6422,SPCE,2023-02-18 05:26:00,2023-02-18 05:43:00,1,0.81876785,1,1,Buy
8241,SPCE,2023-02-18 08:03:00,2023-02-18 08:15:00,1,0.095514864,0,1,Sell
2439,SPCE,2023-02-18 09:43:00,2023-02-18 10:08:00,0,0.055552877,0,0,Sell
16,SPCE,2023-02-18 16:18:00,2023-02-18 16:39:00,0,0.66427714,1,0,Buy
1642,SPCE,2023-02-19 04:17:00,2023-02-19 04:47:00,0,0.2570658,0,0,Sell
5325,SPCE,2023-02-19 12:27:00,2023-02-19 12:50:00,0,0.057145786,0,0,Sell
7133,SPCE,2023-02-19 15:41:00,2023-02-19 16:01:00,0,0.04091943,0,0,Sell
8562,SPCE,2023-02-19 22:37:00,2023-02-19 22:42:00,0,0.046371143,0,0,Sell
953,SPCE,2023-02-19 23:42:00,2023-02-19 23:57:00,0,0.03909362,0,0,Sell
2473,SPCE,2023-02-20 09:18:00,2023-02-20 09:36:00,0,0.30221084,0,0,Sell
7991,SPCE,2023-02-21 21:53:00,2023-02-21 22:17:00,1,0.16650835,0,1,Sell
9964,SPCE,2023-02-21 22:20:00,2023-02-21 22:31:00,0,0.32051578,0,0,Sell
6363,SPCE,2023-02-22 09:22:00,2023-02-22 09:52:00,0,0.078155994,0,0,Sell
6899,SPCE,2023-02-23 03:48:00,2023-02-23 04:11:00,0,0.14706437,0,0,Sell
1397,SPCE,2023-02-23 12:42:00,2023-02-23 13:05:00,0,0.12640904,0,0,Sell
9999,SPCE,2023-02-24 10:57:00,2023-02-24 11:19:00,0,0.061529823,0,0,Sell
8706,SPCE,2023-02-24 13:50:00,2023-02-24 14:02:00,1,0.90422255,1,1,Buy
5639,SPCE,2023-02-24 16:56:00,2023-02-24 17:22:00,0,0.10133017,0,0,Sell
5779,SPCE,2023-02-25 01:47:00,2023-02-25 01:56:00,1,0.91448146,1,1,Buy
4257,SPCE,2023-02-25 06:34:00,2023-02-25 06:42:00,1,0.9393796,1,1,Buy
7870,SPCE,2023-02-25 16:40:00,2023-02-25 17:08:00,1,0.9679497,1,1,Buy
4258,SPCE,2023-02-26 10:30:00,2023-02-26 10:43:00,1,0.56070054,1,1,Hold
7798,SPCE,2023-02-26 12:45:00,2023-02-26 12:58:00,1,0.9645382,1,1,Buy
6820,SPCE,2023-02-26 15:42:00,2023-02-26 15:54:00,0,0.15157945,0,0,Sell
8578,SPCE,2023-02-28 07:29:00,2023-02-28 07:48:00,1,0.52826834,1,1,Hold
1577,SPCE,2023-02-28 16:01:00,2023-02-28 16:06:00,0,0.5418156,1,0,Hold
7221,SPCE,2023-02-28 16:52:00,2023-02-28 17:15:00,0,0.07328667,0,0,Sell
9150,SPCE,2023-02-28 20:51:00,2023-02-28 21:07:00,1,0.6199852,1,1,Buy
5659,SPCE,2023-03-01 00:15:00,2023-03-01 00:20:00,1,0.90936977,1,1,Buy
223,SPCE,2023-03-01 01:55:00,2023-03-01 02:17:00,1,0.9110906,1,1,Buy
6060,SPCE,2023-03-01 05:45:00,2023-03-01 06:02:00,0,0.78807074,1,0,Buy
272,SPCE,2023-03-01 17:39:00,2023-03-01 17:56:00,0,0.073999666,0,0,Sell
7128,SPCE,2023-03-02 04:19:00,2023-03-02 04:46:00,1,0.9228812,1,1,Buy
837,SPCE,2023-03-02 14:51:00,2023-03-02 15:20:00,1,0.46597466,0,1,Hold
745,SPCE,2023-03-02 17:28:00,2023-03-02 17:46:00,0,0.46168947,0,0,Hold
1549,SPCE,2023-03-02 18:47:00,2023-03-02 18:59:00,0,0.35298756,0,0,Sell
5921,SPCE,2023-03-02 22:35:00,2023-03-02 22:52:00,1,0.95117724,1,1,Buy
3123,SPCE,2023-03-02 23:00:00,2023-03-02 23:29:00,1,0.5521486,1,1,Hold
2373,SPCE,2023-03-02 23:06:00,2023-03-02 23:19:00,1,0.934032,1,1,Buy
6495,SPCE,2023-03-03 01:19:00,2023-03-03 01:42:00,0,0.08754397,0,0,Sell
8430,SPCE,2023-03-04 09:38:00,2023-03-04 10:01:00,0,0.08452374,0,0,Sell
3966,SPCE,2023-03-05 04:38:00,2023-03-05 04:58:00,1,0.6061341,1,1,Buy
3179,SPCE,2023-03-06 07:20:00,2023-03-06 07:33:00,0,0.12093821,0,0,Sell
4237,SPCE,2023-03-06 11:46:00,2023-03-06 12:11:00,0,0.34240776,0,0,Sell
1876,SPCE,2023-03-06 18:40:00,2023-03-06 18:59:00,0,0.06705393,0,0,Sell
807,SPCE,2023-03-06 20:26:00,2023-03-06 20:47:00,1,0.15201582,0,1,Sell
7735,SPCE,2023-03-06 21:54:00,2023-03-06 22:04:00,1,0.9257308,1,1,Buy
5926,SPCE,2023-03-06 22:08:00,2023-03-06 22:14:00,1,0.9387969,1,1,Buy
5656,SPCE,2023-03-07 13:19:00,2023-03-07 13:33:00,1,0.46704638,0,1,Hold
7441,SPCE,2023-03-08 09:13:00,2023-03-08 09:28:00,0,0.08698232,0,0,Sell
6886,SPCE,2023-03-08 16:13:00,2023-03-08 16:19:00,1,0.60110354,1,1,Buy
5351,SPCE,2023-03-08 22:37:00,2023-03-08 22:52:00,0,0.0819888,0,0,Sell
6067,SPCE,2023-03-09 04:36:00,2023-03-09 04:57:00,0,0.05591865,0,0,Sell
7912,SPCE,2023-03-09 19:52:00,2023-03-09 19:57:00,0,0.04322186,0,0,Sell
3283,SPCE,2023-03-10 04:05:00,2023-03-10 04:19:00,0,0.2111867,0,0,Sell
8121,SPCE,2023-03-10 21:02:00,2023-03-10 21:18:00,0,0.039039053,0,0,Sell
2706,SPCE,2023-03-10 21:33:00,2023-03-10 21:43:00,1,0.8935256,1,1,Buy
2519,SPCE,2023-03-11 01:29:00,2023-03-11 01:55:00,1,0.8864479,1,1,Buy
7257,SPCE,2023-03-11 08:12:00,2023-03-11 08:23:00,1,0.9530524,1,1,Buy
4564,SPCE,2023-03-11 11:21:00,2023-03-11 11:29:00,1,0.6246162,1,1,Buy
6401,SPCE,2023-03-11 20:11:00,2023-03-11 20:37:00,1,0.96611595,1,1,Buy
9829,SPCE,2023-03-12 02:50:00,2023-03-12 03:11:00,0,0.092196204,0,0,Sell
7349,SPCE,2023-03-12 05:00:00,2023-03-12 05:08:00,0,0.09139275,0,0,Sell
5074,SPCE,2023-03-12 08:03:00,2023-03-12 08:14:00,0,0.051823597,0,0,Sell
2885,SPCE,2023-03-12 10:06:00,2023-03-12 10:27:00,0,0.34230053,0,0,Sell
8497,SPCE,2023-03-12 17:10:00,2023-03-12 17:29:00,1,0.8608594,1,1,Buy
5843,SPCE,2023-03-13 10:50:00,2023-03-13 11:07:00,1,0.4840313,0,1,Hold
4847,SPCE,2023-03-13 15:10:00,2023-03-13 15:37:00,0,0.054123286,0,0,Sell
4456,SPCE,2023-03-13 19:22:00,2023-03-13 19:47:00,0,0.84345967,1,0,Buy
86,SPCE,2023-03-14 10:18:00,2023-03-14 10:43:00,0,0.050218478,0,0,Sell
4068,SPCE,2023-03-14 14:22:00,2023-03-14 14:50:00,1,0.9006201,1,1,Buy
383,SPCE,2023-03-14 18:55:00,2023-03-14 19:22:00,0,0.0376545,0,0,Sell
2381,SPCE,2023-03-15 06:47:00,2023-03-15 06:56:00,1,0.90756434,1,1,Buy
4265,SPCE,2023-03-15 07:22:00,2023-03-15 07:50:00,1,0.9140486,1,1,Buy
2687,SPCE,2023-03-15 13:20:00,2023-03-15 13:49:00,0,0.11816908,0,0,Sell
6298,SPCE,2023-03-15 22:44:00,2023-03-15 23:04:00,0,0.08748244,0,0,Sell
9723,SPCE,2023-03-16 01:01:00,2023-03-16 01:24:00,0,0.8956489,1,0,Buy
1662,SPCE,2023-03-16 01:28:00,2023-03-16 01:39:00,1,0.8866752,1,1,Buy
2849,SPCE,2023-03-17 20:13:00,2023-03-17 20:27:00,0,0.03783686,0,0,Sell
9865,SPCE,2023-03-19 06:01:00,2023-03-19 06:14:00,1,0.23244476,0,1,Sell
3421,SPCE,2023-03-19 22:35:00,2023-03-19 22:45:00,1,0.9429892,1,1,Buy
7643,SPCE,2023-03-20 02:43:00,2023-03-20 02:50:00,1,0.6170511,1,1,Buy
809,SPCE,2023-03-21 19:55:00,2023-03-21 20:20:00,1,0.40680563,0,1,Hold
5212,SPCE,2023-03-22 00:47:00,2023-03-22 00:56:00,1,0.68174267,1,1,Buy
8133,SPCE,2023-03-22 09:08:00,2023-03-22 09:15:00,1,0.5785106,1,1,Hold
3524,SPCE,2023-03-24 00:41:00,2023-03-24 00:48:00,1,0.89803475,1,1,Buy
2529,SPCE,2023-03-24 10:16:00,2023-03-24 10:33:00,1,0.9555008,1,1,Buy
6255,SPCE,2023-03-24 16:02:00,2023-03-24 16:24:00,0,0.12429721,0,0,Sell
5985,SPCE,2023-03-25 00:11:00,2023-03-25 00:31:00,0,0.54895717,1,0,Hold
574,SPCE,2023-03-25 02:00:00,2023-03-25 02:28:00,0,0.91427505,1,0,Buy
3122,SPCE,2023-03-25 12:23:00,2023-03-25 12:50:00,1,0.9484829,1,1,Buy
9370,SPCE,2023-03-26 02:58:00,2023-03-26 03:16:00,0,0.47579777,0,0,Hold
5867,SPCE,2023-03-26 23:11:00,2023-03-26 23:34:00,0,0.083522536,0,0,Sell
4081,SPCE,2023-03-27 08:48:00,2023-03-27 09:15:00,1,0.9161948,1,1,Buy
9706,SPCE,2023-03-27 09:16:00,2023-03-27 09:23:00,0,0.0822745,0,0,Sell
7513,SPCE,2023-03-27 10:19:00,2023-03-27 10:47:00,1,0.91624665,1,1,Buy
9901,SPCE,2023-03-28 08:52:00,2023-03-28 09:06:00,1,0.937051,1,1,Buy
9866,SPCE,2023-03-29 22:41:00,2023-03-29 23:00:00,0,0.82563406,1,0,Buy
656,SPCE,2023-03-30 09:02:00,2023-03-30 09:18:00,0,0.9336451,1,0,Buy
3946,SPCE,2023-03-30 21:29:00,2023-03-30 21:45:00,1,0.67672855,1,1,Buy
3039,SPCE,2023-03-31 17:17:00,2023-03-31 17:47:00,0,0.09541188,0,0,Sell
6997,SPCE,2023-03-31 19:18:00,2023-03-31 19:28:00,1,0.5303555,1,1,Hold
8348,SPCE,2023-04-01 02:56:00,2023-04-01 03:18:00,0,0.08312091,0,0,Sell
5744,SPCE,2023-04-01 13:46:00,2023-04-01 14:10:00,1,0.7712634,1,1,Buy
4486,SPCE,2023-04-01 18:28:00,2023-04-01 18:44:00,1,0.9539854,1,1,Buy
4616,SPCE,2023-04-02 07:11:00,2023-04-02 07:27:00,1,0.94008124,1,1,Buy
7742,SPCE,2023-04-02 08:27:00,2023-04-02 08:53:00,0,0.07982051,0,0,Sell
1081,SPCE,2023-04-02 11:56:00,2023-04-02 12:14:00,0,0.48477396,0,0,Hold
5999,SPCE,2023-04-03 15:56:00,2023-04-03 16:11:00,1,0.93517065,1,1,Buy
4585,SPCE,2023-04-04 04:20:00,2023-04-04 04:47:00,1,0.9102649,1,1,Buy
8351,SPCE,2023-04-04 13:45:00,2023-04-04 14:07:00,0,0.3416541,0,0,Sell
165,SPCE,2023-04-05 00:56:00,2023-04-05 01:22:00,0,0.083327174,0,0,Sell
5154,SPCE,2023-04-05 04:30:00,2023-04-05 04:39:00,1,0.9140351,1,1,Buy
9385,SPCE,2023-04-05 05:34:00,2023-04-05 06:03:00,1,0.9372867,1,1,Buy
2,SPCE,2023-04-06 06:47:00,2023-04-06 07:12:00,0,0.07785243,0,0,Sell
9720,SPCE,2023-04-07 05:46:00,2023-04-07 05:53:00,1,0.9474448,1,1,Buy
3821,SPCE,2023-04-07 06:42:00,2023-04-07 07:09:00,1,0.9449705,1,1,Buy
2242,SPCE,2023-04-07 14:57:00,2023-04-07 15:19:00,0,0.16309457,0,0,Sell
4128,SPCE,2023-04-07 21:56:00,2023-04-07 22:18:00,1,0.955188,1,1,Buy
5315,SPCE,2023-04-08 01:50:00,2023-04-08 02:02:00,1,0.9396918,1,1,Buy
5673,SPCE,2023-04-08 11:20:00,2023-04-08 11:43:00,1,0.83375275,1,1,Buy
4012,SPCE,2023-04-08 18:08:00,2023-04-08 18:28:00,0,0.092557974,0,0,Sell
1435,SPCE,2023-04-09 02:00:00,2023-04-09 02:28:00,0,0.08924603,0,0,Sell
353,SPCE,2023-04-09 03:52:00,2023-04-09 04:00:00,0,0.05727516,0,0,Sell
1971,SPCE,2023-04-10 04:55:00,2023-04-10 05:02:00,0,0.27914378,0,0,Sell
1755,SPCE,2023-04-10 08:49:00,2023-04-10 09:03:00,1,0.538211,1,1,Hold
8714,SPCE,2023-04-10 10:34:00,2023-04-10 10:57:00,0,0.909002,1,0,Buy
1433,SPCE,2023-04-10 17:49:00,2023-04-10 18:18:00,1,0.91283554,1,1,Buy
6751,SPCE,2023-04-10 19:23:00,2023-04-10 19:46:00,1,0.93458295,1,1,Buy
2886,SPCE,2023-04-11 11:46:00,2023-04-11 12:03:00,0,0.107906334,0,0,Sell
7347,SPCE,2023-04-12 14:23:00,2023-04-12 14:30:00,0,0.40397295,0,0,Hold
6073,SPCE,2023-04-13 08:40:00,2023-04-13 09:05:00,1,0.9415134,1,1,Buy
6299,SPCE,2023-04-13 14:59:00,2023-04-13 15:08:00,1,0.9564443,1,1,Buy
5294,SPCE,2023-04-13 15:58:00,2023-04-13 16:08:00,1,0.9529161,1,1,Buy
1381,SPCE,2023-04-14 03:52:00,2023-04-14 04:12:00,1,0.61480796,1,1,Buy
692,SPCE,2023-04-14 06:21:00,2023-04-14 06:32:00,1,0.94693434,1,1,Buy
1177,SPCE,2023-04-14 06:42:00,2023-04-14 06:53:00,0,0.11282746,0,0,Sell
676,SPCE,2023-04-14 22:06:00,2023-04-14 22:23:00,1,0.7075726,1,1,Buy
6539,SPCE,2023-04-15 03:23:00,2023-04-15 03:49:00,1,0.93460023,1,1,Buy
4438,SPCE,2023-04-15 22:54:00,2023-04-15 23:14:00,0,0.056307413,0,0,Sell
8456,SPCE,2023-04-16 01:39:00,2023-04-16 02:06:00,0,0.46426287,0,0,Hold
5870,SPCE,2023-04-16 16:49:00,2023-04-16 16:57:00,1,0.9346234,1,1,Buy
2736,SPCE,2023-04-16 20:25:00,2023-04-16 20:40:00,1,0.50834787,1,1,Hold
6029,SPCE,2023-04-17 03:31:00,2023-04-17 03:38:00,0,0.070853844,0,0,Sell
5825,SPCE,2023-04-17 07:31:00,2023-04-17 08:01:00,1,0.3852382,0,1,Sell
8535,SPCE,2023-04-17 11:35:00,2023-04-17 11:51:00,1,0.6423887,1,1,Buy
3042,SPCE,2023-04-18 02:28:00,2023-04-18 02:55:00,0,0.086983494,0,0,Sell
1463,SPCE,2023-04-18 05:52:00,2023-04-18 06:00:00,1,0.9159217,1,1,Buy
6640,SPCE,2023-04-18 10:33:00,2023-04-18 10:50:00,1,0.9421077,1,1,Buy
429,SPCE,2023-04-18 17:13:00,2023-04-18 17:20:00,1,0.7993733,1,1,Buy
5331,SPCE,2023-04-19 03:21:00,2023-04-19 03:31:00,1,0.89974904,1,1,Buy
8743,SPCE,2023-04-20 06:07:00,2023-04-20 06:12:00,0,0.93566185,1,0,Buy
5361,SPCE,2023-04-20 07:43:00,2023-04-20 07:51:00,1,0.92589766,1,1,Buy
9048,SPCE,2023-04-20 14:14:00,2023-04-20 14:21:00,0,0.53947824,1,0,Hold
5762,SPCE,2023-04-20 16:39:00,2023-04-20 16:50:00,1,0.94196826,1,1,Buy
4238,SPCE,2023-04-20 20:07:00,2023-04-20 20:29:00,0,0.12565319,0,0,Sell
3010,SPCE,2023-04-21 02:30:00,2023-04-21 02:39:00,1,0.51986176,1,1,Hold
248,SPCE,2023-04-21 06:16:00,2023-04-21 06:35:00,1,0.9233024,1,1,Buy
5818,SPCE,2023-04-21 19:44:00,2023-04-21 19:53:00,0,0.28065297,0,0,Sell
828,SPCE,2023-04-22 12:34:00,2023-04-22 12:58:00,1,0.9123126,1,1,Buy
4763,SPCE,2023-04-23 02:01:00,2023-04-23 02:21:00,1,0.9313352,1,1,Buy
7628,SPCE,2023-04-23 12:52:00,2023-04-23 13:20:00,1,0.94780844,1,1,Buy
635,SPCE,2023-04-23 15:00:00,2023-04-23 15:18:00,0,0.4694539,0,0,Hold
8449,SPCE,2023-04-23 21:13:00,2023-04-23 21:32:00,1,0.96120435,1,1,Buy
6390,SPCE,2023-04-23 22:52:00,2023-04-23 23:01:00,1,0.9605896,1,1,Buy
4799,SPCE,2023-04-24 06:12:00,2023-04-24 06:18:00,1,0.097994976,0,1,Sell
7688,SPCE,2023-04-24 13:05:00,2023-04-24 13:27:00,0,0.077973954,0,0,Sell
7983,SPCE,2023-04-24 15:59:00,2023-04-24 16:10:00,0,0.5835455,1,0,Hold
5177,SPCE,2023-04-24 16:34:00,2023-04-24 16:48:00,1,0.33061966,0,1,Sell
1385,SPCE,2023-04-25 14:33:00,2023-04-25 14:49:00,1,0.93358845,1,1,Buy
5594,SPCE,2023-04-26 06:36:00,2023-04-26 06:43:00,1,0.9442063,1,1,Buy
1399,SPCE,2023-04-26 19:19:00,2023-04-26 19:37:00,1,0.96968085,1,1,Buy
5773,SPCE,2023-04-26 20:35:00,2023-04-26 20:41:00,0,0.7619355,1,0,Buy
4098,SPCE,2023-04-26 23:47:00,2023-04-27 00:09:00,0,0.46015614,0,0,Hold
7989,SPCE,2023-04-28 02:02:00,2023-04-28 02:13:00,0,0.09655832,0,0,Sell
3566,SPCE,2023-04-28 17:49:00,2023-04-28 18:14:00,0,0.047115453,0,0,Sell
1246,SPCE,2023-04-29 02:57:00,2023-04-29 03:12:00,0,0.049559783,0,0,Sell
6540,SPCE,2023-04-29 15:04:00,2023-04-29 15:20:00,1,0.1709837,0,1,Sell
7368,SPCE,2023-04-30 19:25:00,2023-04-30 19:39:00,1,0.86381626,1,1,Buy
771,SPCE,2023-05-01 03:32:00,2023-05-01 03:44:00,0,0.07973288,0,0,Sell
1062,SPCE,2023-05-01 03:48:00,2023-05-01 04:02:00,0,0.07279657,0,0,Sell
9178,SPCE,2023-05-01 08:28:00,2023-05-01 08:37:00,1,0.37975562,0,1,Sell
2931,SPCE,2023-05-01 21:43:00,2023-05-01 22:06:00,1,0.9216224,1,1,Buy
5280,SPCE,2023-05-04 18:41:00,2023-05-04 18:51:00,1,0.93728733,1,1,Buy
2114,SPCE,2023-05-05 20:36:00,2023-05-05 20:50:00,1,0.57495135,1,1,Hold
2790,SPCE,2023-05-06 14:22:00,2023-05-06 14:34:00,1,0.94935393,1,1,Buy
5491,SPCE,2023-05-07 18:56:00,2023-05-07 19:01:00,0,0.08330396,0,0,Sell
6403,SPCE,2023-05-08 11:40:00,2023-05-08 12:03:00,0,0.07853165,0,0,Sell
1270,SPCE,2023-05-08 15:12:00,2023-05-08 15:33:00,0,0.39202863,0,0,Sell
9867,SPCE,2023-05-08 20:20:00,2023-05-08 20:32:00,0,0.3725756,0,0,Sell
8921,SPCE,2023-05-09 00:42:00,2023-05-09 00:56:00,0,0.07380849,0,0,Sell
5852,SPCE,2023-05-09 09:33:00,2023-05-09 09:52:00,1,0.07517309,0,1,Sell
8633,SPCE,2023-05-10 04:43:00,2023-05-10 05:11:00,1,0.9077431,1,1,Buy
4538,SPCE,2023-05-10 05:29:00,2023-05-10 05:40:00,0,0.09099137,0,0,Sell
2483,SPCE,2023-05-10 12:09:00,2023-05-10 12:33:00,1,0.94123983,1,1,Buy
9159,SPCE,2023-05-10 21:05:00,2023-05-10 21:22:00,0,0.13266283,0,0,Sell
571,SPCE,2023-05-11 03:59:00,2023-05-11 04:04:00,0,0.2856147,0,0,Sell
1728,SPCE,2023-05-11 06:11:00,2023-05-11 06:23:00,0,0.05946951,0,0,Sell
4535,SPCE,2023-05-11 20:58:00,2023-05-11 21:20:00,1,0.31987694,0,1,Sell
1209,SPCE,2023-05-12 22:07:00,2023-05-12 22:16:00,1,0.895407,1,1,Buy
6007,SPCE,2023-05-12 23:47:00,2023-05-13 00:05:00,1,0.93526876,1,1,Buy
4812,SPCE,2023-05-13 10:48:00,2023-05-13 11:14:00,0,0.085286945,0,0,Sell
2952,SPCE,2023-05-13 11:44:00,2023-05-13 12:11:00,0,0.08203073,0,0,Sell
6842,SPCE,2023-05-13 16:23:00,2023-05-13 16:42:00,0,0.58200634,1,0,Hold
2887,SPCE,2023-05-13 23:21:00,2023-05-13 23:32:00,1,0.9294048,1,1,Buy
6283,SPCE,2023-05-14 04:18:00,2023-05-14 04:32:00,0,0.08612374,0,0,Sell
164,SPCE,2023-05-14 14:01:00,2023-05-14 14:23:00,0,0.049972896,0,0,Sell
6244,SPCE,2023-05-14 15:06:00,2023-05-14 15:14:00,1,0.9083611,1,1,Buy
6510,SPCE,2023-05-14 20:22:00,2023-05-14 20:47:00,0,0.047894068,0,0,Sell
9959,SPCE,2023-05-14 21:19:00,2023-05-14 21:27:00,1,0.91276294,1,1,Buy
4849,SPCE,2023-05-15 05:16:00,2023-05-15 05:45:00,1,0.9062316,1,1,Buy
4410,SPCE,2023-05-15 08:24:00,2023-05-15 08:39:00,1,0.95336986,1,1,Buy
8689,SPCE,2023-05-15 17:21:00,2023-05-15 17:37:00,0,0.09627502,0,0,Sell
5101,SPCE,2023-05-15 18:11:00,2023-05-15 18:29:00,1,0.9751431,1,1,Buy
3730,SPCE,2023-05-15 21:20:00,2023-05-15 21:27:00,1,0.97349316,1,1,Buy
1159,SPCE,2023-05-16 08:59:00,2023-05-16 09:29:00,1,0.6658491,1,1,Buy
6036,SPCE,2023-05-16 14:39:00,2023-05-16 15:06:00,0,0.11796545,0,0,Sell
3395,SPCE,2023-05-17 13:49:00,2023-05-17 14:10:00,0,0.10345173,0,0,Sell
5461,SPCE,2023-05-17 14:07:00,2023-05-17 14:28:00,1,0.91768456,1,1,Buy
2160,SPCE,2023-05-20 00:44:00,2023-05-20 01:04:00,0,0.06353443,0,0,Sell
1300,SPCE,2023-05-20 05:52:00,2023-05-20 06:22:00,0,0.02756435,0,0,Sell
3325,SPCE,2023-05-20 12:38:00,2023-05-20 12:46:00,0,0.17751634,0,0,Sell
7686,SPCE,2023-05-21 15:36:00,2023-05-21 15:47:00,0,0.036523353,0,0,Sell
9849,SPCE,2023-05-22 01:14:00,2023-05-22 01:43:00,0,0.08040297,0,0,Sell
1088,SPCE,2023-05-22 13:34:00,2023-05-22 14:03:00,1,0.8626728,1,1,Buy
4381,SPCE,2023-05-23 05:59:00,2023-05-23 06:19:00,1,0.3031258,0,1,Sell
5789,SPCE,2023-05-23 18:47:00,2023-05-23 19:09:00,0,0.050965194,0,0,Sell
9434,SPCE,2023-05-25 19:54:00,2023-05-25 20:23:00,1,0.9309653,1,1,Buy
4054,SPCE,2023-05-26 02:24:00,2023-05-26 02:48:00,1,0.9062082,1,1,Buy
6488,SPCE,2023-05-26 04:45:00,2023-05-26 05:11:00,0,0.512306,1,0,Hold
7138,SPCE,2023-05-26 09:23:00,2023-05-26 09:32:00,0,0.2635086,0,0,Sell
6859,SPCE,2023-05-26 17:34:00,2023-05-26 17:49:00,1,0.9456849,1,1,Buy
317,SPCE,2023-05-26 21:43:00,2023-05-26 22:09:00,1,0.90667117,1,1,Buy
9920,SPCE,2023-05-27 00:10:00,2023-05-27 00:17:00,0,0.08881362,0,0,Sell
2166,SPCE,2023-05-27 07:50:00,2023-05-27 08:00:00,0,0.07038426,0,0,Sell
3689,SPCE,2023-05-28 16:57:00,2023-05-28 17:22:00,1,0.9381112,1,1,Buy
8784,SPCE,2023-05-29 06:59:00,2023-05-29 07:08:00,1,0.4252556,0,1,Hold
2352,SPCE,2023-05-30 05:10:00,2023-05-30 05:37:00,0,0.34736225,0,0,Sell
6086,SPCE,2023-05-30 06:02:00,2023-05-30 06:27:00,0,0.7192276,1,0,Buy
1650,SPCE,2023-05-30 11:46:00,2023-05-30 11:57:00,0,0.93627703,1,0,Buy
5591,SPCE,2023-05-30 19:35:00,2023-05-30 19:57:00,1,0.92882544,1,1,Buy
2264,SPCE,2023-05-30 20:12:00,2023-05-30 20:30:00,0,0.05754419,0,0,Sell
7104,SPCE,2023-05-31 02:38:00,2023-05-31 03:04:00,0,0.07902432,0,0,Sell
3299,SPCE,2023-05-31 03:44:00,2023-05-31 03:56:00,1,0.91397274,1,1,Buy
5396,SPCE,2023-05-31 08:49:00,2023-05-31 09:01:00,1,0.45807937,0,1,Hold
7183,SPCE,2023-05-31 19:53:00,2023-05-31 20:22:00,0,0.055659026,0,0,Sell
9203,SPCE,2023-06-01 19:05:00,2023-06-01 19:22:00,1,0.9164325,1,1,Buy
3308,SPCE,2023-06-01 21:25:00,2023-06-01 21:42:00,1,0.91574,1,1,Buy
8246,SPCE,2023-06-02 00:42:00,2023-06-02 00:54:00,1,0.93981016,1,1,Buy
4767,SPCE,2023-06-02 06:09:00,2023-06-02 06:37:00,0,0.10424446,0,0,Sell
536,SPCE,2023-06-02 07:28:00,2023-06-02 07:41:00,1,0.9502162,1,1,Buy
3034,SPCE,2023-06-02 09:41:00,2023-06-02 10:01:00,1,0.1477103,0,1,Sell
8948,SPCE,2023-06-03 17:13:00,2023-06-03 17:28:00,0,0.17910434,0,0,Sell
5503,SPCE,2023-06-03 18:48:00,2023-06-03 19:11:00,0,0.085222475,0,0,Sell
1970,SPCE,2023-06-04 07:32:00,2023-06-04 07:59:00,1,0.939523,1,1,Buy
430,SPCE,2023-06-05 00:49:00,2023-06-05 01:07:00,1,0.3693614,0,1,Sell
9060,SPCE,2023-06-05 02:25:00,2023-06-05 02:31:00,0,0.08711076,0,0,Sell
1813,SPCE,2023-06-06 01:32:00,2023-06-06 01:47:00,0,0.49544773,0,0,Hold
3850,SPCE,2023-06-06 04:35:00,2023-06-06 05:02:00,0,0.08280909,0,0,Sell
5537,SPCE,2023-06-07 19:38:00,2023-06-07 20:05:00,1,0.9549546,1,1,Buy
5785,SPCE,2023-06-08 07:53:00,2023-06-08 08:14:00,1,0.95064616,1,1,Buy
3271,SPCE,2023-06-08 16:16:00,2023-06-08 16:39:00,0,0.67973727,1,0,Buy
5057,SPCE,2023-06-09 07:45:00,2023-06-09 07:51:00,0,0.10017276,0,0,Sell
193,SPCE,2023-06-10 04:16:00,2023-06-10 04:45:00,0,0.77781624,1,0,Buy
7172,SPCE,2023-06-10 04:41:00,2023-06-10 05:10:00,1,0.9425724,1,1,Buy
3055,SPCE,2023-06-10 06:30:00,2023-06-10 06:46:00,0,0.055321913,0,0,Sell
8288,SPCE,2023-06-10 20:42:00,2023-06-10 21:03:00,1,0.95877343,1,1,Buy
9174,SPCE,2023-06-11 06:57:00,2023-06-11 07:14:00,0,0.63770014,1,0,Buy
1760,SPCE,2023-06-11 11:47:00,2023-06-11 12:07:00,1,0.50898176,1,1,Hold
2031,SPCE,2023-06-11 22:07:00,2023-06-11 22:17:00,1,0.9574134,1,1,Buy
7284,SPCE,2023-06-12 00:23:00,2023-06-12 00:29:00,1,0.8532488,1,1,Buy
4393,SPCE,2023-06-12 15:26:00,2023-06-12 15:34:00,1,0.93135774,1,1,Buy
1735,SPCE,2023-06-13 05:06:00,2023-06-13 05:14:00,1,0.92219573,1,1,Buy
4112,SPCE,2023-06-13 09:45:00,2023-06-13 09:59:00,1,0.9504361,1,1,Buy
9353,SPCE,2023-06-14 08:54:00,2023-06-14 09:13:00,1,0.9382368,1,1,Buy
4115,SPCE,2023-06-14 14:54:00,2023-06-14 15:09:00,1,0.33946264,0,1,Sell
7658,SPCE,2023-06-15 20:43:00,2023-06-15 21:00:00,0,0.13352619,0,0,Sell
1858,SPCE,2023-06-16 03:10:00,2023-06-16 03:19:00,1,0.7456746,1,1,Buy
7759,SPCE,2023-06-18 01:24:00,2023-06-18 01:34:00,0,0.37805387,0,0,Sell
7746,SPCE,2023-06-18 05:46:00,2023-06-18 05:53:00,1,0.3543665,0,1,Sell
7519,SPCE,2023-06-19 15:02:00,2023-06-19 15:30:00,0,0.058228545,0,0,Sell
4007,SPCE,2023-06-20 03:28:00,2023-06-20 03:39:00,1,0.91145074,1,1,Buy
6117,SPCE,2023-06-20 12:00:00,2023-06-20 12:17:00,0,0.112745546,0,0,Sell
2591,SPCE,2023-06-20 22:33:00,2023-06-20 22:55:00,0,0.68510216,1,0,Buy
9224,SPCE,2023-06-20 22:41:00,2023-06-20 23:03:00,0,0.074700944,0,0,Sell
3817,SPCE,2023-06-20 23:47:00,2023-06-21 00:12:00,0,0.069087915,0,0,Sell
9430,SPCE,2023-06-21 06:03:00,2023-06-21 06:25:00,0,0.23512605,0,0,Sell
4005,SPCE,2023-06-21 06:21:00,2023-06-21 06:42:00,1,0.37546757,0,1,Sell
3720,SPCE,2023-06-21 13:27:00,2023-06-21 13:45:00,1,0.20344692,0,1,Sell
6085,SPCE,2023-06-21 13:36:00,2023-06-21 13:53:00,0,0.06498695,0,0,Sell
1477,SPCE,2023-06-21 15:06:00,2023-06-21 15:23:00,0,0.25613713,0,0,Sell
5556,SPCE,2023-06-21 18:47:00,2023-06-21 19:08:00,0,0.05467961,0,0,Sell
2660,SPCE,2023-06-23 00:53:00,2023-06-23 01:18:00,0,0.11928857,0,0,Sell
5595,SPCE,2023-06-23 01:47:00,2023-06-23 01:58:00,0,0.1720969,0,0,Sell
8200,SPCE,2023-06-23 17:31:00,2023-06-23 17:48:00,0,0.040279783,0,0,Sell
3616,SPCE,2023-06-24 04:47:00,2023-06-24 05:02:00,0,0.06395093,0,0,Sell
1687,SPCE,2023-06-24 05:16:00,2023-06-24 05:28:00,1,0.5071762,1,1,Hold
699,SPCE,2023-06-26 06:14:00,2023-06-26 06:29:00,1,0.57188785,1,1,Hold
2501,SPCE,2023-06-27 21:12:00,2023-06-27 21:32:00,0,0.9280677,1,0,Buy
593,SPCE,2023-06-27 22:06:00,2023-06-27 22:14:00,0,0.11065253,0,0,Sell
7650,SPCE,2023-06-28 13:08:00,2023-06-28 13:23:00,1,0.42656344,0,1,Hold
7445,SPCE,2023-06-29 07:40:00,2023-06-29 08:09:00,1,0.9270684,1,1,Buy
7013,SPCE,2023-06-29 08:16:00,2023-06-29 08:42:00,1,0.54427373,1,1,Hold
2900,SPCE,2023-06-29 16:24:00,2023-06-29 16:35:00,1,0.9455189,1,1,Buy
4738,SPCE,2023-06-29 19:41:00,2023-06-29 19:48:00,1,0.94921243,1,1,Buy
2626,SPCE,2023-06-30 16:04:00,2023-06-30 16:22:00,0,0.5876372,1,0,Hold
6475,SPCE,2023-06-30 18:24:00,2023-06-30 18:43:00,0,0.09250248,0,0,Sell
1276,SPCE,2023-06-30 23:59:00,2023-07-01 00:22:00,0,0.056497917,0,0,Sell
3785,SPCE,2023-07-01 05:45:00,2023-07-01 06:15:00,1,0.90408856,1,1,Buy
5405,SPCE,2023-07-01 09:32:00,2023-07-01 09:59:00,0,0.8941352,1,0,Buy
387,SPCE,2023-07-01 18:40:00,2023-07-01 19:02:00,0,0.051285017,0,0,Sell
1068,SPCE,2023-07-02 22:49:00,2023-07-02 22:57:00,1,0.5987815,1,1,Hold
5546,SPCE,2023-07-03 03:42:00,2023-07-03 03:55:00,1,0.9106283,1,1,Buy
2312,SPCE,2023-07-03 05:31:00,2023-07-03 05:54:00,1,0.9127667,1,1,Buy
3012,SPCE,2023-07-03 08:07:00,2023-07-03 08:33:00,1,0.44553435,0,1,Hold
813,SPCE,2023-07-03 19:51:00,2023-07-03 20:11:00,1,0.9543316,1,1,Buy
638,SPCE,2023-07-04 08:16:00,2023-07-04 08:26:00,0,0.7763104,1,0,Buy
2898,SPCE,2023-07-04 11:37:00,2023-07-04 11:45:00,1,0.954823,1,1,Buy
7622,SPCE,2023-07-04 21:17:00,2023-07-04 21:24:00,1,0.9608818,1,1,Buy
916,SPCE,2023-07-05 09:23:00,2023-07-05 09:47:00,1,0.9559849,1,1,Buy
9876,SPCE,2023-07-06 16:11:00,2023-07-06 16:24:00,1,0.9852697,1,1,Buy
8062,SPCE,2023-07-07 02:39:00,2023-07-07 02:56:00,1,0.9673592,1,1,Buy
5742,SPCE,2023-07-07 15:43:00,2023-07-07 15:49:00,1,0.9857626,1,1,Buy
1796,SPCE,2023-07-08 03:59:00,2023-07-08 04:25:00,0,0.38310823,0,0,Sell
514,SPCE,2023-07-08 16:48:00,2023-07-08 16:54:00,0,0.290437,0,0,Sell
344,SPCE,2023-07-09 12:58:00,2023-07-09 13:27:00,1,0.48237115,0,1,Hold
909,SPCE,2023-07-09 14:27:00,2023-07-09 14:45:00,0,0.044217408,0,0,Sell
7716,SPCE,2023-07-09 19:08:00,2023-07-09 19:33:00,0,0.20212643,0,0,Sell
8050,SPCE,2023-07-11 00:59:00,2023-07-11 01:19:00,0,0.092967615,0,0,Sell
9791,SPCE,2023-07-11 06:50:00,2023-07-11 06:59:00,1,0.88916403,1,1,Buy
5037,SPCE,2023-07-11 13:40:00,2023-07-11 13:49:00,0,0.053669807,0,0,Sell
1936,SPCE,2023-07-11 19:45:00,2023-07-11 20:15:00,1,0.9541501,1,1,Buy
642,SPCE,2023-07-12 00:37:00,2023-07-12 01:02:00,1,0.92153907,1,1,Buy
762,SPCE,2023-07-12 06:39:00,2023-07-12 07:07:00,1,0.9413393,1,1,Buy
5960,SPCE,2023-07-12 15:44:00,2023-07-12 16:08:00,0,0.082899936,0,0,Sell
9162,SPCE,2023-07-13 03:27:00,2023-07-13 03:48:00,1,0.94016796,1,1,Buy
4896,SPCE,2023-07-13 09:43:00,2023-07-13 09:58:00,0,0.086768635,0,0,Sell
3971,SPCE,2023-07-13 12:08:00,2023-07-13 12:33:00,0,0.07949008,0,0,Sell
8638,SPCE,2023-07-13 23:38:00,2023-07-14 00:01:00,1,0.9358186,1,1,Buy
5686,SPCE,2023-07-14 08:46:00,2023-07-14 09:08:00,0,0.057484575,0,0,Sell
10,SPCE,2023-07-14 15:08:00,2023-07-14 15:25:00,1,0.9183156,1,1,Buy
1798,SPCE,2023-07-15 03:04:00,2023-07-15 03:13:00,1,0.9399205,1,1,Buy
3410,SPCE,2023-07-15 04:58:00,2023-07-15 05:17:00,0,0.09791121,0,0,Sell
1080,SPCE,2023-07-15 12:08:00,2023-07-15 12:38:00,1,0.09752772,0,1,Sell
3670,SPCE,2023-07-15 15:01:00,2023-07-15 15:25:00,1,0.2929956,0,1,Sell
5137,SPCE,2023-07-16 02:41:00,2023-07-16 03:02:00,1,0.93653303,1,1,Buy
990,SPCE,2023-07-16 07:35:00,2023-07-16 07:40:00,1,0.93952507,1,1,Buy
2512,SPCE,2023-07-16 12:23:00,2023-07-16 12:43:00,0,0.09236671,0,0,Sell
1472,SPCE,2023-07-16 13:51:00,2023-07-16 14:01:00,0,0.058642246,0,0,Sell
2899,SPCE,2023-07-16 16:00:00,2023-07-16 16:09:00,0,0.088055976,0,0,Sell
6845,SPCE,2023-07-17 01:07:00,2023-07-17 01:23:00,0,0.10762336,0,0,Sell
5550,SPCE,2023-07-18 08:36:00,2023-07-18 09:01:00,0,0.41270423,0,0,Hold
62,SPCE,2023-07-18 12:38:00,2023-07-18 12:51:00,1,0.37687314,0,1,Sell
7101,SPCE,2023-07-18 17:20:00,2023-07-18 17:40:00,1,0.9123802,1,1,Buy
4744,SPCE,2023-07-19 00:20:00,2023-07-19 00:25:00,1,0.8907262,1,1,Buy
9937,SPCE,2023-07-19 08:16:00,2023-07-19 08:45:00,0,0.4516068,0,0,Hold
5512,SPCE,2023-07-19 17:00:00,2023-07-19 17:09:00,1,0.6613878,1,1,Buy
4247,SPCE,2023-07-20 08:13:00,2023-07-20 08:38:00,1,0.9375421,1,1,Buy
9552,SPCE,2023-07-20 12:40:00,2023-07-20 12:46:00,1,0.98072356,1,1,Buy
7856,SPCE,2023-07-21 00:22:00,2023-07-21 00:37:00,1,0.5191454,1,1,Hold
5434,SPCE,2023-07-21 05:04:00,2023-07-21 05:32:00,1,0.9534338,1,1,Buy
700,SPCE,2023-07-21 13:15:00,2023-07-21 13:22:00,0,0.24354365,0,0,Sell
2448,SPCE,2023-07-21 14:16:00,2023-07-21 14:37:00,1,0.9687489,1,1,Buy
5052,SPCE,2023-07-21 17:47:00,2023-07-21 18:14:00,0,0.398766,0,0,Sell
45,SPCE,2023-07-23 10:04:00,2023-07-23 10:14:00,0,0.065604456,0,0,Sell
6158,SPCE,2023-07-23 17:37:00,2023-07-23 18:05:00,1,0.9360987,1,1,Buy
5300,SPCE,2023-07-23 23:48:00,2023-07-24 00:15:00,0,0.07841096,0,0,Sell
4877,SPCE,2023-07-24 07:42:00,2023-07-24 08:01:00,0,0.08458252,0,0,Sell
9567,SPCE,2023-07-24 10:27:00,2023-07-24 10:55:00,0,0.06326932,0,0,Sell
8958,SPCE,2023-07-25 01:15:00,2023-07-25 01:39:00,1,0.8377069,1,1,Buy
1602,SPCE,2023-07-25 03:49:00,2023-07-25 04:04:00,1,0.897284,1,1,Buy
5332,SPCE,2023-07-25 08:50:00,2023-07-25 09:20:00,1,0.8968395,1,1,Buy
9004,SPCE,2023-07-25 20:47:00,2023-07-25 20:52:00,0,0.87918407,1,0,Buy
5828,SPCE,2023-07-26 11:37:00,2023-07-26 11:44:00,0,0.043165892,0,0,Sell
9554,SPCE,2023-07-26 15:08:00,2023-07-26 15:16:00,0,0.30698356,0,0,Sell
1702,SPCE,2023-07-26 23:48:00,2023-07-27 00:15:00,0,0.021025874,0,0,Sell
3859,SPCE,2023-07-27 22:18:00,2023-07-27 22:35:00,1,0.19667259,0,1,Sell
235,SPCE,2023-07-28 02:34:00,2023-07-28 03:02:00,1,0.729783,1,1,Buy
4131,SPCE,2023-07-28 10:19:00,2023-07-28 10:28:00,0,0.042578723,0,0,Sell
5401,SPCE,2023-07-29 00:11:00,2023-07-29 00:27:00,0,0.053715236,0,0,Sell
7770,SPCE,2023-07-29 00:28:00,2023-07-29 00:55:00,1,0.9185203,1,1,Buy
6983,SPCE,2023-07-30 07:50:00,2023-07-30 08:09:00,1,0.4140047,0,1,Hold
1569,SPCE,2023-07-30 08:27:00,2023-07-30 08:32:00,0,0.4122667,0,0,Hold
7822,SPCE,2023-07-30 12:12:00,2023-07-30 12:35:00,1,0.35046998,0,1,Sell
9445,SPCE,2023-07-30 16:44:00,2023-07-30 17:12:00,0,0.9367225,1,0,Buy
7572,SPCE,2023-07-30 22:49:00,2023-07-30 23:05:00,0,0.062433746,0,0,Sell
6427,SPCE,2023-07-31 08:53:00,2023-07-31 09:08:00,1,0.81232685,1,1,Buy
8796,SPCE,2023-07-31 14:04:00,2023-07-31 14:09:00,0,0.077678174,0,0,Sell
9853,SPCE,2023-07-31 16:42:00,2023-07-31 16:49:00,0,0.075061895,0,0,Sell
4824,SPCE,2023-07-31 19:42:00,2023-07-31 20:04:00,0,0.06385338,0,0,Sell
9136,SPCE,2023-08-01 03:01:00,2023-08-01 03:18:00,0,0.076253355,0,0,Sell
5894,SPCE,2023-08-01 07:11:00,2023-08-01 07:29:00,0,0.047179658,0,0,Sell
5442,SPCE,2023-08-02 11:25:00,2023-08-02 11:33:00,1,0.8844713,1,1,Buy
6524,SPCE,2023-08-02 20:11:00,2023-08-02 20:18:00,0,0.03805454,0,0,Sell
5322,SPCE,2023-08-03 14:21:00,2023-08-03 14:32:00,1,0.44263253,0,1,Hold
5847,SPCE,2023-08-03 17:42:00,2023-08-03 17:50:00,1,0.20131646,0,1,Sell
9263,SPCE,2023-08-03 21:18:00,2023-08-03 21:41:00,0,0.45609993,0,0,Hold
7341,SPCE,2023-08-03 21:37:00,2023-08-03 21:46:00,0,0.35784915,0,0,Sell
4658,SPCE,2023-08-04 02:05:00,2023-08-04 02:22:00,0,0.07915115,0,0,Sell
7292,SPCE,2023-08-04 03:22:00,2023-08-04 03:51:00,1,0.91122043,1,1,Buy
8694,SPCE,2023-08-05 01:31:00,2023-08-05 01:52:00,1,0.3150558,0,1,Sell
3926,SPCE,2023-08-06 04:32:00,2023-08-06 04:50:00,1,0.9109866,1,1,Buy
5348,SPCE,2023-08-06 14:00:00,2023-08-06 14:23:00,1,0.94299394,1,1,Buy
8835,SPCE,2023-08-08 02:41:00,2023-08-08 02:53:00,1,0.6876562,1,1,Buy
9403,SPCE,2023-08-08 12:16:00,2023-08-08 12:39:00,1,0.9418828,1,1,Buy
1818,SPCE,2023-08-09 04:33:00,2023-08-09 05:02:00,0,0.095596954,0,0,Sell
8359,SPCE,2023-08-09 08:44:00,2023-08-09 08:49:00,0,0.07865298,0,0,Sell
9881,SPCE,2023-08-09 10:25:00,2023-08-09 10:47:00,1,0.90766066,1,1,Buy
5564,SPCE,2023-08-09 14:16:00,2023-08-09 14:31:00,1,0.41051945,0,1,Hold
5307,SPCE,2023-08-10 10:09:00,2023-08-10 10:22:00,0,0.06288509,0,0,Sell
4473,SPCE,2023-08-10 23:16:00,2023-08-10 23:27:00,0,0.35183632,0,0,Sell
9743,SPCE,2023-08-11 06:00:00,2023-08-11 06:12:00,1,0.9329262,1,1,Buy
679,SPCE,2023-08-11 09:42:00,2023-08-11 10:03:00,1,0.15556985,0,1,Sell
3242,SPCE,2023-08-13 10:13:00,2023-08-13 10:34:00,0,0.4619191,0,0,Hold
6293,SPCE,2023-08-14 10:09:00,2023-08-14 10:39:00,1,0.79856515,1,1,Buy
5187,SPCE,2023-08-14 11:25:00,2023-08-14 11:45:00,1,0.77573204,1,1,Buy
7867,SPCE,2023-08-14 18:08:00,2023-08-14 18:33:00,0,0.063029185,0,0,Sell
2941,SPCE,2023-08-15 09:11:00,2023-08-15 09:31:00,1,0.9437503,1,1,Buy
1003,SPCE,2023-08-16 00:50:00,2023-08-16 01:08:00,0,0.10399688,0,0,Sell
3939,SPCE,2023-08-16 02:08:00,2023-08-16 02:21:00,0,0.06982007,0,0,Sell
1417,SPCE,2023-08-16 02:54:00,2023-08-16 03:18:00,1,0.9177583,1,1,Buy
2802,SPCE,2023-08-16 15:34:00,2023-08-16 15:52:00,0,0.0682354,0,0,Sell
9024,SPCE,2023-08-16 16:40:00,2023-08-16 17:00:00,0,0.042207252,0,0,Sell
3112,SPCE,2023-08-17 00:45:00,2023-08-17 00:52:00,0,0.6395402,1,0,Buy
9843,SPCE,2023-08-17 14:08:00,2023-08-17 14:36:00,1,0.04742802,0,1,Sell
6969,SPCE,2023-08-17 17:54:00,2023-08-17 18:06:00,1,0.92529035,1,1,Buy
8703,SPCE,2023-08-18 12:18:00,2023-08-18 12:28:00,1,0.9295959,1,1,Buy
2981,SPCE,2023-08-18 14:40:00,2023-08-18 14:50:00,0,0.09115587,0,0,Sell
3215,SPCE,2023-08-20 09:23:00,2023-08-20 09:44:00,0,0.49444363,0,0,Hold
6606,SPCE,2023-08-20 10:45:00,2023-08-20 11:14:00,1,0.80264896,1,1,Buy
3094,SPCE,2023-08-20 17:11:00,2023-08-20 17:16:00,0,0.6386413,1,0,Buy
7625,SPCE,2023-08-20 17:27:00,2023-08-20 17:40:00,1,0.95215887,1,1,Buy
510,SPCE,2023-08-22 15:06:00,2023-08-22 15:33:00,0,0.060742244,0,0,Sell
602,SPCE,2023-08-22 20:29:00,2023-08-22 20:47:00,1,0.95490104,1,1,Buy
7607,SPCE,2023-08-23 03:47:00,2023-08-23 04:12:00,1,0.8937182,1,1,Buy
8553,SPCE,2023-08-23 17:24:00,2023-08-23 17:32:00,1,0.7014872,1,1,Buy
7530,SPCE,2023-08-23 19:40:00,2023-08-23 19:59:00,0,0.07292793,0,0,Sell
7910,SPCE,2023-08-24 19:13:00,2023-08-24 19:29:00,0,0.08824704,0,0,Sell
582,SPCE,2023-08-24 20:30:00,2023-08-24 20:40:00,1,0.9366901,1,1,Buy
719,SPCE,2023-08-26 19:28:00,2023-08-26 19:39:00,0,0.045156527,0,0,Sell
3555,SPCE,2023-08-26 21:32:00,2023-08-26 21:38:00,0,0.032006696,0,0,Sell
4248,SPCE,2023-08-27 13:33:00,2023-08-27 14:00:00,0,0.034389053,0,0,Sell
670,SPCE,2023-08-27 18:18:00,2023-08-27 18:27:00,0,0.3838532,0,0,Sell
1651,SPCE,2023-08-28 01:18:00,2023-08-28 01:42:00,1,0.6840221,1,1,Buy
2097,SPCE,2023-08-28 01:44:00,2023-08-28 02:04:00,0,0.06810025,0,0,Sell
6641,SPCE,2023-08-28 05:12:00,2023-08-28 05:29:00,0,0.076179005,0,0,Sell
5399,SPCE,2023-08-29 12:52:00,2023-08-29 13:12:00,0,0.037844952,0,0,Sell
7684,SPCE,2023-08-29 14:28:00,2023-08-29 14:46:00,0,0.32522982,0,0,Sell
7408,SPCE,2023-08-30 11:29:00,2023-08-30 11:49:00,1,0.30096692,0,1,Sell
3259,SPCE,2023-08-30 19:03:00,2023-08-30 19:32:00,0,0.04852707,0,0,Sell
1426,SPCE,2023-08-31 19:07:00,2023-08-31 19:32:00,0,0.21941085,0,0,Sell
4630,SPCE,2023-09-01 02:23:00,2023-09-01 02:28:00,1,0.91978586,1,1,Buy
3987,SPCE,2023-09-01 12:31:00,2023-09-01 12:58:00,0,0.05564964,0,0,Sell
3796,SPCE,2023-09-01 16:00:00,2023-09-01 16:19:00,0,0.038000528,0,0,Sell
8366,SPCE,2023-09-01 21:34:00,2023-09-01 21:40:00,1,0.94135803,1,1,Buy
5230,SPCE,2023-09-02 01:29:00,2023-09-02 01:39:00,1,0.9351471,1,1,Buy
724,SPCE,2023-09-02 03:56:00,2023-09-02 04:22:00,1,0.94583654,1,1,Buy
773,SPCE,2023-09-02 23:42:00,2023-09-02 23:52:00,0,0.09653947,0,0,Sell
9899,SPCE,2023-09-03 00:41:00,2023-09-03 01:06:00,0,0.6114876,1,0,Buy
5236,SPCE,2023-09-03 03:43:00,2023-09-03 04:03:00,0,0.9000735,1,0,Buy
8601,SPCE,2023-09-03 09:06:00,2023-09-03 09:30:00,1,0.95029193,1,1,Buy
4449,SPCE,2023-09-03 11:54:00,2023-09-03 12:06:00,1,0.9491349,1,1,Buy
8668,SPCE,2023-09-03 20:23:00,2023-09-03 20:50:00,0,0.563347,1,0,Hold
686,SPCE,2023-09-03 22:02:00,2023-09-03 22:17:00,1,0.42827243,0,1,Hold
7164,SPCE,2023-09-04 10:43:00,2023-09-04 11:11:00,0,0.89961714,1,0,Buy
2573,SPCE,2023-09-04 23:52:00,2023-09-05 00:15:00,1,0.36199105,0,1,Sell
2307,SPCE,2023-09-05 06:02:00,2023-09-05 06:11:00,1,0.93585384,1,1,Buy
4175,SPCE,2023-09-05 11:42:00,2023-09-05 12:07:00,1,0.9286364,1,1,Buy
8367,SPCE,2023-09-06 01:51:00,2023-09-06 02:04:00,1,0.92372155,1,1,Buy
3057,SPCE,2023-09-06 16:10:00,2023-09-06 16:36:00,1,0.48962992,0,1,Hold
1957,SPCE,2023-09-06 17:53:00,2023-09-06 18:03:00,0,0.103817865,0,0,Sell
6394,SPCE,2023-09-06 20:47:00,2023-09-06 20:53:00,1,0.940958,1,1,Buy
1341,SPCE,2023-09-06 22:16:00,2023-09-06 22:32:00,1,0.82626855,1,1,Buy
112,SPCE,2023-09-07 04:26:00,2023-09-07 04:51:00,0,0.09436399,0,0,Sell
6143,SPCE,2023-09-07 14:22:00,2023-09-07 14:37:00,0,0.46715403,0,0,Hold
6908,SPCE,2023-09-08 18:35:00,2023-09-08 18:48:00,0,0.08474565,0,0,Sell
8481,SPCE,2023-09-09 00:57:00,2023-09-09 01:19:00,0,0.071085855,0,0,Sell
6149,SPCE,2023-09-10 00:16:00,2023-09-10 00:43:00,1,0.9158873,1,1,Buy
9576,SPCE,2023-09-10 01:49:00,2023-09-10 02:03:00,0,0.91089934,1,0,Buy
6110,SPCE,2023-09-10 15:15:00,2023-09-10 15:43:00,1,0.94217277,1,1,Buy
5986,SPCE,2023-09-12 23:19:00,2023-09-12 23:32:00,0,0.5061885,1,0,Hold
3845,SPCE,2023-09-13 06:13:00,2023-09-13 06:36:00,0,0.7817511,1,0,Buy
4962,SPCE,2023-09-14 22:30:00,2023-09-14 22:53:00,0,0.07853647,0,0,Sell
9156,SPCE,2023-09-15 07:51:00,2023-09-15 08:15:00,1,0.49025905,0,1,Hold
6832,SPCE,2023-09-15 16:09:00,2023-09-15 16:35:00,0,0.05922518,0,0,Sell
3227,SPCE,2023-09-15 18:03:00,2023-09-15 18:10:00,0,0.047824364,0,0,Sell
1826,SPCE,2023-09-15 18:43:00,2023-09-15 19:12:00,0,0.44899747,0,0,Hold
5665,SPCE,2023-09-16 16:46:00,2023-09-16 17:15:00,0,0.43221653,0,0,Hold
4974,SPCE,2023-09-19 05:19:00,2023-09-19 05:44:00,1,0.9268676,1,1,Buy
2366,SPCE,2023-09-20 08:00:00,2023-09-20 08:14:00,0,0.06399374,0,0,Sell
4727,SPCE,2023-09-20 17:22:00,2023-09-20 17:31:00,0,0.04604203,0,0,Sell
5431,SPCE,2023-09-21 05:01:00,2023-09-21 05:20:00,0,0.068802044,0,0,Sell
4301,SPCE,2023-09-21 18:22:00,2023-09-21 18:38:00,1,0.9406806,1,1,Buy
8361,SPCE,2023-09-21 19:50:00,2023-09-21 20:01:00,0,0.056925677,0,0,Sell
7512,SPCE,2023-09-22 02:27:00,2023-09-22 02:38:00,1,0.8943528,1,1,Buy
6846,SPCE,2023-09-22 17:23:00,2023-09-22 17:53:00,1,0.5544836,1,1,Hold
1480,SPCE,2023-09-23 15:37:00,2023-09-23 15:49:00,1,0.955737,1,1,Buy
5237,SPCE,2023-09-24 21:25:00,2023-09-24 21:49:00,0,0.05254806,0,0,Sell
4801,SPCE,2023-09-25 09:36:00,2023-09-25 09:49:00,0,0.061873965,0,0,Sell
7779,SPCE,2023-09-25 23:31:00,2023-09-25 23:47:00,0,0.14829154,0,0,Sell
8791,SPCE,2023-09-27 00:48:00,2023-09-27 00:57:00,1,0.42981023,0,1,Hold
7805,SPCE,2023-09-27 06:49:00,2023-09-27 07:11:00,0,0.5593621,1,0,Hold
2158,SPCE,2023-09-27 16:06:00,2023-09-27 16:19:00,1,0.57214016,1,1,Hold
8123,SPCE,2023-09-28 04:30:00,2023-09-28 04:45:00,1,0.9155862,1,1,Buy
294,SPCE,2023-09-28 07:04:00,2023-09-28 07:10:00,0,0.12544842,0,0,Sell
2697,SPCE,2023-09-28 10:31:00,2023-09-28 10:42:00,0,0.36729833,0,0,Sell
3413,SPCE,2023-09-28 12:28:00,2023-09-28 12:39:00,0,0.6464699,1,0,Buy
6066,SPCE,2023-09-28 19:20:00,2023-09-28 19:49:00,0,0.38049746,0,0,Sell
6880,SPCE,2023-09-29 12:30:00,2023-09-29 12:51:00,0,0.060230494,0,0,Sell
9862,SPCE,2023-09-29 19:35:00,2023-09-29 19:54:00,0,0.6200961,1,0,Buy
9739,SPCE,2023-09-29 23:56:00,2023-09-30 00:13:00,0,0.88679874,1,0,Buy
5489,SPCE,2023-09-30 04:26:00,2023-09-30 04:40:00,0,0.30712333,0,0,Sell
3686,SPCE,2023-10-01 19:56:00,2023-10-01 20:02:00,1,0.9446465,1,1,Buy
8105,SPCE,2023-10-02 05:25:00,2023-10-02 05:32:00,1,0.9008591,1,1,Buy
5732,SPCE,2023-10-02 08:20:00,2023-10-02 08:32:00,0,0.033386383,0,0,Sell
2468,SPCE,2023-10-02 20:25:00,2023-10-02 20:52:00,1,0.8438914,1,1,Buy
9822,SPCE,2023-10-03 19:54:00,2023-10-03 20:03:00,1,0.89691716,1,1,Buy
1125,SPCE,2023-10-03 20:31:00,2023-10-03 20:40:00,0,0.26009282,0,0,Sell
3795,SPCE,2023-10-04 04:53:00,2023-10-04 05:13:00,1,0.9027432,1,1,Buy
538,SPCE,2023-10-04 13:00:00,2023-10-04 13:06:00,1,0.9510321,1,1,Buy
3922,SPCE,2023-10-04 15:23:00,2023-10-04 15:31:00,0,0.093205996,0,0,Sell
9301,SPCE,2023-10-04 21:55:00,2023-10-04 22:15:00,1,0.5361359,1,1,Hold
7671,SPCE,2023-10-04 23:37:00,2023-10-05 00:07:00,0,0.09214198,0,0,Sell
4811,SPCE,2023-10-05 02:03:00,2023-10-05 02:31:00,1,0.7080698,1,1,Buy
2765,SPCE,2023-10-05 05:19:00,2023-10-05 05:32:00,0,0.07092503,0,0,Sell
560,SPCE,2023-10-05 08:02:00,2023-10-05 08:08:00,0,0.32829666,0,0,Sell
4217,SPCE,2023-10-06 06:31:00,2023-10-06 06:50:00,1,0.893505,1,1,Buy
9745,SPCE,2023-10-06 09:26:00,2023-10-06 09:48:00,1,0.1957038,0,1,Sell
579,SPCE,2023-10-06 15:54:00,2023-10-06 16:22:00,1,0.93372136,1,1,Buy
460,SPCE,2023-10-06 17:06:00,2023-10-06 17:11:00,0,0.08031463,0,0,Sell
3970,SPCE,2023-10-06 19:51:00,2023-10-06 20:17:00,1,0.49641111,0,1,Hold
6358,SPCE,2023-10-07 14:07:00,2023-10-07 14:13:00,0,0.06460169,0,0,Sell
6081,SPCE,2023-10-07 16:47:00,2023-10-07 17:07:00,1,0.9088741,1,1,Buy
2781,SPCE,2023-10-07 20:32:00,2023-10-07 20:58:00,0,0.695183,1,0,Buy
3264,SPCE,2023-10-08 08:53:00,2023-10-08 09:16:00,0,0.06877037,0,0,Sell
1847,SPCE,2023-10-08 16:30:00,2023-10-08 16:38:00,1,0.9439401,1,1,Buy
7526,SPCE,2023-10-10 18:01:00,2023-10-10 18:29:00,0,0.12271384,0,0,Sell
2319,SPCE,2023-10-12 05:34:00,2023-10-12 05:48:00,0,0.08385992,0,0,Sell
6954,SPCE,2023-10-13 14:47:00,2023-10-13 15:08:00,1,0.9323659,1,1,Buy
5500,SPCE,2023-10-13 21:16:00,2023-10-13 21:35:00,1,0.95016235,1,1,Buy
8417,SPCE,2023-10-14 01:03:00,2023-10-14 01:21:00,1,0.932834,1,1,Buy
3598,SPCE,2023-10-14 15:47:00,2023-10-14 15:54:00,1,0.9599444,1,1,Buy
4069,SPCE,2023-10-16 09:38:00,2023-10-16 10:02:00,1,0.934209,1,1,Buy
4043,SPCE,2023-10-16 22:40:00,2023-10-16 23:02:00,0,0.6322704,1,0,Buy
985,SPCE,2023-10-17 07:02:00,2023-10-17 07:28:00,0,0.87530863,1,0,Buy
6180,SPCE,2023-10-17 10:03:00,2023-10-17 10:24:00,1,0.93336517,1,1,Buy
91,SPCE,2023-10-17 18:41:00,2023-10-17 18:58:00,0,0.05826965,0,0,Sell
3830,SPCE,2023-10-18 21:28:00,2023-10-18 21:36:00,1,0.13157843,0,1,Sell
4851,SPCE,2023-10-18 21:46:00,2023-10-18 22:10:00,1,0.9377844,1,1,Buy
3943,SPCE,2023-10-19 13:44:00,2023-10-19 14:12:00,1,0.9410797,1,1,Buy
3027,SPCE,2023-10-19 16:16:00,2023-10-19 16:25:00,1,0.95449275,1,1,Buy
6749,SPCE,2023-10-19 19:51:00,2023-10-19 20:17:00,1,0.9509315,1,1,Buy
2270,SPCE,2023-10-20 04:00:00,2023-10-20 04:18:00,1,0.9391417,1,1,Buy
5128,SPCE,2023-10-20 04:47:00,2023-10-20 05:01:00,0,0.14554119,0,0,Sell
3218,SPCE,2023-10-20 06:07:00,2023-10-20 06:27:00,0,0.56819034,1,0,Hold
4061,SPCE,2023-10-20 06:57:00,2023-10-20 07:16:00,0,0.4893234,0,0,Hold
541,SPCE,2023-10-21 09:42:00,2023-10-21 10:04:00,0,0.07220342,0,0,Sell
6017,SPCE,2023-10-23 04:42:00,2023-10-23 05:02:00,0,0.37478524,0,0,Sell
923,SPCE,2023-10-23 15:29:00,2023-10-23 15:49:00,0,0.04885966,0,0,Sell
421,SPCE,2023-10-23 23:39:00,2023-10-24 00:05:00,1,0.7679768,1,1,Buy
8593,SPCE,2023-10-25 02:45:00,2023-10-25 03:08:00,0,0.06758956,0,0,Sell
7504,SPCE,2023-10-25 10:30:00,2023-10-25 10:47:00,0,0.052399132,0,0,Sell
7839,SPCE,2023-10-25 21:58:00,2023-10-25 22:16:00,0,0.19003588,0,0,Sell
5743,SPCE,2023-10-25 22:24:00,2023-10-25 22:47:00,1,0.15739088,0,1,Sell
3842,SPCE,2023-10-26 08:19:00,2023-10-26 08:44:00,1,0.92336464,1,1,Buy
9886,SPCE,2023-10-26 19:55:00,2023-10-26 20:16:00,1,0.94966495,1,1,Buy
3053,SPCE,2023-10-27 02:25:00,2023-10-27 02:39:00,0,0.48703748,0,0,Hold
3554,SPCE,2023-10-27 17:53:00,2023-10-27 18:14:00,0,0.49295864,0,0,Hold
3052,SPCE,2023-10-27 23:45:00,2023-10-27 23:50:00,1,0.95262337,1,1,Buy
6284,SPCE,2023-10-28 08:15:00,2023-10-28 08:36:00,0,0.07356051,0,0,Sell
3807,SPCE,2023-10-28 09:48:00,2023-10-28 10:14:00,1,0.9449307,1,1,Buy
7085,SPCE,2023-10-28 13:31:00,2023-10-28 13:48:00,0,0.089598104,0,0,Sell
1465,SPCE,2023-10-29 14:52:00,2023-10-29 15:02:00,1,0.9616907,1,1,Buy
925,SPCE,2023-10-30 04:44:00,2023-10-30 05:06:00,0,0.5860277,1,0,Hold
3091,SPCE,2023-10-30 09:30:00,2023-10-30 09:43:00,1,0.9514435,1,1,Buy
5363,SPCE,2023-10-30 15:02:00,2023-10-30 15:10:00,1,0.9578778,1,1,Buy
9812,SPCE,2023-11-01 09:26:00,2023-11-01 09:56:00,0,0.12765281,0,0,Sell
3279,SPCE,2023-11-01 13:02:00,2023-11-01 13:16:00,0,0.49624225,0,0,Hold
954,SPCE,2023-11-01 19:34:00,2023-11-01 19:51:00,0,0.08918064,0,0,Sell
6613,SPCE,2023-11-02 14:41:00,2023-11-02 15:00:00,0,0.04465413,0,0,Sell
7968,SPCE,2023-11-03 23:00:00,2023-11-03 23:14:00,0,0.052236058,0,0,Sell
6746,SPCE,2023-11-04 03:21:00,2023-11-04 03:50:00,0,0.28840873,0,0,Sell
2717,SPCE,2023-11-04 09:03:00,2023-11-04 09:31:00,1,0.14519368,0,1,Sell
3235,SPCE,2023-11-04 22:16:00,2023-11-04 22:38:00,0,0.42212716,0,0,Hold
234,SPCE,2023-11-05 01:28:00,2023-11-05 01:46:00,1,0.7288619,1,1,Buy
1596,SPCE,2023-11-05 09:10:00,2023-11-05 09:35:00,0,0.20546487,0,0,Sell
1023,SPCE,2023-11-05 18:44:00,2023-11-05 18:53:00,0,0.064868405,0,0,Sell
584,SPCE,2023-11-06 02:26:00,2023-11-06 02:38:00,1,0.9022202,1,1,Buy
9372,SPCE,2023-11-06 10:04:00,2023-11-06 10:13:00,0,0.030454682,0,0,Sell
992,SPCE,2023-11-07 00:09:00,2023-11-07 00:20:00,0,0.79857206,1,0,Buy
7662,SPCE,2023-11-07 05:31:00,2023-11-07 05:42:00,1,0.18026002,0,1,Sell
9250,SPCE,2023-11-07 05:38:00,2023-11-07 06:02:00,1,0.35117438,0,1,Sell
2916,SPCE,2023-11-07 19:09:00,2023-11-07 19:31:00,1,0.8202651,1,1,Buy
8500,SPCE,2023-11-07 20:58:00,2023-11-07 21:09:00,0,0.13806258,0,0,Sell
1974,SPCE,2023-11-07 23:30:00,2023-11-07 23:35:00,1,0.9557711,1,1,Buy
3545,SPCE,2023-11-07 23:46:00,2023-11-08 00:10:00,1,0.95983505,1,1,Buy
5631,SPCE,2023-11-08 01:58:00,2023-11-08 02:28:00,1,0.9197569,1,1,Buy
2759,SPCE,2023-11-08 21:22:00,2023-11-08 21:36:00,1,0.9575251,1,1,Buy
269,SPCE,2023-11-09 15:37:00,2023-11-09 15:54:00,1,0.9610779,1,1,Buy
7338,SPCE,2023-11-09 23:46:00,2023-11-09 23:53:00,1,0.6196647,1,1,Buy
9394,SPCE,2023-11-11 19:40:00,2023-11-11 19:59:00,1,0.9641246,1,1,Buy
7293,SPCE,2023-11-12 09:55:00,2023-11-12 10:13:00,1,0.44270393,0,1,Hold
7398,SPCE,2023-11-13 10:33:00,2023-11-13 10:46:00,1,0.9527743,1,1,Buy
886,SPCE,2023-11-14 01:04:00,2023-11-14 01:22:00,1,0.92092246,1,1,Buy
7168,SPCE,2023-11-14 12:50:00,2023-11-14 13:07:00,1,0.6812814,1,1,Buy
9231,SPCE,2023-11-15 13:37:00,2023-11-15 14:06:00,0,0.33035502,0,0,Sell
8654,SPCE,2023-11-15 17:06:00,2023-11-15 17:19:00,0,0.09925078,0,0,Sell
7889,SPCE,2023-11-15 18:47:00,2023-11-15 19:05:00,0,0.1141777,0,0,Sell
555,SPCE,2023-11-16 10:47:00,2023-11-16 11:02:00,1,0.88700324,1,1,Buy
74,SPCE,2023-11-16 13:52:00,2023-11-16 14:03:00,0,0.04985942,0,0,Sell
3860,SPCE,2023-11-17 16:47:00,2023-11-17 17:07:00,1,0.95327723,1,1,Buy
7520,SPCE,2023-11-18 07:03:00,2023-11-18 07:25:00,0,0.06886711,0,0,Sell
143,SPCE,2023-11-18 21:03:00,2023-11-18 21:13:00,1,0.5280971,1,1,Hold
8313,SPCE,2023-11-19 14:01:00,2023-11-19 14:06:00,0,0.046720095,0,0,Sell
3369,SPCE,2023-11-19 19:47:00,2023-11-19 20:17:00,0,0.03150627,0,0,Sell
9912,SPCE,2023-11-19 22:29:00,2023-11-19 22:54:00,1,0.47740763,0,1,Hold
9892,SPCE,2023-11-20 10:26:00,2023-11-20 10:33:00,1,0.8598232,1,1,Buy
9415,SPCE,2023-11-20 11:23:00,2023-11-20 11:39:00,0,0.32746443,0,0,Sell
4818,SPCE,2023-11-20 13:37:00,2023-11-20 13:44:00,0,0.07617092,0,0,Sell
3473,SPCE,2023-11-20 20:55:00,2023-11-20 21:01:00,1,0.9338017,1,1,Buy
6111,SPCE,2023-11-21 01:04:00,2023-11-21 01:30:00,1,0.9113726,1,1,Buy
8563,SPCE,2023-11-21 06:39:00,2023-11-21 06:54:00,1,0.67566216,1,1,Buy
135,SPCE,2023-11-22 11:54:00,2023-11-22 12:15:00,1,0.93259954,1,1,Buy
1609,SPCE,2023-11-22 13:38:00,2023-11-22 13:55:00,1,0.88288033,1,1,Buy
4042,SPCE,2023-11-22 18:36:00,2023-11-22 19:06:00,1,0.95687157,1,1,Buy
9496,SPCE,2023-11-23 00:13:00,2023-11-23 00:35:00,1,0.4700846,0,1,Hold
7255,SPCE,2023-11-23 06:56:00,2023-11-23 07:20:00,1,0.65372854,1,1,Buy
4220,SPCE,2023-11-24 20:28:00,2023-11-24 20:44:00,0,0.08648091,0,0,Sell
2426,SPCE,2023-11-24 23:11:00,2023-11-24 23:24:00,1,0.7312649,1,1,Buy
5620,SPCE,2023-11-25 12:22:00,2023-11-25 12:51:00,1,0.92447007,1,1,Buy
4089,SPCE,2023-11-26 08:38:00,2023-11-26 08:53:00,1,0.2945056,0,1,Sell
7471,SPCE,2023-11-26 15:33:00,2023-11-26 15:56:00,1,0.8936035,1,1,Buy
4569,SPCE,2023-11-27 02:01:00,2023-11-27 02:22:00,1,0.90034086,1,1,Buy
7404,SPCE,2023-11-27 20:07:00,2023-11-27 20:16:00,1,0.91277254,1,1,Buy
8843,SPCE,2023-11-28 02:45:00,2023-11-28 03:06:00,1,0.9238284,1,1,Buy
3834,SPCE,2023-11-28 10:38:00,2023-11-28 10:54:00,0,0.09717953,0,0,Sell
6177,SPCE,2023-11-28 15:52:00,2023-11-28 15:59:00,1,0.654655,1,1,Buy
3496,SPCE,2023-11-28 15:54:00,2023-11-28 16:07:00,0,0.65866876,1,0,Buy
5181,SPCE,2023-11-29 22:45:00,2023-11-29 23:02:00,1,0.95678353,1,1,Buy
3086,SPCE,2023-11-30 03:11:00,2023-11-30 03:30:00,0,0.07282671,0,0,Sell
938,SPCE,2023-12-01 02:25:00,2023-12-01 02:31:00,0,0.22010794,0,0,Sell
7034,SPCE,2023-12-01 06:23:00,2023-12-01 06:40:00,1,0.88812697,1,1,Buy
338,SPCE,2023-12-01 08:15:00,2023-12-01 08:24:00,1,0.9146464,1,1,Buy
5746,SPCE,2023-12-01 15:49:00,2023-12-01 15:59:00,1,0.5110047,1,1,Hold
6520,SPCE,2023-12-02 04:00:00,2023-12-02 04:19:00,1,0.26738632,0,1,Sell
3995,SPCE,2023-12-02 15:32:00,2023-12-02 15:52:00,1,0.96154344,1,1,Buy
8162,SPCE,2023-12-02 18:36:00,2023-12-02 18:49:00,0,0.10524241,0,0,Sell
2514,SPCE,2023-12-03 03:45:00,2023-12-03 03:51:00,0,0.15149254,0,0,Sell
457,SPCE,2023-12-03 06:20:00,2023-12-03 06:27:00,1,0.94185364,1,1,Buy
9511,SPCE,2023-12-03 14:01:00,2023-12-03 14:30:00,0,0.42207152,0,0,Hold
1025,SPCE,2023-12-03 23:30:00,2023-12-03 23:37:00,0,0.31555396,0,0,Sell
9308,SPCE,2023-12-05 05:02:00,2023-12-05 05:07:00,0,0.0005007171,0,0,Sell
8285,SPCE,2023-12-05 14:07:00,2023-12-05 14:25:00,0,0.0018303057,0,0,Sell
5350,SPCE,2023-12-05 18:48:00,2023-12-05 19:13:00,0,0.001147307,0,0,Sell
9039,SPCE,2023-12-06 19:54:00,2023-12-06 20:20:00,1,0.012651677,0,1,Sell
9891,SPCE,2023-12-06 21:41:00,2023-12-06 21:55:00,0,0.000424361,0,0,Sell
882,SPCE,2023-12-07 03:03:00,2023-12-07 03:10:00,0,0.07167736,0,0,Sell
2338,SPCE,2023-12-07 11:41:00,2023-12-07 12:03:00,1,0.441503,0,1,Hold
4001,SPCE,2023-12-07 20:17:00,2023-12-07 20:26:00,0,0.058261752,0,0,Sell
4094,SPCE,2023-12-07 20:34:00,2023-12-07 20:54:00,0,0.40408874,0,0,Hold
3740,SPCE,2023-12-08 08:00:00,2023-12-08 08:09:00,1,0.2874991,0,1,Sell
1368,SPCE,2023-12-08 11:54:00,2023-12-08 12:20:00,0,0.6182184,1,0,Buy
8260,SPCE,2023-12-08 21:41:00,2023-12-08 21:53:00,0,0.053070605,0,0,Sell
983,SPCE,2023-12-09 06:51:00,2023-12-09 07:20:00,0,0.08052233,0,0,Sell
6280,SPCE,2023-12-09 08:36:00,2023-12-09 08:56:00,0,0.2539148,0,0,Sell
8736,SPCE,2023-12-09 14:28:00,2023-12-09 14:44:00,0,0.047197286,0,0,Sell
2094,SPCE,2023-12-09 18:17:00,2023-12-09 18:26:00,1,0.9064282,1,1,Buy
5439,SPCE,2023-12-10 12:40:00,2023-12-10 12:48:00,0,0.085762635,0,0,Sell
3903,SPCE,2023-12-10 15:47:00,2023-12-10 16:17:00,1,0.8464168,1,1,Buy
7298,SPCE,2023-12-10 19:12:00,2023-12-10 19:21:00,0,0.07045547,0,0,Sell
7587,SPCE,2023-12-11 06:01:00,2023-12-11 06:21:00,1,0.92459977,1,1,Buy
442,SPCE,2023-12-11 12:38:00,2023-12-11 13:03:00,0,0.08725323,0,0,Sell
3177,SPCE,2023-12-11 16:30:00,2023-12-11 16:43:00,0,0.052982755,0,0,Sell
9341,SPCE,2023-12-13 12:35:00,2023-12-13 13:03:00,0,0.047149397,0,0,Sell
2608,SPCE,2023-12-13 16:17:00,2023-12-13 16:40:00,1,0.9352504,1,1,Buy
7695,SPCE,2023-12-13 17:09:00,2023-12-13 17:17:00,1,0.9209546,1,1,Buy
563,SPCE,2023-12-14 02:36:00,2023-12-14 02:59:00,1,0.064429134,0,1,Sell
1599,SPCE,2023-12-14 05:43:00,2023-12-14 06:12:00,1,0.9459236,1,1,Buy
1715,SPCE,2023-12-14 08:00:00,2023-12-14 08:30:00,0,0.51299804,1,0,Hold
5445,SPCE,2023-12-14 23:05:00,2023-12-14 23:29:00,0,0.050712135,0,0,Sell
6591,SPCE,2023-12-14 23:29:00,2023-12-14 23:56:00,1,0.3647102,0,1,Sell
3341,SPCE,2023-12-15 22:14:00,2023-12-15 22:28:00,0,0.046945944,0,0,Sell
1000,SPCE,2023-12-16 00:40:00,2023-12-16 00:51:00,0,0.14185016,0,0,Sell
7582,SPCE,2023-12-16 19:11:00,2023-12-16 19:26:00,0,0.21299142,0,0,Sell
1801,SPCE,2023-12-17 14:23:00,2023-12-17 14:37:00,0,0.053500604,0,0,Sell
4407,SPCE,2023-12-17 18:27:00,2023-12-17 18:45:00,0,0.04368395,0,0,Sell
3981,SPCE,2023-12-17 22:36:00,2023-12-17 22:47:00,1,0.4675392,0,1,Hold
368,SPCE,2023-12-19 02:02:00,2023-12-19 02:28:00,0,0.066783644,0,0,Sell
4893,SPCE,2023-12-19 19:50:00,2023-12-19 20:01:00,0,0.034995288,0,0,Sell
9857,SPCE,2023-12-19 21:56:00,2023-12-19 22:18:00,1,0.06248969,0,1,Sell
2210,SPCE,2023-12-20 02:54:00,2023-12-20 03:00:00,0,0.08843683,0,0,Sell
8028,SPCE,2023-12-21 08:39:00,2023-12-21 08:51:00,1,0.90657675,1,1,Buy
4822,SPCE,2023-12-22 01:56:00,2023-12-22 02:17:00,1,0.90842843,1,1,Buy
1263,SPCE,2023-12-22 04:41:00,2023-12-22 04:50:00,1,0.92844087,1,1,Buy
5510,SPCE,2023-12-22 04:50:00,2023-12-22 04:56:00,1,0.93110096,1,1,Buy
7619,SPCE,2023-12-22 10:16:00,2023-12-22 10:32:00,0,0.10503622,0,0,Sell
4815,SPCE,2023-12-24 12:03:00,2023-12-24 12:33:00,1,0.94777375,1,1,Buy
6723,SPCE,2023-12-24 15:55:00,2023-12-24 16:13:00,1,0.97432476,1,1,Buy
4647,SPCE,2023-12-24 16:10:00,2023-12-24 16:26:00,1,0.96926826,1,1,Buy
1311,SPCE,2023-12-26 07:59:00,2023-12-26 08:15:00,1,0.941902,1,1,Buy
4834,SPCE,2023-12-26 09:29:00,2023-12-26 09:58:00,0,0.14413795,0,0,Sell
8609,SPCE,2023-12-26 20:13:00,2023-12-26 20:37:00,1,0.9565568,1,1,Buy
7573,SPCE,2023-12-27 04:43:00,2023-12-27 04:51:00,1,0.81790644,1,1,Buy
7140,SPCE,2023-12-27 06:18:00,2023-12-27 06:44:00,1,0.0884822,0,1,Sell
42,SPCE,2023-12-27 08:30:00,2023-12-27 08:56:00,0,0.0928125,0,0,Sell
3891,SPCE,2023-12-28 03:12:00,2023-12-28 03:25:00,0,0.09808411,0,0,Sell
5028,SPCE,2023-12-28 14:55:00,2023-12-28 15:00:00,0,0.06779329,0,0,Sell
9666,SPCE,2023-12-28 18:38:00,2023-12-28 19:04:00,0,0.92202914,1,0,Buy
7849,SPCE,2023-12-29 14:44:00,2023-12-29 15:14:00,0,0.4018154,0,0,Hold
5372,SPCE,2023-12-30 06:00:00,2023-12-30 06:14:00,0,0.114177376,0,0,Sell
4939,SPCE,2023-12-30 08:39:00,2023-12-30 08:56:00,1,0.9319832,1,1,Buy
382,SPCE,2023-12-30 12:37:00,2023-12-30 13:00:00,0,0.36058688,0,0,Sell
5338,SPCE,2023-12-31 08:23:00,2023-12-31 08:31:00,1,0.91293746,1,1,Buy
201,SPCE,2023-12-31 16:42:00,2023-12-31 17:07:00,1,0.2655584,0,1,Sell
2283,SPCE,2023-12-31 19:04:00,2023-12-31 19:27:00,0,0.076096684,0,0,Sell
3677,SPCE,2024-01-01 20:39:00,2024-01-01 21:01:00,1,0.9353433,1,1,Buy
2296,TSLA,2023-01-01 07:05:00,2023-01-01 07:10:00,0,0.784291,1,0,Buy
3071,TSLA,2023-01-02 12:17:00,2023-01-02 12:30:00,1,0.7910499,1,1,Buy
7704,TSLA,2023-01-03 15:08:00,2023-01-03 15:13:00,0,0.062096287,0,0,Sell
375,TSLA,2023-01-03 23:47:00,2023-01-03 23:53:00,1,0.93833333,1,1,Buy
1281,TSLA,2023-01-04 22:34:00,2023-01-04 22:39:00,1,0.9543481,1,1,Buy
1235,TSLA,2023-01-05 01:01:00,2023-01-05 01:18:00,1,0.8029165,1,1,Buy
4127,TSLA,2023-01-05 02:29:00,2023-01-05 02:40:00,0,0.089251816,0,0,Sell
1770,TSLA,2023-01-05 14:34:00,2023-01-05 14:50:00,0,0.05375391,0,0,Sell
4219,TSLA,2023-01-05 22:13:00,2023-01-05 22:25:00,1,0.95140755,1,1,Buy
7507,TSLA,2023-01-06 16:56:00,2023-01-06 17:10:00,0,0.46384823,0,0,Hold
3660,TSLA,2023-01-07 02:14:00,2023-01-07 02:37:00,0,0.044820562,0,0,Sell
8566,TSLA,2023-01-07 03:06:00,2023-01-07 03:17:00,1,0.89870465,1,1,Buy
5890,TSLA,2023-01-07 08:05:00,2023-01-07 08:16:00,1,0.95959955,1,1,Buy
8922,TSLA,2023-01-07 10:28:00,2023-01-07 10:33:00,0,0.8071094,1,0,Buy
9658,TSLA,2023-01-08 02:19:00,2023-01-08 02:43:00,1,0.9742244,1,1,Buy
733,TSLA,2023-01-08 06:50:00,2023-01-08 06:56:00,0,0.9220957,1,0,Buy
4860,TSLA,2023-01-08 09:25:00,2023-01-08 09:35:00,0,0.9325443,1,0,Buy
1216,TSLA,2023-01-09 22:44:00,2023-01-09 23:13:00,0,0.15698144,0,0,Sell
7109,TSLA,2023-01-10 23:23:00,2023-01-10 23:48:00,0,0.20896569,0,0,Sell
8679,TSLA,2023-01-11 09:31:00,2023-01-11 09:57:00,1,0.19223358,0,1,Sell
1211,TSLA,2023-01-11 20:01:00,2023-01-11 20:28:00,1,0.9121563,1,1,Buy
5984,TSLA,2023-01-12 00:47:00,2023-01-12 01:04:00,1,0.88831365,1,1,Buy
8184,TSLA,2023-01-12 10:10:00,2023-01-12 10:38:00,1,0.2529995,0,1,Sell
4326,TSLA,2023-01-13 00:35:00,2023-01-13 00:47:00,0,0.10806149,0,0,Sell
3682,TSLA,2023-01-13 13:31:00,2023-01-13 13:53:00,1,0.9338875,1,1,Buy
3230,TSLA,2023-01-13 14:50:00,2023-01-13 15:06:00,0,0.06539504,0,0,Sell
3207,TSLA,2023-01-14 00:45:00,2023-01-14 00:52:00,0,0.067732446,0,0,Sell
5073,TSLA,2023-01-14 01:20:00,2023-01-14 01:46:00,0,0.06698017,0,0,Sell
9368,TSLA,2023-01-14 04:18:00,2023-01-14 04:33:00,0,0.26212403,0,0,Sell
7831,TSLA,2023-01-14 06:47:00,2023-01-14 06:56:00,0,0.05615375,0,0,Sell
1160,TSLA,2023-01-15 07:04:00,2023-01-15 07:11:00,0,0.03891446,0,0,Sell
740,TSLA,2023-01-16 01:29:00,2023-01-16 01:40:00,1,0.87563294,1,1,Buy
5353,TSLA,2023-01-16 02:56:00,2023-01-16 03:02:00,0,0.08212992,0,0,Sell
7356,TSLA,2023-01-16 13:11:00,2023-01-16 13:37:00,1,0.6998723,1,1,Buy
9234,TSLA,2023-01-16 14:00:00,2023-01-16 14:21:00,0,0.06940768,0,0,Sell
4864,TSLA,2023-01-16 17:04:00,2023-01-16 17:14:00,1,0.9391578,1,1,Buy
6380,TSLA,2023-01-16 20:28:00,2023-01-16 20:48:00,0,0.40776023,0,0,Hold
3331,TSLA,2023-01-16 22:53:00,2023-01-16 23:01:00,0,0.5831288,1,0,Hold
1250,TSLA,2023-01-17 07:23:00,2023-01-17 07:33:00,0,0.075263575,0,0,Sell
3924,TSLA,2023-01-18 00:52:00,2023-01-18 01:01:00,0,0.35493243,0,0,Sell
1103,TSLA,2023-01-18 04:57:00,2023-01-18 05:16:00,0,0.07615153,0,0,Sell
3910,TSLA,2023-01-18 08:15:00,2023-01-18 08:41:00,1,0.9188646,1,1,Buy
8870,TSLA,2023-01-19 11:15:00,2023-01-19 11:39:00,1,0.58852047,1,1,Hold
5858,TSLA,2023-01-20 06:58:00,2023-01-20 07:15:00,0,0.082136355,0,0,Sell
2675,TSLA,2023-01-20 07:39:00,2023-01-20 07:55:00,0,0.0526014,0,0,Sell
9984,TSLA,2023-01-20 10:49:00,2023-01-20 11:00:00,0,0.07094244,0,0,Sell
1756,TSLA,2023-01-20 20:10:00,2023-01-20 20:29:00,1,0.9273245,1,1,Buy
84,TSLA,2023-01-21 01:45:00,2023-01-21 02:10:00,0,0.7063865,1,0,Buy
9425,TSLA,2023-01-22 05:28:00,2023-01-22 05:49:00,0,0.049024396,0,0,Sell
3255,TSLA,2023-01-22 14:11:00,2023-01-22 14:19:00,1,0.052393496,0,1,Sell
7045,TSLA,2023-01-23 01:20:00,2023-01-23 01:28:00,1,0.91120285,1,1,Buy
7019,TSLA,2023-01-23 09:06:00,2023-01-23 09:32:00,0,0.34312418,0,0,Sell
2702,TSLA,2023-01-25 03:50:00,2023-01-25 04:12:00,0,0.094461955,0,0,Sell
6925,TSLA,2023-01-25 16:15:00,2023-01-25 16:24:00,0,0.061729714,0,0,Sell
347,TSLA,2023-01-25 20:36:00,2023-01-25 20:42:00,1,0.9363085,1,1,Buy
5381,TSLA,2023-01-26 21:08:00,2023-01-26 21:27:00,1,0.94052356,1,1,Buy
862,TSLA,2023-01-27 04:47:00,2023-01-27 05:01:00,0,0.32644424,0,0,Sell
422,TSLA,2023-01-27 08:02:00,2023-01-27 08:25:00,1,0.49180812,0,1,Hold
753,TSLA,2023-01-29 12:02:00,2023-01-29 12:10:00,0,0.0611562,0,0,Sell
9271,TSLA,2023-01-29 12:48:00,2023-01-29 13:09:00,0,0.112868,0,0,Sell
9825,TSLA,2023-01-30 00:04:00,2023-01-30 00:11:00,1,0.57583684,1,1,Hold
6796,TSLA,2023-01-30 07:36:00,2023-01-30 07:45:00,0,0.51272476,1,0,Hold
5758,TSLA,2023-01-31 05:20:00,2023-01-31 05:47:00,0,0.08418612,0,0,Sell
6891,TSLA,2023-01-31 13:11:00,2023-01-31 13:32:00,1,0.92315286,1,1,Buy
434,TSLA,2023-01-31 15:04:00,2023-01-31 15:18:00,1,0.93540174,1,1,Buy
5178,TSLA,2023-02-01 00:24:00,2023-02-01 00:53:00,0,0.47552598,0,0,Hold
4167,TSLA,2023-02-01 02:40:00,2023-02-01 03:04:00,0,0.48783535,0,0,Hold
6519,TSLA,2023-02-01 20:24:00,2023-02-01 20:38:00,0,0.06558585,0,0,Sell
3229,TSLA,2023-02-01 21:18:00,2023-02-01 21:45:00,0,0.28167412,0,0,Sell
2827,TSLA,2023-02-02 02:10:00,2023-02-02 02:32:00,1,0.7787778,1,1,Buy
4372,TSLA,2023-02-02 22:40:00,2023-02-02 22:47:00,0,0.058776386,0,0,Sell
6176,TSLA,2023-02-03 08:35:00,2023-02-03 09:02:00,1,0.20740053,0,1,Sell
411,TSLA,2023-02-03 14:46:00,2023-02-03 15:16:00,1,0.5260495,1,1,Hold
3522,TSLA,2023-02-04 07:27:00,2023-02-04 07:32:00,0,0.08836883,0,0,Sell
6747,TSLA,2023-02-05 05:54:00,2023-02-05 06:04:00,0,0.40381607,0,0,Hold
2643,TSLA,2023-02-05 10:50:00,2023-02-05 11:15:00,0,0.08611055,0,0,Sell
4956,TSLA,2023-02-06 03:17:00,2023-02-06 03:40:00,1,0.917409,1,1,Buy
7764,TSLA,2023-02-06 04:06:00,2023-02-06 04:16:00,1,0.8236372,1,1,Buy
2714,TSLA,2023-02-06 11:38:00,2023-02-06 12:03:00,1,0.9373991,1,1,Buy
6305,TSLA,2023-02-06 23:29:00,2023-02-06 23:55:00,0,0.17784671,0,0,Sell
3893,TSLA,2023-02-07 05:52:00,2023-02-07 06:01:00,0,0.53507316,1,0,Hold
689,TSLA,2023-02-07 18:40:00,2023-02-07 19:10:00,1,0.9463863,1,1,Buy
1893,TSLA,2023-02-08 18:04:00,2023-02-08 18:16:00,0,0.5116675,1,0,Hold
840,TSLA,2023-02-09 00:39:00,2023-02-09 00:56:00,1,0.9162352,1,1,Buy
2232,TSLA,2023-02-09 02:50:00,2023-02-09 03:06:00,1,0.745384,1,1,Buy
1287,TSLA,2023-02-09 17:26:00,2023-02-09 17:54:00,0,0.5604117,1,0,Hold
6915,TSLA,2023-02-09 22:27:00,2023-02-09 22:44:00,0,0.12413288,0,0,Sell
2552,TSLA,2023-02-10 11:53:00,2023-02-10 12:05:00,0,0.067993864,0,0,Sell
9323,TSLA,2023-02-10 20:09:00,2023-02-10 20:27:00,0,0.92147195,1,0,Buy
7597,TSLA,2023-02-10 23:22:00,2023-02-10 23:38:00,1,0.9431644,1,1,Buy
479,TSLA,2023-02-12 05:41:00,2023-02-12 05:56:00,1,0.55850714,1,1,Hold
6875,TSLA,2023-02-13 12:00:00,2023-02-13 12:26:00,1,0.88570905,1,1,Buy
3974,TSLA,2023-02-13 21:31:00,2023-02-13 21:41:00,1,0.9547362,1,1,Buy
9046,TSLA,2023-02-14 01:03:00,2023-02-14 01:13:00,0,0.61393994,1,0,Buy
9794,TSLA,2023-02-14 02:30:00,2023-02-14 02:45:00,0,0.6201474,1,0,Buy
6193,TSLA,2023-02-15 03:43:00,2023-02-15 03:56:00,1,0.6255687,1,1,Buy
5203,TSLA,2023-02-15 10:11:00,2023-02-15 10:37:00,1,0.6998151,1,1,Buy
1789,TSLA,2023-02-17 05:23:00,2023-02-17 05:29:00,0,0.34009275,0,0,Sell
4113,TSLA,2023-02-17 08:58:00,2023-02-17 09:13:00,0,0.07373147,0,0,Sell
4235,TSLA,2023-02-18 03:41:00,2023-02-18 03:58:00,0,0.053893585,0,0,Sell
3631,TSLA,2023-02-18 10:39:00,2023-02-18 10:58:00,0,0.041644987,0,0,Sell
8684,TSLA,2023-02-18 18:09:00,2023-02-18 18:20:00,0,0.26477262,0,0,Sell
6242,TSLA,2023-02-18 23:43:00,2023-02-19 00:05:00,0,0.35185903,0,0,Sell
8496,TSLA,2023-02-20 04:49:00,2023-02-20 05:02:00,1,0.08026336,0,1,Sell
4586,TSLA,2023-02-20 12:25:00,2023-02-20 12:47:00,0,0.07882711,0,0,Sell
9683,TSLA,2023-02-22 01:19:00,2023-02-22 01:24:00,1,0.9202625,1,1,Buy
3744,TSLA,2023-02-22 16:05:00,2023-02-22 16:26:00,1,0.08632468,0,1,Sell
3610,TSLA,2023-02-23 05:27:00,2023-02-23 05:44:00,0,0.33442515,0,0,Sell
8352,TSLA,2023-02-24 00:08:00,2023-02-24 00:33:00,0,0.10288115,0,0,Sell
6619,TSLA,2023-02-24 07:17:00,2023-02-24 07:45:00,1,0.4441167,0,1,Hold
2316,TSLA,2023-02-24 20:44:00,2023-02-24 21:13:00,1,0.8397608,1,1,Buy
8540,TSLA,2023-02-25 07:03:00,2023-02-25 07:28:00,0,0.18272628,0,0,Sell
2414,TSLA,2023-02-25 22:11:00,2023-02-25 22:37:00,1,0.94151133,1,1,Buy
400,TSLA,2023-02-25 22:20:00,2023-02-25 22:35:00,0,0.05765524,0,0,Sell
8021,TSLA,2023-02-26 02:31:00,2023-02-26 02:51:00,0,0.05001944,0,0,Sell
2346,TSLA,2023-02-26 06:43:00,2023-02-26 06:59:00,1,0.9159671,1,1,Buy
9113,TSLA,2023-02-26 19:09:00,2023-02-26 19:31:00,1,0.924937,1,1,Buy
7696,TSLA,2023-02-26 20:17:00,2023-02-26 20:36:00,0,0.41403005,0,0,Hold
9875,TSLA,2023-02-27 00:05:00,2023-02-27 00:17:00,1,0.44622153,0,1,Hold
8005,TSLA,2023-02-27 01:39:00,2023-02-27 02:04:00,1,0.9612471,1,1,Buy
7330,TSLA,2023-02-27 11:22:00,2023-02-27 11:31:00,1,0.81639785,1,1,Buy
4059,TSLA,2023-02-27 15:05:00,2023-02-27 15:24:00,1,0.7003622,1,1,Buy
3550,TSLA,2023-02-27 15:17:00,2023-02-27 15:29:00,1,0.9737336,1,1,Buy
8010,TSLA,2023-02-27 20:51:00,2023-02-27 21:01:00,1,0.85061026,1,1,Buy
9751,TSLA,2023-02-28 16:27:00,2023-02-28 16:40:00,1,0.5365398,1,1,Hold
3239,TSLA,2023-03-01 02:01:00,2023-03-01 02:23:00,0,0.07885695,0,0,Sell
6463,TSLA,2023-03-01 22:40:00,2023-03-01 22:53:00,0,0.07324476,0,0,Sell
7237,TSLA,2023-03-02 07:51:00,2023-03-02 08:08:00,0,0.8896342,1,0,Buy
4933,TSLA,2023-03-03 11:48:00,2023-03-03 12:00:00,0,0.044042375,0,0,Sell
4104,TSLA,2023-03-04 14:29:00,2023-03-04 14:38:00,0,0.244853,0,0,Sell
3067,TSLA,2023-03-04 15:21:00,2023-03-04 15:32:00,0,0.043042812,0,0,Sell
2152,TSLA,2023-03-04 19:17:00,2023-03-04 19:43:00,1,0.33471078,0,1,Sell
7894,TSLA,2023-03-05 08:08:00,2023-03-05 08:28:00,0,0.05612219,0,0,Sell
8482,TSLA,2023-03-05 11:41:00,2023-03-05 12:05:00,1,0.92734253,1,1,Buy
8813,TSLA,2023-03-06 09:59:00,2023-03-06 10:08:00,1,0.9291669,1,1,Buy
1941,TSLA,2023-03-07 04:53:00,2023-03-07 05:19:00,1,0.92485994,1,1,Buy
6103,TSLA,2023-03-08 10:20:00,2023-03-08 10:26:00,0,0.4222705,0,0,Hold
6195,TSLA,2023-03-08 22:46:00,2023-03-08 23:03:00,1,0.9606436,1,1,Buy
5403,TSLA,2023-03-09 08:03:00,2023-03-09 08:18:00,1,0.9432835,1,1,Buy
5929,TSLA,2023-03-09 18:22:00,2023-03-09 18:46:00,1,0.6826299,1,1,Buy
907,TSLA,2023-03-10 05:30:00,2023-03-10 05:37:00,0,0.5476288,1,0,Hold
861,TSLA,2023-03-11 01:03:00,2023-03-11 01:26:00,0,0.090759255,0,0,Sell
3471,TSLA,2023-03-11 09:00:00,2023-03-11 09:12:00,1,0.94056517,1,1,Buy
6116,TSLA,2023-03-11 11:17:00,2023-03-11 11:43:00,1,0.9033322,1,1,Buy
5144,TSLA,2023-03-12 02:16:00,2023-03-12 02:21:00,0,0.45403132,0,0,Hold
8186,TSLA,2023-03-12 02:46:00,2023-03-12 03:07:00,0,0.41947755,0,0,Hold
4029,TSLA,2023-03-12 16:09:00,2023-03-12 16:38:00,0,0.6305101,1,0,Buy
4911,TSLA,2023-03-12 23:53:00,2023-03-13 00:16:00,1,0.94207203,1,1,Buy
6286,TSLA,2023-03-13 01:00:00,2023-03-13 01:14:00,1,0.9096913,1,1,Buy
650,TSLA,2023-03-13 06:34:00,2023-03-13 06:53:00,0,0.5281326,1,0,Hold
5398,TSLA,2023-03-13 18:40:00,2023-03-13 18:52:00,1,0.982913,1,1,Buy
8538,TSLA,2023-03-14 06:23:00,2023-03-14 06:34:00,0,0.24208076,0,0,Sell
7648,TSLA,2023-03-15 00:16:00,2023-03-15 00:45:00,1,0.95170945,1,1,Buy
9027,TSLA,2023-03-15 08:33:00,2023-03-15 08:49:00,1,0.96822137,1,1,Buy
1173,TSLA,2023-03-16 03:59:00,2023-03-16 04:10:00,1,0.9631072,1,1,Buy
9296,TSLA,2023-03-16 08:15:00,2023-03-16 08:24:00,0,0.058283903,0,0,Sell
350,TSLA,2023-03-16 08:35:00,2023-03-16 09:01:00,1,0.93344945,1,1,Buy
2754,TSLA,2023-03-18 11:12:00,2023-03-18 11:21:00,1,0.9358215,1,1,Buy
3333,TSLA,2023-03-18 16:27:00,2023-03-18 16:57:00,0,0.046303988,0,0,Sell
7442,TSLA,2023-03-18 21:22:00,2023-03-18 21:35:00,0,0.033540294,0,0,Sell
4073,TSLA,2023-03-19 02:56:00,2023-03-19 03:18:00,0,0.20890754,0,0,Sell
146,TSLA,2023-03-19 08:40:00,2023-03-19 08:53:00,1,0.915461,1,1,Buy
8803,TSLA,2023-03-19 09:28:00,2023-03-19 09:53:00,1,0.93264997,1,1,Buy
141,TSLA,2023-03-20 08:02:00,2023-03-20 08:15:00,0,0.5187345,1,0,Hold
3373,TSLA,2023-03-20 13:06:00,2023-03-20 13:17:00,0,0.075567834,0,0,Sell
6142,TSLA,2023-03-20 23:04:00,2023-03-20 23:13:00,1,0.92302257,1,1,Buy
7564,TSLA,2023-03-20 23:39:00,2023-03-20 23:55:00,1,0.5647834,1,1,Hold
2048,TSLA,2023-03-21 16:18:00,2023-03-21 16:40:00,1,0.9341694,1,1,Buy
6676,TSLA,2023-03-21 16:29:00,2023-03-21 16:40:00,0,0.065602034,0,0,Sell
3170,TSLA,2023-03-21 17:52:00,2023-03-21 18:00:00,1,0.9397956,1,1,Buy
1308,TSLA,2023-03-21 20:42:00,2023-03-21 21:12:00,1,0.5771483,1,1,Hold
8650,TSLA,2023-03-22 10:57:00,2023-03-22 11:27:00,1,0.93658555,1,1,Buy
5738,TSLA,2023-03-22 15:48:00,2023-03-22 16:04:00,1,0.57324576,1,1,Hold
9535,TSLA,2023-03-23 13:08:00,2023-03-23 13:37:00,0,0.0948526,0,0,Sell
7430,TSLA,2023-03-23 19:53:00,2023-03-23 20:15:00,0,0.41695696,0,0,Hold
4607,TSLA,2023-03-24 10:05:00,2023-03-24 10:23:00,1,0.92731786,1,1,Buy
8812,TSLA,2023-03-24 21:43:00,2023-03-24 21:57:00,0,0.12368325,0,0,Sell
2354,TSLA,2023-03-25 00:07:00,2023-03-25 00:31:00,0,0.07713225,0,0,Sell
1767,TSLA,2023-03-25 03:22:00,2023-03-25 03:29:00,1,0.9484463,1,1,Buy
1911,TSLA,2023-03-25 13:58:00,2023-03-25 14:26:00,1,0.94883794,1,1,Buy
769,TSLA,2023-03-25 22:10:00,2023-03-25 22:40:00,1,0.953484,1,1,Buy
5035,TSLA,2023-03-26 01:42:00,2023-03-26 02:04:00,0,0.094972715,0,0,Sell
4177,TSLA,2023-03-26 17:15:00,2023-03-26 17:28:00,0,0.06598911,0,0,Sell
2994,TSLA,2023-03-27 00:36:00,2023-03-27 00:47:00,1,0.4162396,0,1,Hold
2672,TSLA,2023-03-27 01:00:00,2023-03-27 01:07:00,0,0.085082695,0,0,Sell
1787,TSLA,2023-03-27 01:50:00,2023-03-27 01:58:00,1,0.89566016,1,1,Buy
9166,TSLA,2023-03-27 04:23:00,2023-03-27 04:33:00,1,0.903451,1,1,Buy
3990,TSLA,2023-03-27 06:33:00,2023-03-27 06:40:00,1,0.9311591,1,1,Buy
9978,TSLA,2023-03-27 11:28:00,2023-03-27 11:51:00,1,0.5846304,1,1,Hold
804,TSLA,2023-03-27 16:06:00,2023-03-27 16:23:00,0,0.104746915,0,0,Sell
707,TSLA,2023-03-27 20:27:00,2023-03-27 20:54:00,1,0.95258236,1,1,Buy
9015,TSLA,2023-03-27 23:56:00,2023-03-28 00:11:00,0,0.6602837,1,0,Buy
6590,TSLA,2023-03-28 19:01:00,2023-03-28 19:31:00,0,0.7501279,1,0,Buy
8723,TSLA,2023-03-28 23:12:00,2023-03-28 23:22:00,0,0.0847923,0,0,Sell
4439,TSLA,2023-03-29 01:57:00,2023-03-29 02:13:00,1,0.9119665,1,1,Buy
378,TSLA,2023-03-29 09:36:00,2023-03-29 10:05:00,1,0.92154473,1,1,Buy
4555,TSLA,2023-03-29 17:59:00,2023-03-29 18:05:00,1,0.37292522,0,1,Sell
5025,TSLA,2023-03-30 02:14:00,2023-03-30 02:35:00,0,0.081904225,0,0,Sell
2535,TSLA,2023-03-30 10:24:00,2023-03-30 10:36:00,0,0.45797014,0,0,Hold
9724,TSLA,2023-03-31 00:24:00,2023-03-31 00:35:00,1,0.5604214,1,1,Hold
5234,TSLA,2023-03-31 05:17:00,2023-03-31 05:44:00,0,0.06644478,0,0,Sell
824,TSLA,2023-03-31 05:20:00,2023-03-31 05:46:00,0,0.031817075,0,0,Sell
3175,TSLA,2023-03-31 05:38:00,2023-03-31 05:48:00,1,0.22465238,0,1,Sell
2839,TSLA,2023-03-31 17:44:00,2023-03-31 18:04:00,1,0.9302291,1,1,Buy
8020,TSLA,2023-03-31 18:51:00,2023-03-31 19:01:00,0,0.32974544,0,0,Sell
5229,TSLA,2023-04-01 01:47:00,2023-04-01 02:07:00,0,0.07694507,0,0,Sell
6589,TSLA,2023-04-01 10:42:00,2023-04-01 11:04:00,1,0.4816631,0,1,Hold
2044,TSLA,2023-04-01 18:58:00,2023-04-01 19:03:00,1,0.102313444,0,1,Sell
1751,TSLA,2023-04-01 19:51:00,2023-04-01 20:13:00,1,0.596862,1,1,Hold
2975,TSLA,2023-04-02 22:03:00,2023-04-02 22:17:00,0,0.8642052,1,0,Buy
5808,TSLA,2023-04-03 00:43:00,2023-04-03 01:11:00,0,0.09694619,0,0,Sell
1121,TSLA,2023-04-03 01:04:00,2023-04-03 01:12:00,0,0.109481655,0,0,Sell
2968,TSLA,2023-04-03 02:24:00,2023-04-03 02:47:00,1,0.91655153,1,1,Buy
7149,TSLA,2023-04-03 05:24:00,2023-04-03 05:36:00,0,0.44904044,0,0,Hold
3937,TSLA,2023-04-03 12:55:00,2023-04-03 13:18:00,1,0.8286369,1,1,Buy
2380,TSLA,2023-04-04 05:26:00,2023-04-04 05:32:00,0,0.079642184,0,0,Sell
6645,TSLA,2023-04-05 21:25:00,2023-04-05 21:49:00,0,0.11037253,0,0,Sell
8106,TSLA,2023-04-06 02:39:00,2023-04-06 03:02:00,1,0.9706594,1,1,Buy
9045,TSLA,2023-04-06 11:38:00,2023-04-06 11:55:00,0,0.15180685,0,0,Sell
1404,TSLA,2023-04-06 15:44:00,2023-04-06 16:12:00,0,0.11522373,0,0,Sell
6680,TSLA,2023-04-06 18:28:00,2023-04-06 18:43:00,1,0.97515374,1,1,Buy
258,TSLA,2023-04-07 02:03:00,2023-04-07 02:11:00,0,0.19876817,0,0,Sell
4299,TSLA,2023-04-07 08:47:00,2023-04-07 09:13:00,0,0.0408967,0,0,Sell
1533,TSLA,2023-04-07 09:32:00,2023-04-07 09:57:00,0,0.05264825,0,0,Sell
4023,TSLA,2023-04-07 11:21:00,2023-04-07 11:28:00,0,0.060652867,0,0,Sell
462,TSLA,2023-04-07 14:50:00,2023-04-07 15:15:00,0,0.062109593,0,0,Sell
9407,TSLA,2023-04-08 07:48:00,2023-04-08 08:12:00,1,0.8724138,1,1,Buy
1423,TSLA,2023-04-08 16:11:00,2023-04-08 16:40:00,1,0.9348872,1,1,Buy
8263,TSLA,2023-04-08 22:06:00,2023-04-08 22:14:00,0,0.053015947,0,0,Sell
7505,TSLA,2023-04-09 03:05:00,2023-04-09 03:25:00,0,0.91466326,1,0,Buy
7180,TSLA,2023-04-09 22:08:00,2023-04-09 22:17:00,0,0.2470883,0,0,Sell
283,TSLA,2023-04-10 02:41:00,2023-04-10 02:54:00,0,0.120502114,0,0,Sell
173,TSLA,2023-04-10 09:37:00,2023-04-10 09:43:00,0,0.44611666,0,0,Hold
5115,TSLA,2023-04-10 14:10:00,2023-04-10 14:16:00,1,0.21001548,0,1,Sell
2830,TSLA,2023-04-10 18:05:00,2023-04-10 18:26:00,0,0.056590762,0,0,Sell
251,TSLA,2023-04-10 23:45:00,2023-04-11 00:04:00,1,0.60555387,1,1,Buy
6701,TSLA,2023-04-12 04:38:00,2023-04-12 04:45:00,1,0.9021448,1,1,Buy
7865,TSLA,2023-04-12 07:03:00,2023-04-12 07:15:00,0,0.09196505,0,0,Sell
1292,TSLA,2023-04-12 16:26:00,2023-04-12 16:55:00,0,0.4046839,0,0,Hold
6449,TSLA,2023-04-13 19:06:00,2023-04-13 19:13:00,0,0.043014035,0,0,Sell
5506,TSLA,2023-04-13 22:53:00,2023-04-13 23:17:00,0,0.041586407,0,0,Sell
841,TSLA,2023-04-14 03:03:00,2023-04-14 03:16:00,0,0.06350723,0,0,Sell
4938,TSLA,2023-04-14 14:04:00,2023-04-14 14:19:00,0,0.03511195,0,0,Sell
305,TSLA,2023-04-15 04:06:00,2023-04-15 04:31:00,0,0.049873654,0,0,Sell
7176,TSLA,2023-04-15 18:09:00,2023-04-15 18:35:00,0,0.88165677,1,0,Buy
3340,TSLA,2023-04-15 18:36:00,2023-04-15 18:41:00,0,0.03884935,0,0,Sell
3802,TSLA,2023-04-16 16:48:00,2023-04-16 17:06:00,0,0.04255181,0,0,Sell
7108,TSLA,2023-04-17 01:50:00,2023-04-17 02:10:00,1,0.8900751,1,1,Buy
8851,TSLA,2023-04-17 15:08:00,2023-04-17 15:24:00,0,0.05998945,0,0,Sell
2829,TSLA,2023-04-18 14:49:00,2023-04-18 15:04:00,1,0.30054283,0,1,Sell
4018,TSLA,2023-04-20 04:25:00,2023-04-20 04:41:00,0,0.107054725,0,0,Sell
89,TSLA,2023-04-21 00:36:00,2023-04-21 00:59:00,0,0.0945653,0,0,Sell
8778,TSLA,2023-04-21 04:44:00,2023-04-21 05:04:00,1,0.39567038,0,1,Sell
2239,TSLA,2023-04-21 07:40:00,2023-04-21 07:47:00,0,0.059014685,0,0,Sell
1233,TSLA,2023-04-21 13:50:00,2023-04-21 14:04:00,1,0.22614314,0,1,Sell
4214,TSLA,2023-04-21 21:02:00,2023-04-21 21:23:00,0,0.8677608,1,0,Buy
4414,TSLA,2023-04-22 20:34:00,2023-04-22 21:02:00,1,0.3288261,0,1,Sell
6233,TSLA,2023-04-23 13:15:00,2023-04-23 13:24:00,1,0.9294186,1,1,Buy
9436,TSLA,2023-04-23 13:45:00,2023-04-23 14:10:00,0,0.64795685,1,0,Buy
1283,TSLA,2023-04-23 14:17:00,2023-04-23 14:47:00,1,0.93646866,1,1,Buy
1678,TSLA,2023-04-23 23:18:00,2023-04-23 23:32:00,0,0.14663392,0,0,Sell
4471,TSLA,2023-04-24 00:00:00,2023-04-24 00:19:00,0,0.10466726,0,0,Sell
5940,TSLA,2023-04-24 05:14:00,2023-04-24 05:42:00,0,0.07615182,0,0,Sell
7291,TSLA,2023-04-24 22:16:00,2023-04-24 22:44:00,1,0.9195924,1,1,Buy
3999,TSLA,2023-04-25 17:42:00,2023-04-25 17:52:00,1,0.913365,1,1,Buy
9119,TSLA,2023-04-26 15:18:00,2023-04-26 15:38:00,1,0.92251605,1,1,Buy
5375,TSLA,2023-04-26 17:58:00,2023-04-26 18:17:00,1,0.24259853,0,1,Sell
643,TSLA,2023-04-26 21:45:00,2023-04-26 22:07:00,0,0.09080621,0,0,Sell
278,TSLA,2023-04-26 22:47:00,2023-04-26 22:52:00,1,0.9595331,1,1,Buy
2028,TSLA,2023-04-27 01:40:00,2023-04-27 01:53:00,0,0.086002596,0,0,Sell
9470,TSLA,2023-04-27 04:12:00,2023-04-27 04:36:00,0,0.09515791,0,0,Sell
9171,TSLA,2023-04-27 07:01:00,2023-04-27 07:08:00,0,0.05912627,0,0,Sell
9184,TSLA,2023-04-27 07:56:00,2023-04-27 08:19:00,1,0.8870001,1,1,Buy
8076,TSLA,2023-04-27 23:30:00,2023-04-27 23:36:00,0,0.92363405,1,0,Buy
6841,TSLA,2023-04-28 23:38:00,2023-04-29 00:08:00,1,0.05690752,0,1,Sell
8916,TSLA,2023-04-29 01:40:00,2023-04-29 01:51:00,0,0.077890776,0,0,Sell
1508,TSLA,2023-04-29 04:33:00,2023-04-29 04:42:00,0,0.06822417,0,0,Sell
8498,TSLA,2023-04-29 11:08:00,2023-04-29 11:15:00,1,0.90474975,1,1,Buy
4999,TSLA,2023-04-29 16:19:00,2023-04-29 16:45:00,1,0.9198148,1,1,Buy
910,TSLA,2023-04-30 12:22:00,2023-04-30 12:51:00,0,0.36225337,0,0,Sell
2636,TSLA,2023-05-01 05:51:00,2023-05-01 05:58:00,0,0.09211191,0,0,Sell
5378,TSLA,2023-05-01 18:21:00,2023-05-01 18:36:00,0,0.09996084,0,0,Sell
318,TSLA,2023-05-02 02:24:00,2023-05-02 02:45:00,0,0.105270006,0,0,Sell
5580,TSLA,2023-05-02 22:45:00,2023-05-02 23:09:00,1,0.9331961,1,1,Buy
7193,TSLA,2023-05-02 23:17:00,2023-05-02 23:41:00,0,0.56063336,1,0,Hold
6250,TSLA,2023-05-03 03:16:00,2023-05-03 03:45:00,1,0.9147634,1,1,Buy
1267,TSLA,2023-05-03 15:22:00,2023-05-03 15:42:00,1,0.38542706,0,1,Sell
1927,TSLA,2023-05-03 16:46:00,2023-05-03 16:56:00,0,0.39167637,0,0,Sell
8284,TSLA,2023-05-03 20:53:00,2023-05-03 21:15:00,1,0.47213694,0,1,Hold
7818,TSLA,2023-05-04 20:26:00,2023-05-04 20:56:00,0,0.07809619,0,0,Sell
2065,TSLA,2023-05-05 00:28:00,2023-05-05 00:44:00,0,0.076992005,0,0,Sell
8822,TSLA,2023-05-05 01:43:00,2023-05-05 01:52:00,0,0.068289116,0,0,Sell
9118,TSLA,2023-05-05 03:10:00,2023-05-05 03:22:00,1,0.9221101,1,1,Buy
5196,TSLA,2023-05-05 17:44:00,2023-05-05 18:09:00,1,0.9338358,1,1,Buy
5768,TSLA,2023-05-06 07:59:00,2023-05-06 08:12:00,1,0.9389016,1,1,Buy
3760,TSLA,2023-05-06 09:20:00,2023-05-06 09:46:00,0,0.06983061,0,0,Sell
798,TSLA,2023-05-06 15:24:00,2023-05-06 15:29:00,1,0.46932393,0,1,Hold
2992,TSLA,2023-05-06 21:21:00,2023-05-06 21:41:00,0,0.48518747,0,0,Hold
5199,TSLA,2023-05-07 00:42:00,2023-05-07 00:56:00,1,0.94661856,1,1,Buy
7737,TSLA,2023-05-08 01:04:00,2023-05-08 01:23:00,0,0.09343259,0,0,Sell
3581,TSLA,2023-05-08 04:20:00,2023-05-08 04:47:00,0,0.09114251,0,0,Sell
6960,TSLA,2023-05-09 17:59:00,2023-05-09 18:05:00,1,0.9287996,1,1,Buy
7043,TSLA,2023-05-09 21:24:00,2023-05-09 21:44:00,1,0.946379,1,1,Buy
73,TSLA,2023-05-10 03:00:00,2023-05-10 03:13:00,0,0.053945176,0,0,Sell
8233,TSLA,2023-05-10 12:11:00,2023-05-10 12:39:00,0,0.5649054,1,0,Hold
4976,TSLA,2023-05-11 03:05:00,2023-05-11 03:29:00,0,0.060238257,0,0,Sell
7873,TSLA,2023-05-11 03:18:00,2023-05-11 03:23:00,0,0.06174765,0,0,Sell
7020,TSLA,2023-05-11 13:25:00,2023-05-11 13:44:00,1,0.5515618,1,1,Hold
2521,TSLA,2023-05-11 14:39:00,2023-05-11 14:47:00,1,0.9198976,1,1,Buy
5666,TSLA,2023-05-11 18:08:00,2023-05-11 18:29:00,0,0.048504245,0,0,Sell
4604,TSLA,2023-05-12 11:46:00,2023-05-12 11:58:00,0,0.05347521,0,0,Sell
5638,TSLA,2023-05-13 04:14:00,2023-05-13 04:37:00,1,0.8980001,1,1,Buy
830,TSLA,2023-05-13 06:56:00,2023-05-13 07:09:00,0,0.06888508,0,0,Sell
5983,TSLA,2023-05-13 09:37:00,2023-05-13 09:43:00,0,0.065772764,0,0,Sell
848,TSLA,2023-05-13 09:50:00,2023-05-13 10:04:00,1,0.86579216,1,1,Buy
6515,TSLA,2023-05-13 10:13:00,2023-05-13 10:39:00,1,0.41493785,0,1,Hold
8639,TSLA,2023-05-13 13:25:00,2023-05-13 13:55:00,1,0.55905074,1,1,Hold
7677,TSLA,2023-05-13 22:34:00,2023-05-13 22:46:00,1,0.91367507,1,1,Buy
7762,TSLA,2023-05-14 04:42:00,2023-05-14 04:55:00,1,0.5798017,1,1,Hold
7772,TSLA,2023-05-14 11:13:00,2023-05-14 11:43:00,1,0.10043575,0,1,Sell
7304,TSLA,2023-05-15 05:02:00,2023-05-15 05:20:00,0,0.25446352,0,0,Sell
5047,TSLA,2023-05-15 11:01:00,2023-05-15 11:24:00,1,0.93696475,1,1,Buy
4540,TSLA,2023-05-15 15:48:00,2023-05-15 15:54:00,1,0.5220223,1,1,Hold
6818,TSLA,2023-05-16 03:26:00,2023-05-16 03:46:00,0,0.07479139,0,0,Sell
896,TSLA,2023-05-17 07:01:00,2023-05-17 07:31:00,1,0.930664,1,1,Buy
8475,TSLA,2023-05-17 11:04:00,2023-05-17 11:27:00,1,0.9598005,1,1,Buy
7414,TSLA,2023-05-17 17:24:00,2023-05-17 17:48:00,1,0.8219788,1,1,Buy
4436,TSLA,2023-05-17 19:26:00,2023-05-17 19:38:00,1,0.9434776,1,1,Buy
6840,TSLA,2023-05-17 22:11:00,2023-05-17 22:22:00,1,0.96143246,1,1,Buy
4137,TSLA,2023-05-18 01:06:00,2023-05-18 01:26:00,1,0.6149871,1,1,Buy
637,TSLA,2023-05-18 04:14:00,2023-05-18 04:24:00,0,0.40396813,0,0,Hold
4955,TSLA,2023-05-18 05:24:00,2023-05-18 05:52:00,1,0.93473464,1,1,Buy
6089,TSLA,2023-05-18 07:18:00,2023-05-18 07:35:00,0,0.053470742,0,0,Sell
2818,TSLA,2023-05-18 10:48:00,2023-05-18 11:15:00,0,0.8311943,1,0,Buy
6472,TSLA,2023-05-19 10:11:00,2023-05-19 10:17:00,1,0.94262296,1,1,Buy
6351,TSLA,2023-05-20 03:19:00,2023-05-20 03:49:00,1,0.46060893,0,1,Hold
5729,TSLA,2023-05-20 15:56:00,2023-05-20 16:03:00,0,0.04893951,0,0,Sell
9,TSLA,2023-05-21 10:19:00,2023-05-21 10:30:00,1,0.94952446,1,1,Buy
9958,TSLA,2023-05-21 14:52:00,2023-05-21 15:12:00,1,0.95182514,1,1,Buy
7931,TSLA,2023-05-21 23:56:00,2023-05-22 00:18:00,0,0.08847301,0,0,Sell
7058,TSLA,2023-05-22 00:21:00,2023-05-22 00:49:00,0,0.41391706,0,0,Hold
444,TSLA,2023-05-22 08:42:00,2023-05-22 09:04:00,1,0.923524,1,1,Buy
1293,TSLA,2023-05-23 04:25:00,2023-05-23 04:51:00,1,0.9070523,1,1,Buy
7825,TSLA,2023-05-23 05:49:00,2023-05-23 06:01:00,0,0.7612431,1,0,Buy
274,TSLA,2023-05-23 10:50:00,2023-05-23 10:59:00,1,0.93519014,1,1,Buy
2322,TSLA,2023-05-23 17:30:00,2023-05-23 17:56:00,1,0.6092068,1,1,Buy
9737,TSLA,2023-05-24 07:39:00,2023-05-24 08:09:00,1,0.9235635,1,1,Buy
8699,TSLA,2023-05-24 10:32:00,2023-05-24 10:59:00,0,0.07813569,0,0,Sell
8127,TSLA,2023-05-24 14:28:00,2023-05-24 14:52:00,1,0.45720783,0,1,Hold
7906,TSLA,2023-05-25 01:49:00,2023-05-25 02:15:00,0,0.084372915,0,0,Sell
9462,TSLA,2023-05-25 08:01:00,2023-05-25 08:06:00,1,0.9469959,1,1,Buy
6756,TSLA,2023-05-25 08:07:00,2023-05-25 08:31:00,0,0.8911426,1,0,Buy
2464,TSLA,2023-05-25 11:37:00,2023-05-25 12:02:00,1,0.8273442,1,1,Buy
3764,TSLA,2023-05-25 20:46:00,2023-05-25 20:53:00,1,0.9015282,1,1,Buy
7403,TSLA,2023-05-26 01:02:00,2023-05-26 01:21:00,0,0.8768584,1,0,Buy
2246,TSLA,2023-05-26 11:34:00,2023-05-26 11:40:00,0,0.06742078,0,0,Sell
4412,TSLA,2023-05-26 13:41:00,2023-05-26 14:08:00,0,0.05254839,0,0,Sell
6774,TSLA,2023-05-27 15:21:00,2023-05-27 15:36:00,1,0.33364776,0,1,Sell
1759,TSLA,2023-05-27 16:58:00,2023-05-27 17:21:00,1,0.37939772,0,1,Sell
1856,TSLA,2023-05-28 13:05:00,2023-05-28 13:15:00,0,0.044952888,0,0,Sell
3129,TSLA,2023-05-29 00:08:00,2023-05-29 00:36:00,1,0.4078084,0,1,Hold
8671,TSLA,2023-05-29 11:20:00,2023-05-29 11:43:00,0,0.090577625,0,0,Sell
6275,TSLA,2023-05-29 23:12:00,2023-05-29 23:38:00,1,0.6306626,1,1,Buy
1731,TSLA,2023-05-30 10:29:00,2023-05-30 10:59:00,0,0.10593487,0,0,Sell
5632,TSLA,2023-05-31 03:08:00,2023-05-31 03:30:00,1,0.8840922,1,1,Buy
3474,TSLA,2023-05-31 10:04:00,2023-05-31 10:12:00,0,0.054865614,0,0,Sell
1765,TSLA,2023-05-31 18:22:00,2023-05-31 18:46:00,0,0.057509404,0,0,Sell
5467,TSLA,2023-06-01 06:05:00,2023-06-01 06:10:00,1,0.8926374,1,1,Buy
1551,TSLA,2023-06-01 06:25:00,2023-06-01 06:51:00,1,0.38776264,0,1,Sell
3508,TSLA,2023-06-01 22:23:00,2023-06-01 22:52:00,0,0.49518037,0,0,Hold
443,TSLA,2023-06-02 20:20:00,2023-06-02 20:26:00,0,0.29934987,0,0,Sell
5952,TSLA,2023-06-02 22:52:00,2023-06-02 23:09:00,0,0.08640555,0,0,Sell
2444,TSLA,2023-06-03 03:27:00,2023-06-03 03:44:00,1,0.4826853,0,1,Hold
728,TSLA,2023-06-03 04:47:00,2023-06-03 05:15:00,0,0.07179604,0,0,Sell
1616,TSLA,2023-06-03 19:55:00,2023-06-03 20:15:00,1,0.087765716,0,1,Sell
6567,TSLA,2023-06-04 04:29:00,2023-06-04 04:58:00,1,0.06747921,0,1,Sell
9266,TSLA,2023-06-04 14:05:00,2023-06-04 14:31:00,0,0.07352335,0,0,Sell
3646,TSLA,2023-06-04 14:20:00,2023-06-04 14:41:00,0,0.069822915,0,0,Sell
2007,TSLA,2023-06-04 16:06:00,2023-06-04 16:16:00,0,0.23046908,0,0,Sell
2933,TSLA,2023-06-05 02:11:00,2023-06-05 02:20:00,1,0.90519005,1,1,Buy
7921,TSLA,2023-06-05 03:07:00,2023-06-05 03:16:00,0,0.48721078,0,0,Hold
495,TSLA,2023-06-05 18:32:00,2023-06-05 19:01:00,1,0.9463377,1,1,Buy
7824,TSLA,2023-06-05 23:49:00,2023-06-06 00:08:00,1,0.9393192,1,1,Buy
3977,TSLA,2023-06-06 00:19:00,2023-06-06 00:44:00,1,0.89853626,1,1,Buy
5080,TSLA,2023-06-06 08:47:00,2023-06-06 08:59:00,0,0.077512406,0,0,Sell
8740,TSLA,2023-06-07 08:43:00,2023-06-07 09:07:00,0,0.058438543,0,0,Sell
296,TSLA,2023-06-07 12:14:00,2023-06-07 12:31:00,1,0.921941,1,1,Buy
2710,TSLA,2023-06-08 05:02:00,2023-06-08 05:21:00,0,0.0709064,0,0,Sell
4723,TSLA,2023-06-08 10:16:00,2023-06-08 10:43:00,1,0.23484719,0,1,Sell
4791,TSLA,2023-06-08 15:46:00,2023-06-08 16:11:00,1,0.9346299,1,1,Buy
1771,TSLA,2023-06-09 19:39:00,2023-06-09 20:05:00,0,0.06183766,0,0,Sell
8220,TSLA,2023-06-09 20:14:00,2023-06-09 20:21:00,1,0.9157239,1,1,Buy
7087,TSLA,2023-06-10 07:28:00,2023-06-10 07:40:00,1,0.9366683,1,1,Buy
583,TSLA,2023-06-10 08:01:00,2023-06-10 08:21:00,1,0.840839,1,1,Buy
1510,TSLA,2023-06-11 00:10:00,2023-06-11 00:34:00,1,0.54159755,1,1,Hold
6049,TSLA,2023-06-11 07:03:00,2023-06-11 07:24:00,0,0.06928537,0,0,Sell
3153,TSLA,2023-06-11 21:20:00,2023-06-11 21:39:00,1,0.16855387,0,1,Sell
6163,TSLA,2023-06-12 05:01:00,2023-06-12 05:16:00,0,0.07702485,0,0,Sell
9748,TSLA,2023-06-12 09:05:00,2023-06-12 09:14:00,0,0.07284976,0,0,Sell
9848,TSLA,2023-06-12 13:56:00,2023-06-12 14:19:00,1,0.46746212,0,1,Hold
3087,TSLA,2023-06-12 14:20:00,2023-06-12 14:48:00,1,0.23557995,0,1,Sell
7483,TSLA,2023-06-12 15:09:00,2023-06-12 15:16:00,0,0.07632179,0,0,Sell
779,TSLA,2023-06-13 01:57:00,2023-06-13 02:14:00,0,0.07943343,0,0,Sell
1619,TSLA,2023-06-13 06:10:00,2023-06-13 06:37:00,0,0.088174134,0,0,Sell
6224,TSLA,2023-06-13 10:57:00,2023-06-13 11:21:00,1,0.1058364,0,1,Sell
4929,TSLA,2023-06-13 12:41:00,2023-06-13 13:10:00,0,0.12721965,0,0,Sell
5647,TSLA,2023-06-15 04:49:00,2023-06-15 05:19:00,1,0.89197963,1,1,Buy
7936,TSLA,2023-06-15 09:43:00,2023-06-15 10:10:00,0,0.056959644,0,0,Sell
1136,TSLA,2023-06-15 09:46:00,2023-06-15 10:08:00,1,0.42828992,0,1,Hold
5899,TSLA,2023-06-15 19:13:00,2023-06-15 19:24:00,0,0.32004145,0,0,Sell
3380,TSLA,2023-06-15 20:46:00,2023-06-15 21:14:00,1,0.94581574,1,1,Buy
2369,TSLA,2023-06-16 11:24:00,2023-06-16 11:35:00,1,0.7390215,1,1,Buy
4591,TSLA,2023-06-17 02:37:00,2023-06-17 02:44:00,0,0.5253106,1,0,Hold
4495,TSLA,2023-06-17 14:54:00,2023-06-17 15:07:00,1,0.9570087,1,1,Buy
2340,TSLA,2023-06-18 22:32:00,2023-06-18 23:02:00,1,0.97382957,1,1,Buy
8506,TSLA,2023-06-19 03:32:00,2023-06-19 03:46:00,1,0.94279253,1,1,Buy
5480,TSLA,2023-06-20 01:16:00,2023-06-20 01:26:00,1,0.9233354,1,1,Buy
6506,TSLA,2023-06-20 15:15:00,2023-06-20 15:21:00,1,0.9899338,1,1,Buy
7924,TSLA,2023-06-20 18:37:00,2023-06-20 18:50:00,1,0.9876351,1,1,Buy
6063,TSLA,2023-06-21 01:31:00,2023-06-21 01:50:00,1,0.973344,1,1,Buy
7143,TSLA,2023-06-21 01:53:00,2023-06-21 02:20:00,0,0.3994868,0,0,Sell
794,TSLA,2023-06-21 01:59:00,2023-06-21 02:08:00,0,0.86265004,1,0,Buy
7589,TSLA,2023-06-21 19:14:00,2023-06-21 19:27:00,0,0.0845216,0,0,Sell
4203,TSLA,2023-06-22 21:16:00,2023-06-22 21:34:00,1,0.90988755,1,1,Buy
3867,TSLA,2023-06-23 03:06:00,2023-06-23 03:32:00,1,0.37874275,0,1,Sell
4954,TSLA,2023-06-23 12:26:00,2023-06-23 12:41:00,1,0.082570426,0,1,Sell
9861,TSLA,2023-06-24 12:16:00,2023-06-24 12:42:00,1,0.58439237,1,1,Hold
2121,TSLA,2023-06-24 13:14:00,2023-06-24 13:22:00,0,0.10325471,0,0,Sell
4828,TSLA,2023-06-24 22:41:00,2023-06-24 23:00:00,1,0.22367619,0,1,Sell
9921,TSLA,2023-06-25 13:47:00,2023-06-25 14:07:00,1,0.9443906,1,1,Buy
427,TSLA,2023-06-25 22:46:00,2023-06-25 22:54:00,1,0.9462299,1,1,Buy
1015,TSLA,2023-06-26 02:06:00,2023-06-26 02:25:00,0,0.45780423,0,0,Hold
211,TSLA,2023-06-26 19:46:00,2023-06-26 20:01:00,1,0.94531906,1,1,Buy
7229,TSLA,2023-06-28 04:35:00,2023-06-28 04:48:00,0,0.12241144,0,0,Sell
687,TSLA,2023-06-29 03:13:00,2023-06-29 03:42:00,0,0.07728217,0,0,Sell
139,TSLA,2023-06-29 20:01:00,2023-06-29 20:28:00,1,0.392028,0,1,Sell
8785,TSLA,2023-06-30 09:55:00,2023-06-30 10:15:00,1,0.94623584,1,1,Buy
7381,TSLA,2023-06-30 12:26:00,2023-06-30 12:32:00,1,0.93800324,1,1,Buy
8539,TSLA,2023-06-30 17:49:00,2023-06-30 18:00:00,0,0.08608682,0,0,Sell
7413,TSLA,2023-06-30 17:57:00,2023-06-30 18:05:00,1,0.6141554,1,1,Buy
2546,TSLA,2023-06-30 21:56:00,2023-06-30 22:15:00,1,0.9374601,1,1,Buy
2409,TSLA,2023-07-01 16:49:00,2023-07-01 17:09:00,1,0.11440412,0,1,Sell
6775,TSLA,2023-07-01 22:42:00,2023-07-01 22:49:00,0,0.45299536,0,0,Hold
2355,TSLA,2023-07-02 03:29:00,2023-07-02 03:40:00,0,0.07355249,0,0,Sell
6218,TSLA,2023-07-03 00:53:00,2023-07-03 01:16:00,1,0.8970648,1,1,Buy
4715,TSLA,2023-07-03 02:44:00,2023-07-03 02:51:00,1,0.49377772,0,1,Hold
2276,TSLA,2023-07-03 17:42:00,2023-07-03 18:00:00,1,0.92730963,1,1,Buy
8080,TSLA,2023-07-03 18:40:00,2023-07-03 19:05:00,1,0.9352202,1,1,Buy
2840,TSLA,2023-07-03 22:56:00,2023-07-03 23:01:00,1,0.7515581,1,1,Buy
7905,TSLA,2023-07-03 23:19:00,2023-07-03 23:31:00,0,0.92366225,1,0,Buy
2258,TSLA,2023-07-04 04:57:00,2023-07-04 05:04:00,1,0.93629944,1,1,Buy
9504,TSLA,2023-07-04 08:57:00,2023-07-04 09:19:00,1,0.9342763,1,1,Buy
5049,TSLA,2023-07-05 19:36:00,2023-07-05 20:02:00,0,0.055533372,0,0,Sell
2767,TSLA,2023-07-06 01:19:00,2023-07-06 01:34:00,0,0.088169955,0,0,Sell
5780,TSLA,2023-07-06 14:07:00,2023-07-06 14:22:00,0,0.057142098,0,0,Sell
9911,TSLA,2023-07-06 19:37:00,2023-07-06 19:49:00,0,0.3546056,0,0,Sell
1928,TSLA,2023-07-06 23:19:00,2023-07-06 23:46:00,1,0.4487894,0,1,Hold
6078,TSLA,2023-07-07 09:43:00,2023-07-07 10:10:00,1,0.4461813,0,1,Hold
6609,TSLA,2023-07-08 02:32:00,2023-07-08 02:45:00,0,0.051651925,0,0,Sell
4271,TSLA,2023-07-08 07:33:00,2023-07-08 08:01:00,0,0.06377601,0,0,Sell
6095,TSLA,2023-07-08 09:55:00,2023-07-08 10:16:00,1,0.9211529,1,1,Buy
4085,TSLA,2023-07-08 16:13:00,2023-07-08 16:27:00,0,0.0641691,0,0,Sell
2350,TSLA,2023-07-08 18:20:00,2023-07-08 18:28:00,1,0.88878673,1,1,Buy
5730,TSLA,2023-07-08 20:27:00,2023-07-08 20:49:00,1,0.94221795,1,1,Buy
3095,TSLA,2023-07-09 19:46:00,2023-07-09 20:09:00,1,0.9610187,1,1,Buy
9873,TSLA,2023-07-10 12:51:00,2023-07-10 13:21:00,1,0.9628438,1,1,Buy
3962,TSLA,2023-07-10 16:34:00,2023-07-10 16:51:00,0,0.07704395,0,0,Sell
7847,TSLA,2023-07-10 16:36:00,2023-07-10 16:47:00,0,0.09886484,0,0,Sell
459,TSLA,2023-07-12 09:13:00,2023-07-12 09:21:00,1,0.33373722,0,1,Sell
7852,TSLA,2023-07-12 20:17:00,2023-07-12 20:29:00,1,0.45659694,0,1,Hold
3587,TSLA,2023-07-13 06:45:00,2023-07-13 06:57:00,0,0.06376976,0,0,Sell
3442,TSLA,2023-07-14 04:39:00,2023-07-14 04:46:00,1,0.915564,1,1,Buy
2385,TSLA,2023-07-14 16:05:00,2023-07-14 16:13:00,1,0.8073002,1,1,Buy
8934,TSLA,2023-07-15 11:49:00,2023-07-15 12:13:00,0,0.07078717,0,0,Sell
4134,TSLA,2023-07-15 16:01:00,2023-07-15 16:19:00,0,0.93346715,1,0,Buy
6877,TSLA,2023-07-16 10:18:00,2023-07-16 10:35:00,1,0.41011095,0,1,Hold
8215,TSLA,2023-07-17 04:54:00,2023-07-17 05:17:00,0,0.07688093,0,0,Sell
6975,TSLA,2023-07-17 16:37:00,2023-07-17 16:45:00,1,0.91549844,1,1,Buy
7028,TSLA,2023-07-17 19:06:00,2023-07-17 19:19:00,1,0.6289149,1,1,Buy
5569,TSLA,2023-07-18 01:54:00,2023-07-18 02:21:00,1,0.9493568,1,1,Buy
4920,TSLA,2023-07-19 02:53:00,2023-07-19 03:16:00,1,0.751247,1,1,Buy
3568,TSLA,2023-07-19 15:11:00,2023-07-19 15:26:00,0,0.11761501,0,0,Sell
7698,TSLA,2023-07-19 15:19:00,2023-07-19 15:37:00,1,0.96836156,1,1,Buy
2741,TSLA,2023-07-19 20:50:00,2023-07-19 21:19:00,0,0.15217255,0,0,Sell
1903,TSLA,2023-07-20 04:03:00,2023-07-20 04:09:00,0,0.07516805,0,0,Sell
7958,TSLA,2023-07-20 05:54:00,2023-07-20 06:05:00,1,0.2798234,0,1,Sell
8702,TSLA,2023-07-20 07:41:00,2023-07-20 07:57:00,0,0.04749132,0,0,Sell
4212,TSLA,2023-07-20 12:20:00,2023-07-20 12:41:00,1,0.22993477,0,1,Sell
6377,TSLA,2023-07-21 11:07:00,2023-07-21 11:13:00,1,0.92084116,1,1,Buy
2310,TSLA,2023-07-21 11:42:00,2023-07-21 11:58:00,1,0.9431081,1,1,Buy
467,TSLA,2023-07-21 23:49:00,2023-07-22 00:06:00,0,0.03597869,0,0,Sell
6646,TSLA,2023-07-22 03:32:00,2023-07-22 03:39:00,0,0.052182347,0,0,Sell
4508,TSLA,2023-07-22 17:45:00,2023-07-22 18:08:00,0,0.037930246,0,0,Sell
6381,TSLA,2023-07-23 03:51:00,2023-07-23 04:10:00,1,0.13906349,0,1,Sell
7499,TSLA,2023-07-23 13:43:00,2023-07-23 13:58:00,1,0.7578582,1,1,Buy
2294,TSLA,2023-07-23 15:59:00,2023-07-23 16:23:00,0,0.77014095,1,0,Buy
3047,TSLA,2023-07-23 19:02:00,2023-07-23 19:32:00,0,0.047147278,0,0,Sell
9428,TSLA,2023-07-25 00:38:00,2023-07-25 00:51:00,1,0.88696736,1,1,Buy
6843,TSLA,2023-07-25 04:15:00,2023-07-25 04:25:00,1,0.93777275,1,1,Buy
4460,TSLA,2023-07-26 19:19:00,2023-07-26 19:44:00,1,0.94769824,1,1,Buy
7053,TSLA,2023-07-27 02:14:00,2023-07-27 02:39:00,0,0.09212542,0,0,Sell
9288,TSLA,2023-07-27 10:15:00,2023-07-27 10:36:00,1,0.94847834,1,1,Buy
3998,TSLA,2023-07-27 12:37:00,2023-07-27 12:46:00,0,0.5128614,1,0,Hold
7245,TSLA,2023-07-27 14:39:00,2023-07-27 15:08:00,0,0.061575685,0,0,Sell
4330,TSLA,2023-07-27 15:35:00,2023-07-27 15:45:00,1,0.91540766,1,1,Buy
3293,TSLA,2023-07-27 22:30:00,2023-07-27 22:49:00,1,0.9459078,1,1,Buy
3993,TSLA,2023-07-28 07:02:00,2023-07-28 07:17:00,0,0.05270676,0,0,Sell
5657,TSLA,2023-07-28 19:08:00,2023-07-28 19:14:00,1,0.5481828,1,1,Hold
8198,TSLA,2023-07-29 00:52:00,2023-07-29 01:05:00,0,0.39435992,0,0,Sell
4469,TSLA,2023-07-29 19:03:00,2023-07-29 19:32:00,1,0.4141149,0,1,Hold
665,TSLA,2023-07-29 21:12:00,2023-07-29 21:42:00,1,0.9483296,1,1,Buy
822,TSLA,2023-07-31 00:04:00,2023-07-31 00:23:00,0,0.15446241,0,0,Sell
3205,TSLA,2023-07-31 07:02:00,2023-07-31 07:25:00,0,0.077939905,0,0,Sell
321,TSLA,2023-07-31 15:34:00,2023-07-31 15:47:00,1,0.8891131,1,1,Buy
2873,TSLA,2023-07-31 20:22:00,2023-07-31 20:32:00,1,0.9450203,1,1,Buy
2315,TSLA,2023-08-01 04:31:00,2023-08-01 04:53:00,0,0.48384753,0,0,Hold
6690,TSLA,2023-08-01 10:17:00,2023-08-01 10:44:00,0,0.076686844,0,0,Sell
9869,TSLA,2023-08-01 17:17:00,2023-08-01 17:22:00,1,0.9416152,1,1,Buy
2107,TSLA,2023-08-02 12:55:00,2023-08-02 13:18:00,0,0.07282422,0,0,Sell
8747,TSLA,2023-08-02 16:54:00,2023-08-02 17:18:00,0,0.050814662,0,0,Sell
8281,TSLA,2023-08-02 18:11:00,2023-08-02 18:30:00,0,0.047247827,0,0,Sell
3302,TSLA,2023-08-02 20:09:00,2023-08-02 20:27:00,0,0.04413373,0,0,Sell
1152,TSLA,2023-08-03 07:28:00,2023-08-03 07:45:00,1,0.8534555,1,1,Buy
4872,TSLA,2023-08-03 18:30:00,2023-08-03 18:35:00,0,0.05016104,0,0,Sell
9493,TSLA,2023-08-04 10:02:00,2023-08-04 10:31:00,1,0.92768997,1,1,Buy
4777,TSLA,2023-08-04 16:52:00,2023-08-04 17:22:00,0,0.05557222,0,0,Sell
9432,TSLA,2023-08-05 07:58:00,2023-08-05 08:07:00,1,0.96532035,1,1,Buy
5245,TSLA,2023-08-05 11:39:00,2023-08-05 11:56:00,0,0.08084135,0,0,Sell
5249,TSLA,2023-08-07 12:29:00,2023-08-07 12:54:00,0,0.09935149,0,0,Sell
7636,TSLA,2023-08-08 02:53:00,2023-08-08 03:12:00,1,0.6497396,1,1,Buy
3536,TSLA,2023-08-09 17:35:00,2023-08-09 18:02:00,0,0.3762585,0,0,Sell
8932,TSLA,2023-08-10 04:59:00,2023-08-10 05:09:00,1,0.7027551,1,1,Buy
9201,TSLA,2023-08-10 08:34:00,2023-08-10 09:04:00,0,0.061790332,0,0,Sell
2852,TSLA,2023-08-10 08:43:00,2023-08-10 09:01:00,1,0.9361123,1,1,Buy
5675,TSLA,2023-08-11 02:09:00,2023-08-11 02:32:00,1,0.44989252,0,1,Hold
6934,TSLA,2023-08-12 20:29:00,2023-08-12 20:40:00,1,0.457756,0,1,Hold
7817,TSLA,2023-08-13 08:49:00,2023-08-13 09:07:00,1,0.479255,0,1,Hold
3332,TSLA,2023-08-13 09:52:00,2023-08-13 10:05:00,0,0.6667156,1,0,Buy
8673,TSLA,2023-08-13 13:33:00,2023-08-13 13:48:00,1,0.08946754,0,1,Sell
9510,TSLA,2023-08-13 18:51:00,2023-08-13 19:10:00,1,0.9250178,1,1,Buy
3633,TSLA,2023-08-13 19:41:00,2023-08-13 19:54:00,1,0.93350285,1,1,Buy
6977,TSLA,2023-08-14 03:37:00,2023-08-14 04:02:00,0,0.11321668,0,0,Sell
5896,TSLA,2023-08-14 22:20:00,2023-08-14 22:42:00,0,0.07249709,0,0,Sell
1466,TSLA,2023-08-15 00:47:00,2023-08-15 01:16:00,0,0.10219462,0,0,Sell
370,TSLA,2023-08-15 02:01:00,2023-08-15 02:19:00,1,0.1700201,0,1,Sell
8567,TSLA,2023-08-15 10:06:00,2023-08-15 10:26:00,0,0.39235118,0,0,Sell
9502,TSLA,2023-08-15 21:58:00,2023-08-15 22:24:00,0,0.07096394,0,0,Sell
4950,TSLA,2023-08-16 07:09:00,2023-08-16 07:28:00,1,0.38073197,0,1,Sell
9025,TSLA,2023-08-16 19:44:00,2023-08-16 20:09:00,0,0.43804613,0,0,Hold
5740,TSLA,2023-08-18 05:44:00,2023-08-18 06:10:00,1,0.9153455,1,1,Buy
546,TSLA,2023-08-18 09:39:00,2023-08-18 09:59:00,1,0.9462871,1,1,Buy
8415,TSLA,2023-08-18 10:40:00,2023-08-18 11:05:00,0,0.09125618,0,0,Sell
1862,TSLA,2023-08-20 05:47:00,2023-08-20 06:16:00,0,0.45248467,0,0,Hold
3173,TSLA,2023-08-20 13:00:00,2023-08-20 13:19:00,1,0.9429154,1,1,Buy
8757,TSLA,2023-08-20 15:09:00,2023-08-20 15:19:00,0,0.04777589,0,0,Sell
7423,TSLA,2023-08-20 19:27:00,2023-08-20 19:42:00,1,0.8965344,1,1,Buy
8140,TSLA,2023-08-21 05:21:00,2023-08-21 05:39:00,1,0.9097324,1,1,Buy
8208,TSLA,2023-08-21 20:06:00,2023-08-21 20:16:00,1,0.49657142,0,1,Hold
3833,TSLA,2023-08-22 01:10:00,2023-08-22 01:16:00,1,0.9135612,1,1,Buy
239,TSLA,2023-08-22 07:29:00,2023-08-22 07:53:00,0,0.8395481,1,0,Buy
8818,TSLA,2023-08-24 11:16:00,2023-08-24 11:43:00,1,0.9488252,1,1,Buy
9704,TSLA,2023-08-24 22:12:00,2023-08-24 22:24:00,0,0.07606067,0,0,Sell
8112,TSLA,2023-08-25 01:23:00,2023-08-25 01:53:00,1,0.9204983,1,1,Buy
5688,TSLA,2023-08-25 08:25:00,2023-08-25 08:31:00,1,0.9037049,1,1,Buy
3632,TSLA,2023-08-26 16:12:00,2023-08-26 16:42:00,1,0.93608713,1,1,Buy
4297,TSLA,2023-08-26 18:24:00,2023-08-26 18:32:00,1,0.42959088,0,1,Hold
4118,TSLA,2023-08-27 05:49:00,2023-08-27 06:07:00,1,0.23514184,0,1,Sell
801,TSLA,2023-08-27 14:33:00,2023-08-27 14:50:00,1,0.950711,1,1,Buy
6788,TSLA,2023-08-27 18:54:00,2023-08-27 19:04:00,1,0.9578536,1,1,Buy
8735,TSLA,2023-08-27 22:39:00,2023-08-27 23:08:00,1,0.73821527,1,1,Buy
9181,TSLA,2023-08-28 00:04:00,2023-08-28 00:32:00,0,0.11297209,0,0,Sell
4766,TSLA,2023-08-28 14:34:00,2023-08-28 15:00:00,0,0.50905126,1,0,Hold
9682,TSLA,2023-08-28 20:25:00,2023-08-28 20:41:00,1,0.9487152,1,1,Buy
3066,TSLA,2023-08-29 04:17:00,2023-08-29 04:33:00,0,0.09095828,0,0,Sell
2655,TSLA,2023-08-29 18:18:00,2023-08-29 18:38:00,1,0.9378388,1,1,Buy
3681,TSLA,2023-08-30 20:24:00,2023-08-30 20:30:00,1,0.9632124,1,1,Buy
210,TSLA,2023-08-31 05:27:00,2023-08-31 05:40:00,0,0.09398856,0,0,Sell
2959,TSLA,2023-09-01 06:44:00,2023-09-01 06:49:00,0,0.36934352,0,0,Sell
3591,TSLA,2023-09-01 07:39:00,2023-09-01 07:51:00,1,0.42646322,0,1,Hold
8222,TSLA,2023-09-02 11:04:00,2023-09-02 11:13:00,1,0.6815406,1,1,Buy
6627,TSLA,2023-09-02 14:52:00,2023-09-02 15:13:00,1,0.46542898,0,1,Hold
8641,TSLA,2023-09-02 22:54:00,2023-09-02 23:05:00,1,0.9403107,1,1,Buy
6904,TSLA,2023-09-03 18:54:00,2023-09-03 19:16:00,0,0.08422311,0,0,Sell
4684,TSLA,2023-09-04 09:34:00,2023-09-04 09:54:00,0,0.0819415,0,0,Sell
2435,TSLA,2023-09-04 15:17:00,2023-09-04 15:28:00,1,0.532793,1,1,Hold
5108,TSLA,2023-09-04 15:56:00,2023-09-04 16:04:00,1,0.77821136,1,1,Buy
2659,TSLA,2023-09-06 13:53:00,2023-09-06 14:22:00,0,0.91475004,1,0,Buy
7217,TSLA,2023-09-07 09:33:00,2023-09-07 09:50:00,0,0.047905486,0,0,Sell
6981,TSLA,2023-09-07 12:21:00,2023-09-07 12:40:00,0,0.4297344,0,0,Hold
7560,TSLA,2023-09-07 12:47:00,2023-09-07 13:14:00,1,0.92714953,1,1,Buy
7883,TSLA,2023-09-08 08:16:00,2023-09-08 08:34:00,1,0.97046477,1,1,Buy
2825,TSLA,2023-09-08 14:49:00,2023-09-08 14:56:00,0,0.18912262,0,0,Sell
6663,TSLA,2023-09-08 22:29:00,2023-09-08 22:46:00,1,0.97734386,1,1,Buy
5965,TSLA,2023-09-09 01:50:00,2023-09-09 02:04:00,0,0.92793053,1,0,Buy
8368,TSLA,2023-09-09 08:42:00,2023-09-09 08:56:00,1,0.9701948,1,1,Buy
4634,TSLA,2023-09-09 11:17:00,2023-09-09 11:40:00,0,0.06320427,0,0,Sell
2080,TSLA,2023-09-09 13:07:00,2023-09-09 13:15:00,1,0.5710784,1,1,Hold
7908,TSLA,2023-09-11 16:01:00,2023-09-11 16:17:00,1,0.92839587,1,1,Buy
2125,TSLA,2023-09-11 16:59:00,2023-09-11 17:07:00,0,0.9486788,1,0,Buy
4474,TSLA,2023-09-12 01:54:00,2023-09-12 02:02:00,1,0.41290298,0,1,Hold
8309,TSLA,2023-09-17 15:06:00,2023-09-17 15:17:00,1,0.953745,1,1,Buy
9845,TSLA,2023-09-19 21:28:00,2023-09-19 21:42:00,1,0.9659548,1,1,Buy
7755,TSLA,2023-09-20 15:23:00,2023-09-20 15:32:00,1,0.96381664,1,1,Buy
8394,TSLA,2023-09-20 21:14:00,2023-09-20 21:40:00,1,0.97067577,1,1,Buy
7268,TSLA,2023-09-20 21:51:00,2023-09-20 22:07:00,1,0.9720008,1,1,Buy
4699,TSLA,2023-09-21 01:50:00,2023-09-21 01:56:00,1,0.9427481,1,1,Buy
4693,TSLA,2023-09-21 20:28:00,2023-09-21 20:55:00,1,0.96921444,1,1,Buy
2051,TSLA,2023-09-22 15:06:00,2023-09-22 15:26:00,0,0.1338947,0,0,Sell
1040,TSLA,2023-09-23 07:32:00,2023-09-23 07:45:00,1,0.9492001,1,1,Buy
1482,TSLA,2023-09-23 17:32:00,2023-09-23 17:56:00,1,0.96005034,1,1,Buy
890,TSLA,2023-09-24 10:04:00,2023-09-24 10:16:00,1,0.85078955,1,1,Buy
6736,TSLA,2023-09-24 13:01:00,2023-09-24 13:10:00,0,0.087894484,0,0,Sell
9780,TSLA,2023-09-25 04:24:00,2023-09-25 04:36:00,0,0.4713467,0,0,Hold
7018,TSLA,2023-09-25 17:16:00,2023-09-25 17:26:00,0,0.9230819,1,0,Buy
8206,TSLA,2023-09-25 18:07:00,2023-09-25 18:29:00,0,0.04673388,0,0,Sell
4402,TSLA,2023-09-25 19:23:00,2023-09-25 19:36:00,0,0.22343607,0,0,Sell
2112,TSLA,2023-09-27 22:52:00,2023-09-27 22:57:00,1,0.9520269,1,1,Buy
58,TSLA,2023-09-28 22:02:00,2023-09-28 22:24:00,0,0.9605204,1,0,Buy
9032,TSLA,2023-09-29 13:40:00,2023-09-29 13:48:00,1,0.96798944,1,1,Buy
4345,TSLA,2023-09-29 17:15:00,2023-09-29 17:20:00,0,0.21092804,0,0,Sell
6991,TSLA,2023-09-30 03:37:00,2023-09-30 03:51:00,1,0.95724785,1,1,Buy
8960,TSLA,2023-09-30 13:42:00,2023-09-30 13:58:00,1,0.94957197,1,1,Buy
9158,TSLA,2023-09-30 22:27:00,2023-09-30 22:43:00,0,0.09473124,0,0,Sell
1660,TSLA,2023-10-01 20:06:00,2023-10-01 20:31:00,1,0.05545375,0,1,Sell
7787,TSLA,2023-10-02 06:20:00,2023-10-02 06:34:00,0,0.0861201,0,0,Sell
5063,TSLA,2023-10-02 06:36:00,2023-10-02 06:58:00,0,0.08150709,0,0,Sell
4649,TSLA,2023-10-02 09:58:00,2023-10-02 10:27:00,0,0.052414477,0,0,Sell
1198,TSLA,2023-10-02 17:36:00,2023-10-02 17:43:00,1,0.40694007,0,1,Hold
4581,TSLA,2023-10-03 04:54:00,2023-10-03 05:01:00,1,0.5356744,1,1,Hold
8459,TSLA,2023-10-03 10:32:00,2023-10-03 11:00:00,0,0.62139595,1,0,Buy
7907,TSLA,2023-10-03 21:20:00,2023-10-03 21:43:00,1,0.8547791,1,1,Buy
9689,TSLA,2023-10-04 01:01:00,2023-10-04 01:24:00,0,0.4140011,0,0,Hold
9797,TSLA,2023-10-04 04:39:00,2023-10-04 04:57:00,1,0.16206469,0,1,Sell
2133,TSLA,2023-10-04 09:04:00,2023-10-04 09:26:00,0,0.05435495,0,0,Sell
7851,TSLA,2023-10-04 12:10:00,2023-10-04 12:20:00,1,0.93788034,1,1,Buy
3777,TSLA,2023-10-05 00:57:00,2023-10-05 01:24:00,1,0.9297535,1,1,Buy
156,TSLA,2023-10-05 12:30:00,2023-10-05 12:42:00,1,0.504727,1,1,Hold
3506,TSLA,2023-10-05 13:02:00,2023-10-05 13:21:00,0,0.14500633,0,0,Sell
1100,TSLA,2023-10-05 21:51:00,2023-10-05 22:11:00,1,0.6746155,1,1,Buy
7890,TSLA,2023-10-05 23:40:00,2023-10-05 23:46:00,0,0.36813027,0,0,Sell
1092,TSLA,2023-10-06 06:00:00,2023-10-06 06:20:00,0,0.074465394,0,0,Sell
2638,TSLA,2023-10-06 07:00:00,2023-10-06 07:18:00,0,0.3847669,0,0,Sell
6555,TSLA,2023-10-06 20:30:00,2023-10-06 20:37:00,0,0.061013978,0,0,Sell
5715,TSLA,2023-10-06 21:47:00,2023-10-06 21:55:00,1,0.93978465,1,1,Buy
4496,TSLA,2023-10-06 23:24:00,2023-10-06 23:53:00,0,0.06907664,0,0,Sell
931,TSLA,2023-10-08 20:46:00,2023-10-08 20:56:00,0,0.071723714,0,0,Sell
9082,TSLA,2023-10-08 21:17:00,2023-10-08 21:27:00,0,0.05338499,0,0,Sell
1617,TSLA,2023-10-10 06:45:00,2023-10-10 06:54:00,1,0.931765,1,1,Buy
5084,TSLA,2023-10-10 08:34:00,2023-10-10 08:42:00,0,0.29309863,0,0,Sell
4903,TSLA,2023-10-10 11:52:00,2023-10-10 11:57:00,1,0.9429106,1,1,Buy
8292,TSLA,2023-10-10 22:10:00,2023-10-10 22:16:00,1,0.9513645,1,1,Buy
7077,TSLA,2023-10-11 01:19:00,2023-10-11 01:40:00,1,0.53603095,1,1,Hold
2245,TSLA,2023-10-11 10:28:00,2023-10-11 10:48:00,0,0.15756372,0,0,Sell
9654,TSLA,2023-10-12 05:07:00,2023-10-12 05:32:00,0,0.09396584,0,0,Sell
4794,TSLA,2023-10-12 23:44:00,2023-10-13 00:12:00,1,0.7094445,1,1,Buy
29,TSLA,2023-10-13 11:21:00,2023-10-13 11:31:00,1,0.9531781,1,1,Buy
9030,TSLA,2023-10-14 12:40:00,2023-10-14 12:47:00,0,0.55203485,1,0,Hold
9427,TSLA,2023-10-14 15:58:00,2023-10-14 16:05:00,1,0.82117355,1,1,Buy
5819,TSLA,2023-10-14 19:30:00,2023-10-14 19:42:00,1,0.9640924,1,1,Buy
2254,TSLA,2023-10-14 22:02:00,2023-10-14 22:07:00,1,0.9650294,1,1,Buy
4099,TSLA,2023-10-15 03:10:00,2023-10-15 03:29:00,1,0.9363728,1,1,Buy
6725,TSLA,2023-10-15 06:21:00,2023-10-15 06:37:00,0,0.31311545,0,0,Sell
5180,TSLA,2023-10-15 10:04:00,2023-10-15 10:16:00,0,0.699281,1,0,Buy
8855,TSLA,2023-10-16 01:02:00,2023-10-16 01:09:00,1,0.5980011,1,1,Hold
4721,TSLA,2023-10-16 09:29:00,2023-10-16 09:42:00,1,0.0732452,0,1,Sell
7390,TSLA,2023-10-17 17:10:00,2023-10-17 17:29:00,1,0.5290174,1,1,Hold
7993,TSLA,2023-10-18 10:34:00,2023-10-18 10:39:00,1,0.3762334,0,1,Sell
648,TSLA,2023-10-18 10:54:00,2023-10-18 11:07:00,1,0.9428752,1,1,Buy
2231,TSLA,2023-10-19 06:36:00,2023-10-19 07:04:00,0,0.08817195,0,0,Sell
2238,TSLA,2023-10-19 13:46:00,2023-10-19 14:04:00,1,0.9455527,1,1,Buy
1231,TSLA,2023-10-19 23:59:00,2023-10-20 00:25:00,0,0.1099662,0,0,Sell
610,TSLA,2023-10-20 16:12:00,2023-10-20 16:35:00,0,0.48471412,0,0,Hold
6376,TSLA,2023-10-21 03:05:00,2023-10-21 03:32:00,1,0.9251078,1,1,Buy
8826,TSLA,2023-10-21 05:43:00,2023-10-21 05:55:00,1,0.60238266,1,1,Buy
9117,TSLA,2023-10-21 06:57:00,2023-10-21 07:23:00,0,0.054819465,0,0,Sell
6497,TSLA,2023-10-21 08:17:00,2023-10-21 08:29:00,1,0.9456027,1,1,Buy
9622,TSLA,2023-10-22 12:00:00,2023-10-22 12:19:00,0,0.09558594,0,0,Sell
7875,TSLA,2023-10-23 12:27:00,2023-10-23 12:42:00,0,0.6460618,1,0,Buy
6839,TSLA,2023-10-23 12:47:00,2023-10-23 13:12:00,1,0.74958146,1,1,Buy
2324,TSLA,2023-10-23 19:52:00,2023-10-23 20:22:00,0,0.4343687,0,0,Hold
204,TSLA,2023-10-24 08:30:00,2023-10-24 08:35:00,0,0.0667385,0,0,Sell
7462,TSLA,2023-10-24 17:19:00,2023-10-24 17:45:00,0,0.057072915,0,0,Sell
5691,TSLA,2023-10-25 06:46:00,2023-10-25 07:12:00,1,0.48497003,0,1,Hold
6678,TSLA,2023-10-25 10:52:00,2023-10-25 11:16:00,1,0.92943424,1,1,Buy
5157,TSLA,2023-10-25 12:52:00,2023-10-25 13:11:00,0,0.08890909,0,0,Sell
4842,TSLA,2023-10-26 05:50:00,2023-10-26 06:19:00,1,0.9077244,1,1,Buy
8550,TSLA,2023-10-26 17:15:00,2023-10-26 17:45:00,1,0.94452393,1,1,Buy
3334,TSLA,2023-10-26 20:00:00,2023-10-26 20:28:00,1,0.963784,1,1,Buy
13,TSLA,2023-10-27 10:11:00,2023-10-27 10:21:00,0,0.06377988,0,0,Sell
8383,TSLA,2023-10-27 11:58:00,2023-10-27 12:12:00,0,0.12019912,0,0,Sell
2434,TSLA,2023-10-27 17:24:00,2023-10-27 17:31:00,1,0.9457739,1,1,Buy
6112,TSLA,2023-10-28 18:41:00,2023-10-28 19:05:00,0,0.51491445,1,0,Hold
4129,TSLA,2023-10-29 13:07:00,2023-10-29 13:25:00,0,0.048621155,0,0,Sell
3735,TSLA,2023-10-29 16:55:00,2023-10-29 17:01:00,1,0.12427034,0,1,Sell
4858,TSLA,2023-10-30 03:27:00,2023-10-30 03:47:00,1,0.92944396,1,1,Buy
372,TSLA,2023-10-30 13:48:00,2023-10-30 14:09:00,1,0.47966856,0,1,Hold
8068,TSLA,2023-10-30 14:24:00,2023-10-30 14:36:00,1,0.9553488,1,1,Buy
9257,TSLA,2023-10-31 13:03:00,2023-10-31 13:23:00,1,0.9693964,1,1,Buy
4685,TSLA,2023-11-02 07:57:00,2023-11-02 08:14:00,0,0.9236481,1,0,Buy
4741,TSLA,2023-11-03 10:00:00,2023-11-03 10:10:00,0,0.11715881,0,0,Sell
2019,TSLA,2023-11-03 19:56:00,2023-11-03 20:12:00,1,0.7146568,1,1,Buy
2977,TSLA,2023-11-03 23:49:00,2023-11-04 00:00:00,0,0.0909962,0,0,Sell
6733,TSLA,2023-11-04 10:42:00,2023-11-04 11:12:00,0,0.059153847,0,0,Sell
1968,TSLA,2023-11-04 20:51:00,2023-11-04 21:16:00,1,0.93714625,1,1,Buy
3575,TSLA,2023-11-05 17:49:00,2023-11-05 18:00:00,0,0.07899349,0,0,Sell
7355,TSLA,2023-11-05 20:03:00,2023-11-05 20:21:00,0,0.058306765,0,0,Sell
7621,TSLA,2023-11-05 23:16:00,2023-11-05 23:41:00,0,0.05636165,0,0,Sell
6052,TSLA,2023-11-05 23:18:00,2023-11-05 23:44:00,1,0.9274574,1,1,Buy
4075,TSLA,2023-11-08 09:00:00,2023-11-08 09:22:00,1,0.8940965,1,1,Buy
7399,TSLA,2023-11-09 03:52:00,2023-11-09 04:20:00,0,0.073741786,0,0,Sell
406,TSLA,2023-11-09 09:32:00,2023-11-09 09:52:00,1,0.9320808,1,1,Buy
9651,TSLA,2023-11-09 20:11:00,2023-11-09 20:30:00,0,0.4449331,0,0,Hold
4254,TSLA,2023-11-10 06:11:00,2023-11-10 06:39:00,0,0.06489946,0,0,Sell
5083,TSLA,2023-11-10 06:27:00,2023-11-10 06:54:00,0,0.06511433,0,0,Sell
8487,TSLA,2023-11-11 08:32:00,2023-11-11 08:50:00,1,0.46403483,0,1,Hold
2812,TSLA,2023-11-11 10:52:00,2023-11-11 11:19:00,1,0.9334398,1,1,Buy
8875,TSLA,2023-11-11 19:04:00,2023-11-11 19:18:00,1,0.9052933,1,1,Buy
4986,TSLA,2023-11-11 22:30:00,2023-11-11 22:52:00,0,0.07825876,0,0,Sell
7422,TSLA,2023-11-12 16:33:00,2023-11-12 16:58:00,1,0.9534426,1,1,Buy
3166,TSLA,2023-11-14 03:46:00,2023-11-14 04:16:00,1,0.93876123,1,1,Buy
6321,TSLA,2023-11-14 07:44:00,2023-11-14 08:02:00,1,0.55995363,1,1,Hold
4840,TSLA,2023-11-16 19:47:00,2023-11-16 20:13:00,0,0.09294653,0,0,Sell
8712,TSLA,2023-11-17 03:31:00,2023-11-17 03:44:00,0,0.5563697,1,0,Hold
7750,TSLA,2023-11-17 19:37:00,2023-11-17 19:43:00,1,0.9321005,1,1,Buy
9380,TSLA,2023-11-18 10:27:00,2023-11-18 10:52:00,0,0.07655903,0,0,Sell
4266,TSLA,2023-11-18 13:26:00,2023-11-18 13:52:00,1,0.65268636,1,1,Buy
8529,TSLA,2023-11-18 18:01:00,2023-11-18 18:22:00,0,0.30348468,0,0,Sell
8264,TSLA,2023-11-19 10:42:00,2023-11-19 11:03:00,0,0.46444517,0,0,Hold
8427,TSLA,2023-11-20 06:10:00,2023-11-20 06:32:00,0,0.24498323,0,0,Sell
8083,TSLA,2023-11-20 11:50:00,2023-11-20 12:19:00,0,0.066754624,0,0,Sell
3002,TSLA,2023-11-20 13:36:00,2023-11-20 14:01:00,1,0.924592,1,1,Buy
5944,TSLA,2023-11-21 13:38:00,2023-11-21 14:08:00,1,0.95077264,1,1,Buy
6072,TSLA,2023-11-21 17:09:00,2023-11-21 17:32:00,0,0.93979716,1,0,Buy
7316,TSLA,2023-11-21 23:52:00,2023-11-21 23:58:00,1,0.9626417,1,1,Buy
5557,TSLA,2023-11-22 09:28:00,2023-11-22 09:52:00,1,0.75445753,1,1,Buy
23,TSLA,2023-11-22 15:11:00,2023-11-22 15:24:00,0,0.44656533,0,0,Hold
5783,TSLA,2023-11-22 17:56:00,2023-11-22 18:10:00,1,0.9368588,1,1,Buy
6314,TSLA,2023-11-23 01:27:00,2023-11-23 01:40:00,0,0.9015839,1,0,Buy
701,TSLA,2023-11-23 12:46:00,2023-11-23 13:11:00,1,0.9439757,1,1,Buy
1484,TSLA,2023-11-23 16:40:00,2023-11-23 17:00:00,1,0.08857589,0,1,Sell
5776,TSLA,2023-11-23 23:10:00,2023-11-23 23:27:00,1,0.9593108,1,1,Buy
1087,TSLA,2023-11-24 03:44:00,2023-11-24 04:12:00,1,0.94075584,1,1,Buy
3406,TSLA,2023-11-24 05:32:00,2023-11-24 06:02:00,1,0.77129626,1,1,Buy
7683,TSLA,2023-11-24 15:02:00,2023-11-24 15:13:00,1,0.9396302,1,1,Buy
3290,TSLA,2023-11-24 16:00:00,2023-11-24 16:12:00,0,0.53256595,1,0,Hold
2863,TSLA,2023-11-25 05:40:00,2023-11-25 05:59:00,0,0.05945817,0,0,Sell
1680,TSLA,2023-11-26 06:59:00,2023-11-26 07:28:00,0,0.8887819,1,0,Buy
469,TSLA,2023-11-27 03:10:00,2023-11-27 03:32:00,1,0.43993166,0,1,Hold
7630,TSLA,2023-11-27 05:12:00,2023-11-27 05:18:00,1,0.9230044,1,1,Buy
2260,TSLA,2023-11-29 11:18:00,2023-11-29 11:34:00,1,0.94749874,1,1,Buy
4312,TSLA,2023-11-29 18:40:00,2023-11-29 18:46:00,1,0.35810313,0,1,Sell
5469,TSLA,2023-11-30 00:26:00,2023-11-30 00:50:00,1,0.9055518,1,1,Buy
8615,TSLA,2023-11-30 06:14:00,2023-11-30 06:23:00,1,0.63555485,1,1,Buy
2077,TSLA,2023-12-01 17:18:00,2023-12-01 17:28:00,0,0.40348235,0,0,Hold
6755,TSLA,2023-12-03 08:17:00,2023-12-03 08:42:00,0,0.34286216,0,0,Sell
3835,TSLA,2023-12-03 15:51:00,2023-12-03 16:20:00,1,0.43326417,0,1,Hold
8444,TSLA,2023-12-03 17:51:00,2023-12-03 18:11:00,1,0.74707377,1,1,Buy
2174,TSLA,2023-12-04 03:16:00,2023-12-04 03:25:00,1,0.9144032,1,1,Buy
2642,TSLA,2023-12-04 14:52:00,2023-12-04 15:00:00,0,0.60909486,1,0,Buy
8912,TSLA,2023-12-05 03:15:00,2023-12-05 03:28:00,0,0.5835126,1,0,Hold
7220,TSLA,2023-12-06 12:12:00,2023-12-06 12:37:00,0,0.66151136,1,0,Buy
2122,TSLA,2023-12-07 20:28:00,2023-12-07 20:56:00,1,0.5158606,1,1,Hold
8167,TSLA,2023-12-09 05:21:00,2023-12-09 05:47:00,1,0.9126702,1,1,Buy
6892,TSLA,2023-12-09 05:23:00,2023-12-09 05:47:00,0,0.06924558,0,0,Sell
1206,TSLA,2023-12-09 07:48:00,2023-12-09 07:54:00,0,0.4872711,0,0,Hold
7569,TSLA,2023-12-09 17:21:00,2023-12-09 17:38:00,0,0.056692243,0,0,Sell
6706,TSLA,2023-12-09 17:59:00,2023-12-09 18:29:00,1,0.95535606,1,1,Buy
1041,TSLA,2023-12-10 06:47:00,2023-12-10 07:06:00,1,0.65499365,1,1,Buy
9646,TSLA,2023-12-10 23:16:00,2023-12-10 23:28:00,0,0.0493901,0,0,Sell
3435,TSLA,2023-12-11 00:59:00,2023-12-11 01:20:00,1,0.9201293,1,1,Buy
6689,TSLA,2023-12-11 15:32:00,2023-12-11 15:43:00,1,0.9574254,1,1,Buy
1945,TSLA,2023-12-11 18:48:00,2023-12-11 18:57:00,1,0.93304145,1,1,Buy
3625,TSLA,2023-12-11 23:03:00,2023-12-11 23:23:00,1,0.9432257,1,1,Buy
7821,TSLA,2023-12-12 13:11:00,2023-12-12 13:37:00,1,0.94081855,1,1,Buy
8377,TSLA,2023-12-12 14:01:00,2023-12-12 14:11:00,0,0.12323543,0,0,Sell
8829,TSLA,2023-12-12 23:57:00,2023-12-13 00:12:00,1,0.63990086,1,1,Buy
758,TSLA,2023-12-13 01:51:00,2023-12-13 02:07:00,1,0.5666876,1,1,Hold
7971,TSLA,2023-12-13 07:46:00,2023-12-13 07:52:00,1,0.91779935,1,1,Buy
8510,TSLA,2023-12-13 20:12:00,2023-12-13 20:40:00,0,0.29584613,0,0,Sell
924,TSLA,2023-12-13 22:57:00,2023-12-13 23:21:00,1,0.751699,1,1,Buy
7431,TSLA,2023-12-14 02:47:00,2023-12-14 02:57:00,0,0.083003655,0,0,Sell
7718,TSLA,2023-12-14 07:37:00,2023-12-14 07:49:00,1,0.9330961,1,1,Buy
2616,TSLA,2023-12-14 14:34:00,2023-12-14 14:44:00,1,0.9463412,1,1,Buy
263,TSLA,2023-12-14 14:57:00,2023-12-14 15:12:00,0,0.95075107,1,0,Buy
9835,TSLA,2023-12-15 03:41:00,2023-12-15 04:08:00,1,0.4954783,0,1,Hold
4675,TSLA,2023-12-15 03:46:00,2023-12-15 03:56:00,1,0.93771833,1,1,Buy
3708,TSLA,2023-12-15 15:34:00,2023-12-15 15:39:00,1,0.9571047,1,1,Buy
9116,TSLA,2023-12-16 05:45:00,2023-12-16 06:02:00,1,0.9445223,1,1,Buy
4380,TSLA,2023-12-16 13:27:00,2023-12-16 13:51:00,1,0.95333564,1,1,Buy
4972,TSLA,2023-12-16 14:01:00,2023-12-16 14:09:00,1,0.63658136,1,1,Buy
2479,TSLA,2023-12-16 18:18:00,2023-12-16 18:48:00,1,0.96470815,1,1,Buy
2261,TSLA,2023-12-17 01:52:00,2023-12-17 02:07:00,0,0.8763961,1,0,Buy
6234,TSLA,2023-12-17 03:52:00,2023-12-17 04:04:00,0,0.07203374,0,0,Sell
3648,TSLA,2023-12-17 14:00:00,2023-12-17 14:20:00,1,0.9285684,1,1,Buy
6939,TSLA,2023-12-18 06:53:00,2023-12-18 07:11:00,0,0.08575603,0,0,Sell
8963,TSLA,2023-12-18 19:24:00,2023-12-18 19:34:00,1,0.9306949,1,1,Buy
3580,TSLA,2023-12-21 12:44:00,2023-12-21 12:58:00,0,0.5104782,1,0,Hold
9460,TSLA,2023-12-21 12:53:00,2023-12-21 13:15:00,1,0.8511459,1,1,Buy
1408,TSLA,2023-12-22 05:00:00,2023-12-22 05:24:00,0,0.63512194,1,0,Buy
4016,TSLA,2023-12-22 06:44:00,2023-12-22 07:05:00,1,0.927144,1,1,Buy
9760,TSLA,2023-12-22 08:27:00,2023-12-22 08:48:00,1,0.29363015,0,1,Sell
6174,TSLA,2023-12-22 13:08:00,2023-12-22 13:27:00,0,0.18655486,0,0,Sell
1781,TSLA,2023-12-22 21:29:00,2023-12-22 21:54:00,1,0.9371393,1,1,Buy
7461,TSLA,2023-12-22 22:14:00,2023-12-22 22:42:00,0,0.059495214,0,0,Sell
49,TSLA,2023-12-23 08:59:00,2023-12-23 09:21:00,1,0.37198806,0,1,Sell
4981,TSLA,2023-12-23 10:58:00,2023-12-23 11:12:00,1,0.89459723,1,1,Buy
5096,TSLA,2023-12-23 20:04:00,2023-12-23 20:27:00,0,0.48477498,0,0,Hold
9524,TSLA,2023-12-23 20:24:00,2023-12-23 20:38:00,1,0.9642625,1,1,Buy
7891,TSLA,2023-12-24 03:37:00,2023-12-24 03:59:00,1,0.9474483,1,1,Buy
7197,TSLA,2023-12-24 12:49:00,2023-12-24 13:02:00,1,0.9583142,1,1,Buy
4384,TSLA,2023-12-24 13:21:00,2023-12-24 13:30:00,0,0.10464457,0,0,Sell
6166,TSLA,2023-12-24 16:38:00,2023-12-24 16:53:00,1,0.937228,1,1,Buy
8909,TSLA,2023-12-24 22:57:00,2023-12-24 23:12:00,1,0.95029,1,1,Buy
3714,TSLA,2023-12-25 00:31:00,2023-12-25 00:38:00,0,0.10014422,0,0,Sell
7052,TSLA,2023-12-25 04:30:00,2023-12-25 04:58:00,1,0.91603833,1,1,Buy
8900,TSLA,2023-12-25 13:07:00,2023-12-25 13:29:00,0,0.8921182,1,0,Buy
5354,TSLA,2023-12-25 16:29:00,2023-12-25 16:37:00,1,0.6715215,1,1,Buy
3737,TSLA,2023-12-25 21:07:00,2023-12-25 21:34:00,1,0.94591194,1,1,Buy
8392,TSLA,2023-12-25 23:55:00,2023-12-26 00:14:00,0,0.47837052,0,0,Hold
2360,TSLA,2023-12-26 03:03:00,2023-12-26 03:14:00,1,0.89924836,1,1,Buy
6658,TSLA,2023-12-26 12:33:00,2023-12-26 12:54:00,1,0.9340747,1,1,Buy
8469,TSLA,2023-12-27 15:49:00,2023-12-27 16:09:00,1,0.94510955,1,1,Buy
9565,TSLA,2023-12-28 16:57:00,2023-12-28 17:12:00,1,0.95043623,1,1,Buy
5201,TSLA,2023-12-29 02:57:00,2023-12-29 03:03:00,0,0.09458921,0,0,Sell
4994,TSLA,2023-12-31 01:09:00,2023-12-31 01:32:00,1,0.653943,1,1,Buy
9914,TSLA,2023-12-31 02:59:00,2023-12-31 03:05:00,1,0.9155829,1,1,Buy
9529,TSLA,2023-12-31 07:11:00,2023-12-31 07:18:00,0,0.057342824,0,0,Sell
4211,TSLA,2023-12-31 08:44:00,2023-12-31 09:14:00,0,0.049450345,0,0,Sell
8476,TSLA,2024-01-01 13:51:00,2024-01-01 13:58:00,1,0.49428073,0,1,Hold
